segment,lon (deg),lat (deg),depth (m),slip (m),strike (deg),dip (deg),rake (deg),rupturetime (s),length (m),width (m)
1,174.077200,-41.950640,1562.500000,4.892810,223.340000,70.000000,177.177700,nan,2000.000000,3325.556000
1,174.094300,-41.937980,1562.500000,4.658730,223.340000,70.000000,174.359500,nan,2000.000000,3325.556000
1,174.111400,-41.925320,1562.500000,3.950590,223.340000,70.000000,168.752800,nan,2000.000000,3325.556000
1,174.128500,-41.912660,1562.500000,3.561020,223.340000,70.000000,160.610800,nan,2000.000000,3325.556000
1,174.145600,-41.900000,1562.500000,3.143060,223.340000,70.000000,155.024400,nan,2000.000000,3325.556000
1,174.162700,-41.887340,1562.500000,2.954480,223.340000,70.000000,156.236800,nan,2000.000000,3325.556000
1,174.179800,-41.874680,1562.500000,3.268900,223.340000,70.000000,167.791000,nan,2000.000000,3325.556000
1,174.196900,-41.862020,1562.500000,2.903730,223.340000,70.000000,169.359000,nan,2000.000000,3325.556000
1,174.214000,-41.849360,1562.500000,2.898010,223.340000,70.000000,173.953500,nan,2000.000000,3325.556000
1,174.231100,-41.836700,1562.500000,3.150760,223.340000,70.000000,178.630300,nan,2000.000000,3325.556000
1,174.248200,-41.824040,1562.500000,3.387560,223.340000,70.000000,170.953400,nan,2000.000000,3325.556000
1,174.265300,-41.811380,1562.500000,3.251970,223.340000,70.000000,168.757300,nan,2000.000000,3325.556000
1,174.282400,-41.798720,1562.500000,2.750510,223.340000,70.000000,170.700900,nan,2000.000000,3325.556000
1,174.299500,-41.786060,1562.500000,3.094480,223.340000,70.000000,173.038700,nan,2000.000000,3325.556000
1,174.316600,-41.773400,1562.500000,3.371130,223.340000,70.000000,179.462900,nan,2000.000000,3325.556000
1,174.333700,-41.760740,1562.500000,3.919070,223.340000,70.000000,180.000000,nan,2000.000000,3325.556000
1,174.350800,-41.748080,1562.500000,4.178420,223.340000,70.000000,180.000000,nan,2000.000000,3325.556000
1,174.367900,-41.735420,1562.500000,3.944850,223.340000,70.000000,180.000000,nan,2000.000000,3325.556000
1,174.385000,-41.722760,1562.500000,3.047830,223.340000,70.000000,180.000000,nan,2000.000000,3325.556000
1,174.402100,-41.710100,1562.500000,1.652520,223.340000,70.000000,180.000000,nan,2000.000000,3325.556000
1,174.067500,-41.943360,4687.500000,5.872790,223.340000,70.000000,172.964100,nan,2000.000000,3325.556000
1,174.084600,-41.930700,4687.500000,5.452930,223.340000,70.000000,170.475300,nan,2000.000000,3325.556000
1,174.101700,-41.918040,4687.500000,4.899930,223.340000,70.000000,167.633900,nan,2000.000000,3325.556000
1,174.118800,-41.905380,4687.500000,4.425270,223.340000,70.000000,164.973800,nan,2000.000000,3325.556000
1,174.135900,-41.892720,4687.500000,4.058310,223.340000,70.000000,163.194800,nan,2000.000000,3325.556000
1,174.153000,-41.880060,4687.500000,3.798170,223.340000,70.000000,162.635100,nan,2000.000000,3325.556000
1,174.170100,-41.867400,4687.500000,3.578240,223.340000,70.000000,162.892400,nan,2000.000000,3325.556000
1,174.187200,-41.854740,4687.500000,3.155940,223.340000,70.000000,161.929400,nan,2000.000000,3325.556000
1,174.204300,-41.842080,4687.500000,2.751090,223.340000,70.000000,162.353700,nan,2000.000000,3325.556000
1,174.221400,-41.829420,4687.500000,2.605220,223.340000,70.000000,164.857000,nan,2000.000000,3325.556000
1,174.238500,-41.816760,4687.500000,2.741330,223.340000,70.000000,165.543700,nan,2000.000000,3325.556000
1,174.255600,-41.804100,4687.500000,2.783340,223.340000,70.000000,164.196400,nan,2000.000000,3325.556000
1,174.272700,-41.791440,4687.500000,2.443150,223.340000,70.000000,160.894200,nan,2000.000000,3325.556000
1,174.289800,-41.778780,4687.500000,1.865940,223.340000,70.000000,157.277700,nan,2000.000000,3325.556000
1,174.306900,-41.766120,4687.500000,1.397980,223.340000,70.000000,160.669300,nan,2000.000000,3325.556000
1,174.324000,-41.753460,4687.500000,1.360760,223.340000,70.000000,171.133900,nan,2000.000000,3325.556000
1,174.341100,-41.740800,4687.500000,1.491960,223.340000,70.000000,178.027400,nan,2000.000000,3325.556000
1,174.358200,-41.728140,4687.500000,1.471000,223.340000,70.000000,180.000000,nan,2000.000000,3325.556000
1,174.375300,-41.715480,4687.500000,1.169010,223.340000,70.000000,180.000000,nan,2000.000000,3325.556000
1,174.392400,-41.702820,4687.500000,0.638580,223.340000,70.000000,180.000000,nan,2000.000000,3325.556000
1,174.057800,-41.936080,7812.500000,10.400200,223.340000,70.000000,170.793500,nan,2000.000000,3325.556000
1,174.074900,-41.923420,7812.500000,9.312950,223.340000,70.000000,169.581600,nan,2000.000000,3325.556000
1,174.092000,-41.910760,7812.500000,8.309220,223.340000,70.000000,168.544700,nan,2000.000000,3325.556000
1,174.109100,-41.898100,7812.500000,7.471670,223.340000,70.000000,167.674100,nan,2000.000000,3325.556000
1,174.126200,-41.885440,7812.500000,6.792980,223.340000,70.000000,166.759500,nan,2000.000000,3325.556000
1,174.143300,-41.872780,7812.500000,6.188880,223.340000,70.000000,165.440400,nan,2000.000000,3325.556000
1,174.160400,-41.860120,7812.500000,5.546630,223.340000,70.000000,163.349900,nan,2000.000000,3325.556000
1,174.177500,-41.847460,7812.500000,4.802910,223.340000,70.000000,160.314500,nan,2000.000000,3325.556000
1,174.194600,-41.834800,7812.500000,4.133420,223.340000,70.000000,157.298100,nan,2000.000000,3325.556000
1,174.211700,-41.822140,7812.500000,3.754290,223.340000,70.000000,155.294400,nan,2000.000000,3325.556000
1,174.228800,-41.809480,7812.500000,3.646670,223.340000,70.000000,153.293500,nan,2000.000000,3325.556000
1,174.245900,-41.796820,7812.500000,3.458390,223.340000,70.000000,148.856100,nan,2000.000000,3325.556000
1,174.263000,-41.784160,7812.500000,2.879030,223.340000,70.000000,139.354500,nan,2000.000000,3325.556000
1,174.280100,-41.771500,7812.500000,2.042360,223.340000,70.000000,122.398200,nan,2000.000000,3325.556000
1,174.297200,-41.758840,7812.500000,1.322810,223.340000,70.000000,101.325600,nan,2000.000000,3325.556000
1,174.314300,-41.746180,7812.500000,0.767950,223.340000,70.000000,90.000000,nan,2000.000000,3325.556000
1,174.331400,-41.733520,7812.500000,0.338380,223.340000,70.000000,101.362100,nan,2000.000000,3325.556000
1,174.348500,-41.720860,7812.500000,0.197800,223.340000,70.000000,155.596700,nan,2000.000000,3325.556000
1,174.365600,-41.708200,7812.500000,0.189940,223.340000,70.000000,180.000000,nan,2000.000000,3325.556000
1,174.382700,-41.695540,7812.500000,0.103690,223.340000,70.000000,180.000000,nan,2000.000000,3325.556000
1,174.048100,-41.928800,10937.500000,11.543760,223.340000,70.000000,167.018900,nan,2000.000000,3325.556000
1,174.065200,-41.916140,10937.500000,9.911210,223.340000,70.000000,166.978900,nan,2000.000000,3325.556000
1,174.082300,-41.903480,10937.500000,8.559260,223.340000,70.000000,167.406800,nan,2000.000000,3325.556000
1,174.099400,-41.890820,10937.500000,7.478810,223.340000,70.000000,167.919900,nan,2000.000000,3325.556000
1,174.116500,-41.878160,10937.500000,6.603730,223.340000,70.000000,167.861400,nan,2000.000000,3325.556000
1,174.133600,-41.865500,10937.500000,5.824460,223.340000,70.000000,166.516800,nan,2000.000000,3325.556000
1,174.150700,-41.852840,10937.500000,5.057940,223.340000,70.000000,163.334200,nan,2000.000000,3325.556000
1,174.167800,-41.840180,10937.500000,4.316750,223.340000,70.000000,158.043000,nan,2000.000000,3325.556000
1,174.184900,-41.827520,10937.500000,3.725190,223.340000,70.000000,151.026500,nan,2000.000000,3325.556000
1,174.202000,-41.814860,10937.500000,3.385550,223.340000,70.000000,143.369800,nan,2000.000000,3325.556000
1,174.219100,-41.802200,10937.500000,3.239680,223.340000,70.000000,135.511400,nan,2000.000000,3325.556000
1,174.236200,-41.789540,10937.500000,3.096550,223.340000,70.000000,126.057800,nan,2000.000000,3325.556000
1,174.253300,-41.776880,10937.500000,2.822540,223.340000,70.000000,113.423300,nan,2000.000000,3325.556000
1,174.270400,-41.764220,10937.500000,2.431690,223.340000,70.000000,99.285490,nan,2000.000000,3325.556000
1,174.287500,-41.751560,10937.500000,1.918100,223.340000,70.000000,90.000000,nan,2000.000000,3325.556000
1,174.304600,-41.738900,10937.500000,1.281870,223.340000,70.000000,90.000000,nan,2000.000000,3325.556000
1,174.321700,-41.726240,10937.500000,0.683150,223.340000,70.000000,90.000000,nan,2000.000000,3325.556000
1,174.338800,-41.713580,10937.500000,0.260600,223.340000,70.000000,90.000000,nan,2000.000000,3325.556000
1,174.355900,-41.700920,10937.500000,0.052620,223.340000,70.000000,90.000000,nan,2000.000000,3325.556000
1,174.373000,-41.688260,10937.500000,0.000000,223.340000,70.000000,180.000000,nan,2000.000000,3325.556000
1,174.038400,-41.921520,14062.500000,7.281730,223.340000,70.000000,158.653700,nan,2000.000000,3325.556000
1,174.055500,-41.908860,14062.500000,5.809260,223.340000,70.000000,159.426100,nan,2000.000000,3325.556000
1,174.072600,-41.896200,14062.500000,4.663370,223.340000,70.000000,161.489400,nan,2000.000000,3325.556000
1,174.089700,-41.883540,14062.500000,3.795220,223.340000,70.000000,164.138000,nan,2000.000000,3325.556000
1,174.106800,-41.870880,14062.500000,3.132470,223.340000,70.000000,165.968500,nan,2000.000000,3325.556000
1,174.123900,-41.858220,14062.500000,2.590320,223.340000,70.000000,165.247000,nan,2000.000000,3325.556000
1,174.141000,-41.845560,14062.500000,2.122760,223.340000,70.000000,160.322100,nan,2000.000000,3325.556000
1,174.158100,-41.832900,14062.500000,1.761370,223.340000,70.000000,149.961500,nan,2000.000000,3325.556000
1,174.175200,-41.820240,14062.500000,1.588570,223.340000,70.000000,135.207600,nan,2000.000000,3325.556000
1,174.192300,-41.807580,14062.500000,1.623660,223.340000,70.000000,120.814100,nan,2000.000000,3325.556000
1,174.209400,-41.794920,14062.500000,1.773460,223.340000,70.000000,109.642700,nan,2000.000000,3325.556000
1,174.226500,-41.782260,14062.500000,1.920530,223.340000,70.000000,100.928800,nan,2000.000000,3325.556000
1,174.243600,-41.769600,14062.500000,1.964230,223.340000,70.000000,93.940210,nan,2000.000000,3325.556000
1,174.260700,-41.756940,14062.500000,1.828550,223.340000,70.000000,90.000000,nan,2000.000000,3325.556000
1,174.277800,-41.744280,14062.500000,1.495230,223.340000,70.000000,90.000000,nan,2000.000000,3325.556000
1,174.294900,-41.731620,14062.500000,1.041460,223.340000,70.000000,90.000000,nan,2000.000000,3325.556000
1,174.312000,-41.718960,14062.500000,0.589760,223.340000,70.000000,90.000000,nan,2000.000000,3325.556000
1,174.329100,-41.706300,14062.500000,0.246370,223.340000,70.000000,90.000000,nan,2000.000000,3325.556000
1,174.346200,-41.693640,14062.500000,0.059460,223.340000,70.000000,90.000000,nan,2000.000000,3325.556000
1,174.363300,-41.680980,14062.500000,0.000000,223.340000,70.000000,180.000000,nan,2000.000000,3325.556000
1,174.028700,-41.914240,17187.500000,3.542850,223.340000,70.000000,138.246600,nan,2000.000000,3325.556000
1,174.045800,-41.901580,17187.500000,2.460330,223.340000,70.000000,136.998200,nan,2000.000000,3325.556000
1,174.062900,-41.888920,17187.500000,1.651120,223.340000,70.000000,139.252700,nan,2000.000000,3325.556000
1,174.080000,-41.876260,17187.500000,1.073020,223.340000,70.000000,145.171200,nan,2000.000000,3325.556000
1,174.097100,-41.863600,17187.500000,0.686250,223.340000,70.000000,152.691700,nan,2000.000000,3325.556000
1,174.114200,-41.850940,17187.500000,0.433300,223.340000,70.000000,154.863300,nan,2000.000000,3325.556000
1,174.131300,-41.838280,17187.500000,0.282990,223.340000,70.000000,137.814400,nan,2000.000000,3325.556000
1,174.148400,-41.825620,17187.500000,0.297200,223.340000,70.000000,103.783200,nan,2000.000000,3325.556000
1,174.165500,-41.812960,17187.500000,0.453280,223.340000,70.000000,90.000000,nan,2000.000000,3325.556000
1,174.182600,-41.800300,17187.500000,0.654140,223.340000,70.000000,90.000000,nan,2000.000000,3325.556000
1,174.199700,-41.787640,17187.500000,0.853680,223.340000,70.000000,90.000000,nan,2000.000000,3325.556000
1,174.216800,-41.774980,17187.500000,1.005680,223.340000,70.000000,90.000000,nan,2000.000000,3325.556000
1,174.233900,-41.762320,17187.500000,1.062890,223.340000,70.000000,90.000000,nan,2000.000000,3325.556000
1,174.251000,-41.749660,17187.500000,0.995370,223.340000,70.000000,90.000000,nan,2000.000000,3325.556000
1,174.268100,-41.737000,17187.500000,0.809800,223.340000,70.000000,90.000000,nan,2000.000000,3325.556000
1,174.285200,-41.724340,17187.500000,0.553450,223.340000,70.000000,90.000000,nan,2000.000000,3325.556000
1,174.302300,-41.711680,17187.500000,0.297200,223.340000,70.000000,90.000000,nan,2000.000000,3325.556000
1,174.319400,-41.699020,17187.500000,0.106890,223.340000,70.000000,90.000000,nan,2000.000000,3325.556000
1,174.336500,-41.686360,17187.500000,0.014860,223.340000,70.000000,90.000000,nan,2000.000000,3325.556000
1,174.353600,-41.673700,17187.500000,0.000000,223.340000,70.000000,180.000000,nan,2000.000000,3325.556000
1,174.019000,-41.906960,20312.500000,1.763210,223.340000,70.000000,100.607300,nan,2000.000000,3325.556000
1,174.036100,-41.894300,20312.500000,1.155860,223.340000,70.000000,92.891450,nan,2000.000000,3325.556000
1,174.053200,-41.881640,20312.500000,0.665230,223.340000,70.000000,90.000000,nan,2000.000000,3325.556000
1,174.070300,-41.868980,20312.500000,0.302740,223.340000,70.000000,90.000000,nan,2000.000000,3325.556000
1,174.087400,-41.856320,20312.500000,0.084660,223.340000,70.000000,90.000000,nan,2000.000000,3325.556000
1,174.104500,-41.843660,20312.500000,0.000000,223.340000,70.000000,180.000000,nan,2000.000000,3325.556000
1,174.121600,-41.831000,20312.500000,0.000000,223.340000,70.000000,180.000000,nan,2000.000000,3325.556000
1,174.138700,-41.818340,20312.500000,0.016620,223.340000,70.000000,90.000000,nan,2000.000000,3325.556000
1,174.155800,-41.805680,20312.500000,0.070740,223.340000,70.000000,90.000000,nan,2000.000000,3325.556000
1,174.172900,-41.793020,20312.500000,0.151480,223.340000,70.000000,90.000000,nan,2000.000000,3325.556000
1,174.190000,-41.780360,20312.500000,0.237930,223.340000,70.000000,90.000000,nan,2000.000000,3325.556000
1,174.207100,-41.767700,20312.500000,0.306580,223.340000,70.000000,90.000000,nan,2000.000000,3325.556000
1,174.224200,-41.755040,20312.500000,0.335830,223.340000,70.000000,90.000000,nan,2000.000000,3325.556000
1,174.241300,-41.742380,20312.500000,0.312890,223.340000,70.000000,90.000000,nan,2000.000000,3325.556000
1,174.258400,-41.729720,20312.500000,0.242380,223.340000,70.000000,90.000000,nan,2000.000000,3325.556000
1,174.275500,-41.717060,20312.500000,0.146570,223.340000,70.000000,90.000000,nan,2000.000000,3325.556000
1,174.292600,-41.704400,20312.500000,0.057170,223.340000,70.000000,90.000000,nan,2000.000000,3325.556000
1,174.309700,-41.691740,20312.500000,0.004760,223.340000,70.000000,90.000000,nan,2000.000000,3325.556000
1,174.326800,-41.679080,20312.500000,0.000000,223.340000,70.000000,180.000000,nan,2000.000000,3325.556000
1,174.343900,-41.666420,20312.500000,0.000000,223.340000,70.000000,180.000000,nan,2000.000000,3325.556000
1,174.009300,-41.899680,23437.500000,0.893730,223.340000,70.000000,90.000000,nan,2000.000000,3325.556000
1,174.026400,-41.887020,23437.500000,0.560060,223.340000,70.000000,90.000000,nan,2000.000000,3325.556000
1,174.043500,-41.874360,23437.500000,0.290750,223.340000,70.000000,90.000000,nan,2000.000000,3325.556000
1,174.060600,-41.861700,23437.500000,0.105450,223.340000,70.000000,90.000000,nan,2000.000000,3325.556000
1,174.077700,-41.849040,23437.500000,0.013080,223.340000,70.000000,90.000000,nan,2000.000000,3325.556000
1,174.094800,-41.836380,23437.500000,0.000000,223.340000,70.000000,180.000000,nan,2000.000000,3325.556000
1,174.111900,-41.823720,23437.500000,0.000000,223.340000,70.000000,180.000000,nan,2000.000000,3325.556000
1,174.129000,-41.811060,23437.500000,0.000000,223.340000,70.000000,180.000000,nan,2000.000000,3325.556000
1,174.146100,-41.798400,23437.500000,0.000000,223.340000,70.000000,180.000000,nan,2000.000000,3325.556000
1,174.163200,-41.785740,23437.500000,0.000000,223.340000,70.000000,180.000000,nan,2000.000000,3325.556000
1,174.180300,-41.773080,23437.500000,0.000000,223.340000,70.000000,180.000000,nan,2000.000000,3325.556000
1,174.197400,-41.760420,23437.500000,0.001430,223.340000,70.000000,90.000000,nan,2000.000000,3325.556000
1,174.214500,-41.747760,23437.500000,0.003800,223.340000,70.000000,90.000000,nan,2000.000000,3325.556000
1,174.231600,-41.735100,23437.500000,0.002720,223.340000,70.000000,90.000000,nan,2000.000000,3325.556000
1,174.248700,-41.722440,23437.500000,0.000000,223.340000,70.000000,180.000000,nan,2000.000000,3325.556000
1,174.265800,-41.709780,23437.500000,0.000000,223.340000,70.000000,180.000000,nan,2000.000000,3325.556000
1,174.282900,-41.697120,23437.500000,0.000000,223.340000,70.000000,180.000000,nan,2000.000000,3325.556000
1,174.300000,-41.684460,23437.500000,0.000000,223.340000,70.000000,180.000000,nan,2000.000000,3325.556000
1,174.317100,-41.671800,23437.500000,0.000000,223.340000,70.000000,180.000000,nan,2000.000000,3325.556000
1,174.334200,-41.659140,23437.500000,0.000000,223.340000,70.000000,180.000000,nan,2000.000000,3325.556000
2,173.988400,-41.973250,1562.500000,2.713860,255.793200,70.000000,180.000000,nan,2025.000000,3325.556000
2,174.012200,-41.969400,1562.500000,2.765250,255.793200,70.000000,180.000000,nan,2025.000000,3325.556000
2,174.036000,-41.965550,1562.500000,3.228550,255.793200,70.000000,180.000000,nan,2025.000000,3325.556000
2,174.059800,-41.961700,1562.500000,4.097020,255.793200,70.000000,179.554800,nan,2025.000000,3325.556000
2,173.985500,-41.963250,4687.500000,7.294510,255.793200,70.000000,179.773200,nan,2025.000000,3325.556000
2,174.009300,-41.959400,4687.500000,6.851150,255.793200,70.000000,178.778800,nan,2025.000000,3325.556000
2,174.033100,-41.955550,4687.500000,6.381610,255.793200,70.000000,177.057100,nan,2025.000000,3325.556000
2,174.056900,-41.951700,4687.500000,6.081330,255.793200,70.000000,175.080300,nan,2025.000000,3325.556000
2,173.982600,-41.953250,7812.500000,16.416820,255.793200,70.000000,176.688800,nan,2025.000000,3325.556000
2,174.006400,-41.949400,7812.500000,14.895280,255.793200,70.000000,175.560300,nan,2025.000000,3325.556000
2,174.030200,-41.945550,7812.500000,13.112980,255.793200,70.000000,173.899600,nan,2025.000000,3325.556000
2,174.054000,-41.941700,7812.500000,11.570290,255.793200,70.000000,172.186800,nan,2025.000000,3325.556000
2,173.979700,-41.943250,10937.500000,21.926980,255.793200,70.000000,172.270100,nan,2025.000000,3325.556000
2,174.003500,-41.939400,10937.500000,19.142800,255.793200,70.000000,170.891700,nan,2025.000000,3325.556000
2,174.027300,-41.935550,10937.500000,16.129960,255.793200,70.000000,169.170500,nan,2025.000000,3325.556000
2,174.051100,-41.931700,10937.500000,13.520380,255.793200,70.000000,167.699500,nan,2025.000000,3325.556000
2,173.976800,-41.933250,14062.500000,17.862170,255.793200,70.000000,166.431500,nan,2025.000000,3325.556000
2,174.000600,-41.929400,14062.500000,14.783170,255.793200,70.000000,164.206900,nan,2025.000000,3325.556000
2,174.024400,-41.925550,14062.500000,11.727890,255.793200,70.000000,161.563000,nan,2025.000000,3325.556000
2,174.048200,-41.921700,14062.500000,9.175420,255.793200,70.000000,159.358600,nan,2025.000000,3325.556000
2,173.973900,-41.923250,17187.500000,12.526670,255.793200,70.000000,158.717700,nan,2025.000000,3325.556000
2,173.997700,-41.919400,17187.500000,9.640850,255.793200,70.000000,154.233100,nan,2025.000000,3325.556000
2,174.021500,-41.915550,17187.500000,7.030760,255.793200,70.000000,148.354100,nan,2025.000000,3325.556000
2,174.045300,-41.911700,17187.500000,4.992490,255.793200,70.000000,142.235500,nan,2025.000000,3325.556000
2,173.971000,-41.913250,20312.500000,7.610360,255.793200,70.000000,149.026500,nan,2025.000000,3325.556000
2,173.994800,-41.909400,20312.500000,5.398570,255.793200,70.000000,139.882900,nan,2025.000000,3325.556000
2,174.018600,-41.905550,20312.500000,3.679170,255.793200,70.000000,126.627000,nan,2025.000000,3325.556000
2,174.042400,-41.901700,20312.500000,2.534090,255.793200,70.000000,111.687900,nan,2025.000000,3325.556000
2,173.968100,-41.903250,23437.500000,3.722730,255.793200,70.000000,139.766500,nan,2025.000000,3325.556000
2,173.991900,-41.899400,23437.500000,2.451870,255.793200,70.000000,124.589100,nan,2025.000000,3325.556000
2,174.015700,-41.895550,23437.500000,1.701760,255.793200,70.000000,104.490300,nan,2025.000000,3325.556000
2,174.039500,-41.891700,23437.500000,1.268080,255.793200,70.000000,90.000000,nan,2025.000000,3325.556000
3,173.889400,-42.026970,1250.000000,3.817880,230.013100,60.000000,162.549400,nan,1916.797000,2886.751000
3,173.907700,-42.016370,1250.000000,4.056740,230.013100,60.000000,172.721900,nan,1916.797000,2886.751000
3,173.926000,-42.005770,1250.000000,3.925300,230.013100,60.000000,178.163000,nan,1916.797000,2886.751000
3,173.944300,-41.995170,1250.000000,3.533960,230.013100,60.000000,180.000000,nan,1916.797000,2886.751000
3,173.962600,-41.984570,1250.000000,3.082900,230.013100,60.000000,180.000000,nan,1916.797000,2886.751000
3,173.878700,-42.016710,3750.000000,5.848990,230.013100,60.000000,165.427000,nan,1916.797000,2886.751000
3,173.897000,-42.006110,3750.000000,6.476020,230.013100,60.000000,171.556400,nan,1916.797000,2886.751000
3,173.915300,-41.995510,3750.000000,6.863010,230.013100,60.000000,175.692300,nan,1916.797000,2886.751000
3,173.933600,-41.984910,3750.000000,7.070240,230.013100,60.000000,178.276300,nan,1916.797000,2886.751000
3,173.951900,-41.974310,3750.000000,7.117460,230.013100,60.000000,179.555100,nan,1916.797000,2886.751000
3,173.868000,-42.006450,6250.000000,10.767760,230.013100,60.000000,166.205100,nan,1916.797000,2886.751000
3,173.886300,-41.995850,6250.000000,12.004910,230.013100,60.000000,170.563300,nan,1916.797000,2886.751000
3,173.904600,-41.985250,6250.000000,12.868260,230.013100,60.000000,173.762600,nan,1916.797000,2886.751000
3,173.922900,-41.974650,6250.000000,13.367430,230.013100,60.000000,175.885000,nan,1916.797000,2886.751000
3,173.941200,-41.964050,6250.000000,13.422520,230.013100,60.000000,176.854200,nan,1916.797000,2886.751000
3,173.857300,-41.996190,8750.000000,16.773900,230.013100,60.000000,164.937400,nan,1916.797000,2886.751000
3,173.875600,-41.985590,8750.000000,18.530940,230.013100,60.000000,168.271700,nan,1916.797000,2886.751000
3,173.893900,-41.974990,8750.000000,19.630870,230.013100,60.000000,170.737000,nan,1916.797000,2886.751000
3,173.912200,-41.964390,8750.000000,19.998460,230.013100,60.000000,172.309600,nan,1916.797000,2886.751000
3,173.930500,-41.953790,8750.000000,19.515560,230.013100,60.000000,172.850200,nan,1916.797000,2886.751000
3,173.846600,-41.985930,11250.000000,19.329050,230.013100,60.000000,162.295300,nan,1916.797000,2886.751000
3,173.864900,-41.975330,11250.000000,20.985180,230.013100,60.000000,164.935800,nan,1916.797000,2886.751000
3,173.883200,-41.964730,11250.000000,21.761260,230.013100,60.000000,166.793100,nan,1916.797000,2886.751000
3,173.901500,-41.954130,11250.000000,21.535370,230.013100,60.000000,167.793300,nan,1916.797000,2886.751000
3,173.919800,-41.943530,11250.000000,20.231610,230.013100,60.000000,167.751600,nan,1916.797000,2886.751000
3,173.835900,-41.975670,13750.000000,16.410750,230.013100,60.000000,158.628400,nan,1916.797000,2886.751000
3,173.854200,-41.965070,13750.000000,17.415530,230.013100,60.000000,160.763100,nan,1916.797000,2886.751000
3,173.872500,-41.954470,13750.000000,17.581330,230.013100,60.000000,162.086800,nan,1916.797000,2886.751000
3,173.890800,-41.943870,13750.000000,16.808200,230.013100,60.000000,162.449900,nan,1916.797000,2886.751000
3,173.909100,-41.933270,13750.000000,15.090890,230.013100,60.000000,161.531400,nan,1916.797000,2886.751000
3,173.825200,-41.965410,16250.000000,12.531490,230.013100,60.000000,154.077400,nan,1916.797000,2886.751000
3,173.843500,-41.954810,16250.000000,12.936660,230.013100,60.000000,155.866200,nan,1916.797000,2886.751000
3,173.861800,-41.944210,16250.000000,12.652870,230.013100,60.000000,156.761100,nan,1916.797000,2886.751000
3,173.880100,-41.933610,16250.000000,11.619040,230.013100,60.000000,156.485700,nan,1916.797000,2886.751000
3,173.898400,-41.923010,16250.000000,9.882870,230.013100,60.000000,154.416200,nan,1916.797000,2886.751000
3,173.814500,-41.955150,18750.000000,8.555550,230.013100,60.000000,148.668600,nan,1916.797000,2886.751000
3,173.832800,-41.944550,18750.000000,8.533160,230.013100,60.000000,150.353800,nan,1916.797000,2886.751000
3,173.851100,-41.933950,18750.000000,8.019500,230.013100,60.000000,151.155200,nan,1916.797000,2886.751000
3,173.869400,-41.923350,18750.000000,6.973550,230.013100,60.000000,150.749500,nan,1916.797000,2886.751000
3,173.887700,-41.912750,18750.000000,5.454590,230.013100,60.000000,148.178500,nan,1916.797000,2886.751000
3,173.803800,-41.944890,21250.000000,5.080580,230.013100,60.000000,142.388600,nan,1916.797000,2886.751000
3,173.822100,-41.934290,21250.000000,4.831330,230.013100,60.000000,144.346100,nan,1916.797000,2886.751000
3,173.840400,-41.923690,21250.000000,4.272090,230.013100,60.000000,145.833100,nan,1916.797000,2886.751000
3,173.858700,-41.913090,21250.000000,3.306930,230.013100,60.000000,147.501900,nan,1916.797000,2886.751000
3,173.877000,-41.902490,21250.000000,1.788410,230.013100,60.000000,153.598600,nan,1916.797000,2886.751000
3,173.793100,-41.934630,23750.000000,2.347620,230.013100,60.000000,135.555700,nan,1916.797000,2886.751000
3,173.811400,-41.924030,23750.000000,2.090600,230.013100,60.000000,137.884700,nan,1916.797000,2886.751000
3,173.829700,-41.913430,23750.000000,1.739320,230.013100,60.000000,139.790900,nan,1916.797000,2886.751000
3,173.848000,-41.902830,23750.000000,1.234460,230.013100,60.000000,142.446100,nan,1916.797000,2886.751000
3,173.866300,-41.892230,23750.000000,0.554080,230.013100,60.000000,153.374800,nan,1916.797000,2886.751000
4,173.667300,-42.227610,961.540000,4.145550,216.964300,55.000000,180.000000,nan,1917.123000,2347.644000
4,173.682000,-42.214250,961.540000,6.315760,216.964300,55.000000,180.000000,nan,1917.123000,2347.644000
4,173.696700,-42.200890,961.540000,8.916860,216.964300,55.000000,180.000000,nan,1917.123000,2347.644000
4,173.711400,-42.187530,961.540000,11.114120,216.964300,55.000000,178.489200,nan,1917.123000,2347.644000
4,173.726100,-42.174170,961.540000,12.340800,216.964300,55.000000,174.902400,nan,1917.123000,2347.644000
4,173.740800,-42.160810,961.540000,12.481120,216.964300,55.000000,168.908600,nan,1917.123000,2347.644000
4,173.755500,-42.147450,961.540000,11.742850,216.964300,55.000000,159.760900,nan,1917.123000,2347.644000
4,173.770200,-42.134090,961.540000,10.631270,216.964300,55.000000,146.605200,nan,1917.123000,2347.644000
4,173.784900,-42.120730,961.540000,9.792090,216.964300,55.000000,130.082500,nan,1917.123000,2347.644000
4,173.799600,-42.107370,961.540000,9.524710,216.964300,55.000000,113.828500,nan,1917.123000,2347.644000
4,173.814300,-42.094010,961.540000,9.534720,216.964300,55.000000,102.576100,nan,1917.123000,2347.644000
4,173.829000,-42.080650,961.540000,9.277070,216.964300,55.000000,99.564720,nan,1917.123000,2347.644000
4,173.843700,-42.067290,961.540000,3.433300,216.964300,55.000000,106.492700,nan,1917.123000,2347.644000
4,173.858400,-42.053930,961.540000,3.219720,216.964300,55.000000,123.824300,nan,1917.123000,2347.644000
4,173.873100,-42.040570,961.540000,3.389570,216.964300,55.000000,145.642400,nan,1917.123000,2347.644000
4,173.654700,-42.219950,2884.620000,3.955740,216.964300,55.000000,180.000000,nan,1917.123000,2347.644000
4,173.669400,-42.206590,2884.620000,5.370730,216.964300,55.000000,179.886800,nan,1917.123000,2347.644000
4,173.684100,-42.193230,2884.620000,6.892200,216.964300,55.000000,178.607700,nan,1917.123000,2347.644000
4,173.698800,-42.179870,2884.620000,8.170750,216.964300,55.000000,175.911200,nan,1917.123000,2347.644000
4,173.713500,-42.166510,2884.620000,8.952300,216.964300,55.000000,171.495500,nan,1917.123000,2347.644000
4,173.728200,-42.153150,2884.620000,9.187960,216.964300,55.000000,165.034200,nan,1917.123000,2347.644000
4,173.742900,-42.139790,2884.620000,9.027500,216.964300,55.000000,156.247300,nan,1917.123000,2347.644000
4,173.757600,-42.126430,2884.620000,8.750680,216.964300,55.000000,145.408500,nan,1917.123000,2347.644000
4,173.772300,-42.113070,2884.620000,8.631700,216.964300,55.000000,134.172400,nan,1917.123000,2347.644000
4,173.787000,-42.099710,2884.620000,8.754470,216.964300,55.000000,125.417100,nan,1917.123000,2347.644000
4,173.801700,-42.086350,2884.620000,9.002460,216.964300,55.000000,121.636800,nan,1917.123000,2347.644000
4,173.816400,-42.072990,2884.620000,9.294880,216.964300,55.000000,124.124500,nan,1917.123000,2347.644000
4,173.831100,-42.059630,2884.620000,3.921460,216.964300,55.000000,132.672900,nan,1917.123000,2347.644000
4,173.845800,-42.046270,2884.620000,4.346840,216.964300,55.000000,144.728500,nan,1917.123000,2347.644000
4,173.860500,-42.032910,2884.620000,5.034880,216.964300,55.000000,156.405100,nan,1917.123000,2347.644000
4,173.642100,-42.212290,4807.690000,3.502090,216.964300,55.000000,180.000000,nan,1917.123000,2347.644000
4,173.656800,-42.198930,4807.690000,4.424550,216.964300,55.000000,179.554200,nan,1917.123000,2347.644000
4,173.671500,-42.185570,4807.690000,5.336380,216.964300,55.000000,177.537300,nan,1917.123000,2347.644000
4,173.686200,-42.172210,4807.690000,6.089860,216.964300,55.000000,173.894900,nan,1917.123000,2347.644000
4,173.700900,-42.158850,4807.690000,6.593590,216.964300,55.000000,168.539200,nan,1917.123000,2347.644000
4,173.715600,-42.145490,4807.690000,6.866990,216.964300,55.000000,161.402000,nan,1917.123000,2347.644000
4,173.730300,-42.132130,4807.690000,7.038460,216.964300,55.000000,152.782700,nan,1917.123000,2347.644000
4,173.745000,-42.118770,4807.690000,7.272590,216.964300,55.000000,143.781300,nan,1917.123000,2347.644000
4,173.759700,-42.105410,4807.690000,7.682050,216.964300,55.000000,136.336200,nan,1917.123000,2347.644000
4,173.774400,-42.092050,4807.690000,8.293780,216.964300,55.000000,132.405300,nan,1917.123000,2347.644000
4,173.789100,-42.078690,4807.690000,9.097740,216.964300,55.000000,132.876400,nan,1917.123000,2347.644000
4,173.803800,-42.065330,4807.690000,10.147260,216.964300,55.000000,137.404300,nan,1917.123000,2347.644000
4,173.818500,-42.051970,4807.690000,4.993920,216.964300,55.000000,144.686300,nan,1917.123000,2347.644000
4,173.833200,-42.038610,4807.690000,5.842470,216.964300,55.000000,152.822400,nan,1917.123000,2347.644000
4,173.847900,-42.025250,4807.690000,6.898220,216.964300,55.000000,160.220700,nan,1917.123000,2347.644000
4,173.629500,-42.204630,6730.770000,3.176570,216.964300,55.000000,180.000000,nan,1917.123000,2347.644000
4,173.644200,-42.191270,6730.770000,3.754590,216.964300,55.000000,178.966600,nan,1917.123000,2347.644000
4,173.658900,-42.177910,6730.770000,4.272750,216.964300,55.000000,176.226400,nan,1917.123000,2347.644000
4,173.673600,-42.164550,6730.770000,4.683740,216.964300,55.000000,171.622700,nan,1917.123000,2347.644000
4,173.688300,-42.151190,6730.770000,4.986770,216.964300,55.000000,165.144600,nan,1917.123000,2347.644000
4,173.703000,-42.137830,6730.770000,5.250050,216.964300,55.000000,157.083400,nan,1917.123000,2347.644000
4,173.717700,-42.124470,6730.770000,5.589940,216.964300,55.000000,148.423800,nan,1917.123000,2347.644000
4,173.732400,-42.111110,6730.770000,6.106490,216.964300,55.000000,140.873900,nan,1917.123000,2347.644000
4,173.747100,-42.097750,6730.770000,6.841370,216.964300,55.000000,136.169400,nan,1917.123000,2347.644000
4,173.761800,-42.084390,6730.770000,7.805560,216.964300,55.000000,135.217600,nan,1917.123000,2347.644000
4,173.776500,-42.071030,6730.770000,9.029430,216.964300,55.000000,137.775400,nan,1917.123000,2347.644000
4,173.791200,-42.057670,6730.770000,10.579450,216.964300,55.000000,142.788100,nan,1917.123000,2347.644000
4,173.805900,-42.044310,6730.770000,7.805060,216.964300,55.000000,148.937400,nan,1917.123000,2347.644000
4,173.820600,-42.030950,6730.770000,9.271500,216.964300,55.000000,155.074000,nan,1917.123000,2347.644000
4,173.835300,-42.017590,6730.770000,10.930700,216.964300,55.000000,160.490900,nan,1917.123000,2347.644000
4,173.616900,-42.196970,8653.850000,3.055690,216.964300,55.000000,179.721500,nan,1917.123000,2347.644000
4,173.631600,-42.183610,8653.850000,3.380390,216.964300,55.000000,178.159300,nan,1917.123000,2347.644000
4,173.646300,-42.170250,8653.850000,3.620950,216.964300,55.000000,174.716700,nan,1917.123000,2347.644000
4,173.661000,-42.156890,8653.850000,3.785140,216.964300,55.000000,169.073800,nan,1917.123000,2347.644000
4,173.675700,-42.143530,8653.850000,3.925400,216.964300,55.000000,161.236100,nan,1917.123000,2347.644000
4,173.690400,-42.130170,8653.850000,4.140130,216.964300,55.000000,151.948700,nan,1917.123000,2347.644000
4,173.705100,-42.116810,8653.850000,4.533360,216.964300,55.000000,143.001000,nan,1917.123000,2347.644000
4,173.719800,-42.103450,8653.850000,5.159620,216.964300,55.000000,136.523700,nan,1917.123000,2347.644000
4,173.734500,-42.090090,8653.850000,6.022810,216.964300,55.000000,133.767500,nan,1917.123000,2347.644000
4,173.749200,-42.076730,8653.850000,7.127440,216.964300,55.000000,134.712000,nan,1917.123000,2347.644000
4,173.763900,-42.063370,8653.850000,8.508690,216.964300,55.000000,138.424800,nan,1917.123000,2347.644000
4,173.778600,-42.050010,8653.850000,10.210240,216.964300,55.000000,143.625900,nan,1917.123000,2347.644000
4,173.793300,-42.036650,8653.850000,9.980180,216.964300,55.000000,149.182800,nan,1917.123000,2347.644000
4,173.808000,-42.023290,8653.850000,11.852650,216.964300,55.000000,154.349400,nan,1917.123000,2347.644000
4,173.822700,-42.009930,8653.850000,13.831360,216.964300,55.000000,158.759000,nan,1917.123000,2347.644000
4,173.604300,-42.189310,10576.920000,3.032120,216.964300,55.000000,179.517800,nan,1917.123000,2347.644000
4,173.619000,-42.175950,10576.920000,3.167010,216.964300,55.000000,177.647000,nan,1917.123000,2347.644000
4,173.633700,-42.162590,10576.920000,3.205470,216.964300,55.000000,173.684400,nan,1917.123000,2347.644000
4,173.648400,-42.149230,10576.920000,3.185130,216.964300,55.000000,167.069200,nan,1917.123000,2347.644000
4,173.663100,-42.135870,10576.920000,3.188710,216.964300,55.000000,157.711600,nan,1917.123000,2347.644000
4,173.677800,-42.122510,10576.920000,3.331550,216.964300,55.000000,146.829500,nan,1917.123000,2347.644000
4,173.692500,-42.109150,10576.920000,3.703080,216.964300,55.000000,137.149900,nan,1917.123000,2347.644000
4,173.707200,-42.095790,10576.920000,4.319850,216.964300,55.000000,131.175600,nan,1917.123000,2347.644000
4,173.721900,-42.082430,10576.920000,5.158700,216.964300,55.000000,129.628200,nan,1917.123000,2347.644000
4,173.736600,-42.069070,10576.920000,6.216420,216.964300,55.000000,131.768100,nan,1917.123000,2347.644000
4,173.751300,-42.055710,10576.920000,7.519620,216.964300,55.000000,136.237700,nan,1917.123000,2347.644000
4,173.766000,-42.042350,10576.920000,9.086980,216.964300,55.000000,141.665100,nan,1917.123000,2347.644000
4,173.780700,-42.028990,10576.920000,10.886900,216.964300,55.000000,147.036200,nan,1917.123000,2347.644000
4,173.795400,-42.015630,10576.920000,12.820360,216.964300,55.000000,151.786400,nan,1917.123000,2347.644000
4,173.810100,-42.002270,10576.920000,14.728260,216.964300,55.000000,155.678500,nan,1917.123000,2347.644000
4,173.591700,-42.181650,12500.000000,2.950270,216.964300,55.000000,179.579900,nan,1917.123000,2347.642000
4,173.606400,-42.168290,12500.000000,2.946720,216.964300,55.000000,177.761700,nan,1917.123000,2347.642000
4,173.621100,-42.154930,12500.000000,2.842570,216.964300,55.000000,173.667800,nan,1917.123000,2347.642000
4,173.635800,-42.141570,12500.000000,2.688190,216.964300,55.000000,166.402700,nan,1917.123000,2347.642000
4,173.650500,-42.128210,12500.000000,2.579930,216.964300,55.000000,155.542100,nan,1917.123000,2347.642000
4,173.665200,-42.114850,12500.000000,2.642410,216.964300,55.000000,142.610800,nan,1917.123000,2347.642000
4,173.679900,-42.101490,12500.000000,2.952580,216.964300,55.000000,131.480400,nan,1917.123000,2347.642000
4,173.694600,-42.088130,12500.000000,3.494190,216.964300,55.000000,125.234400,nan,1917.123000,2347.642000
4,173.709300,-42.074770,12500.000000,4.219050,216.964300,55.000000,124.160600,nan,1917.123000,2347.642000
4,173.724000,-42.061410,12500.000000,5.111920,216.964300,55.000000,126.954100,nan,1917.123000,2347.642000
4,173.738700,-42.048050,12500.000000,6.187690,216.964300,55.000000,131.949800,nan,1917.123000,2347.642000
4,173.753400,-42.034690,12500.000000,7.448690,216.964300,55.000000,137.680400,nan,1917.123000,2347.642000
4,173.768100,-42.021330,12500.000000,8.846400,216.964300,55.000000,143.145200,nan,1917.123000,2347.642000
4,173.782800,-42.007970,12500.000000,10.270870,216.964300,55.000000,147.823600,nan,1917.123000,2347.642000
4,173.797500,-41.994610,12500.000000,11.562500,216.964300,55.000000,151.503400,nan,1917.123000,2347.642000
4,173.579100,-42.173990,14423.080000,2.699100,216.964300,55.000000,179.829800,nan,1917.123000,2347.644000
4,173.593800,-42.160630,14423.080000,2.603360,216.964300,55.000000,178.432300,nan,1917.123000,2347.644000
4,173.608500,-42.147270,14423.080000,2.410960,216.964300,55.000000,174.702200,nan,1917.123000,2347.644000
4,173.623200,-42.133910,14423.080000,2.171960,216.964300,55.000000,167.306800,nan,1917.123000,2347.644000
4,173.637900,-42.120550,14423.080000,1.981820,216.964300,55.000000,155.112900,nan,1917.123000,2347.644000
4,173.652600,-42.107190,14423.080000,1.969570,216.964300,55.000000,139.525200,nan,1917.123000,2347.644000
4,173.667300,-42.093830,14423.080000,2.206980,216.964300,55.000000,125.964300,nan,1917.123000,2347.644000
4,173.682000,-42.080470,14423.080000,2.651100,216.964300,55.000000,118.631000,nan,1917.123000,2347.644000
4,173.696700,-42.067110,14423.080000,3.229650,216.964300,55.000000,117.407400,nan,1917.123000,2347.644000
4,173.711400,-42.053750,14423.080000,3.912870,216.964300,55.000000,120.428600,nan,1917.123000,2347.644000
4,173.726100,-42.040390,14423.080000,4.704150,216.964300,55.000000,125.771300,nan,1917.123000,2347.644000
4,173.740800,-42.027030,14423.080000,5.598450,216.964300,55.000000,131.864700,nan,1917.123000,2347.644000
4,173.755500,-42.013670,14423.080000,6.548100,216.964300,55.000000,137.644800,nan,1917.123000,2347.644000
4,173.770200,-42.000310,14423.080000,7.453520,216.964300,55.000000,142.537000,nan,1917.123000,2347.644000
4,173.784900,-41.986950,14423.080000,8.175350,216.964300,55.000000,146.273600,nan,1917.123000,2347.644000
4,173.566500,-42.166330,16346.150000,2.251760,216.964300,55.000000,180.000000,nan,1917.123000,2347.644000
4,173.581200,-42.152970,16346.150000,2.106280,216.964300,55.000000,179.323600,nan,1917.123000,2347.644000
4,173.595900,-42.139610,16346.150000,1.877730,216.964300,55.000000,176.501700,nan,1917.123000,2347.644000
4,173.610600,-42.126250,16346.150000,1.606560,216.964300,55.000000,169.665700,nan,1917.123000,2347.644000
4,173.625300,-42.112890,16346.150000,1.373820,216.964300,55.000000,156.459400,nan,1917.123000,2347.644000
4,173.640000,-42.099530,16346.150000,1.306250,216.964300,55.000000,137.264300,nan,1917.123000,2347.644000
4,173.654700,-42.086170,16346.150000,1.479370,216.964300,55.000000,119.912800,nan,1917.123000,2347.644000
4,173.669400,-42.072810,16346.150000,1.830540,216.964300,55.000000,110.827300,nan,1917.123000,2347.644000
4,173.684100,-42.059450,16346.150000,2.268560,216.964300,55.000000,109.102400,nan,1917.123000,2347.644000
4,173.698800,-42.046090,16346.150000,2.751950,216.964300,55.000000,112.056300,nan,1917.123000,2347.644000
4,173.713500,-42.032730,16346.150000,3.273470,216.964300,55.000000,117.554200,nan,1917.123000,2347.644000
4,173.728200,-42.019370,16346.150000,3.824890,216.964300,55.000000,124.007000,nan,1917.123000,2347.644000
4,173.742900,-42.006010,16346.150000,4.369060,216.964300,55.000000,130.302600,nan,1917.123000,2347.644000
4,173.757600,-41.992650,16346.150000,4.829460,216.964300,55.000000,135.752900,nan,1917.123000,2347.644000
4,173.772300,-41.979290,16346.150000,5.101510,216.964300,55.000000,139.928800,nan,1917.123000,2347.644000
4,173.553900,-42.158670,18269.230000,1.663930,216.964300,55.000000,180.000000,nan,1917.123000,2347.644000
4,173.568600,-42.145310,18269.230000,1.505400,216.964300,55.000000,180.000000,nan,1917.123000,2347.644000
4,173.583300,-42.131950,18269.230000,1.286970,216.964300,55.000000,178.589400,nan,1917.123000,2347.644000
4,173.598000,-42.118590,18269.230000,1.036020,216.964300,55.000000,173.277800,nan,1917.123000,2347.644000
4,173.612700,-42.105230,18269.230000,0.808090,216.964300,55.000000,159.794600,nan,1917.123000,2347.644000
4,173.627400,-42.091870,18269.230000,0.715500,216.964300,55.000000,135.314500,nan,1917.123000,2347.644000
4,173.642100,-42.078510,18269.230000,0.842780,216.964300,55.000000,112.119000,nan,1917.123000,2347.644000
4,173.656800,-42.065150,18269.230000,1.113720,216.964300,55.000000,101.260400,nan,1917.123000,2347.644000
4,173.671500,-42.051790,18269.230000,1.431830,216.964300,55.000000,99.242260,nan,1917.123000,2347.644000
4,173.686200,-42.038430,18269.230000,1.754170,216.964300,55.000000,101.949600,nan,1917.123000,2347.644000
4,173.700900,-42.025070,18269.230000,2.064150,216.964300,55.000000,107.205500,nan,1917.123000,2347.644000
4,173.715600,-42.011710,18269.230000,2.347500,216.964300,55.000000,113.699400,nan,1917.123000,2347.644000
4,173.730300,-41.998350,18269.230000,2.575070,216.964300,55.000000,120.546500,nan,1917.123000,2347.644000
4,173.745000,-41.984990,18269.230000,2.690130,216.964300,55.000000,127.064100,nan,1917.123000,2347.644000
4,173.759700,-41.971630,18269.230000,2.618270,216.964300,55.000000,132.639900,nan,1917.123000,2347.644000
4,173.541300,-42.151010,20192.310000,1.046180,216.964300,55.000000,180.000000,nan,1917.123000,2347.644000
4,173.556000,-42.137650,20192.310000,0.903370,216.964300,55.000000,180.000000,nan,1917.123000,2347.644000
4,173.570700,-42.124290,20192.310000,0.728590,216.964300,55.000000,180.000000,nan,1917.123000,2347.644000
4,173.585400,-42.110930,20192.310000,0.539740,216.964300,55.000000,177.596500,nan,1917.123000,2347.644000
4,173.600100,-42.097570,20192.310000,0.364250,216.964300,55.000000,166.044600,nan,1917.123000,2347.644000
4,173.614800,-42.084210,20192.310000,0.280780,216.964300,55.000000,133.121900,nan,1917.123000,2347.644000
4,173.629500,-42.070850,20192.310000,0.376240,216.964300,55.000000,101.302200,nan,1917.123000,2347.644000
4,173.644200,-42.057490,20192.310000,0.567780,216.964300,55.000000,91.142710,nan,1917.123000,2347.644000
4,173.658900,-42.044130,20192.310000,0.781660,216.964300,55.000000,90.000000,nan,1917.123000,2347.644000
4,173.673600,-42.030770,20192.310000,0.987250,216.964300,55.000000,92.152110,nan,1917.123000,2347.644000
4,173.688300,-42.017410,20192.310000,1.161130,216.964300,55.000000,96.062130,nan,1917.123000,2347.644000
4,173.703000,-42.004050,20192.310000,1.278080,216.964300,55.000000,101.157600,nan,1917.123000,2347.644000
4,173.717700,-41.990690,20192.310000,1.303980,216.964300,55.000000,107.541600,nan,1917.123000,2347.644000
4,173.732400,-41.977330,20192.310000,1.170110,216.964300,55.000000,115.221500,nan,1917.123000,2347.644000
4,173.747100,-41.963970,20192.310000,0.719620,216.964300,55.000000,127.672200,nan,1917.123000,2347.644000
4,173.528700,-42.143350,22115.380000,0.521500,216.964300,55.000000,180.000000,nan,1917.123000,2347.644000
4,173.543400,-42.129990,22115.380000,0.414940,216.964300,55.000000,180.000000,nan,1917.123000,2347.644000
4,173.558100,-42.116630,22115.380000,0.300230,216.964300,55.000000,180.000000,nan,1917.123000,2347.644000
4,173.572800,-42.103270,22115.380000,0.190400,216.964300,55.000000,180.000000,nan,1917.123000,2347.644000
4,173.587500,-42.089910,22115.380000,0.097900,216.964300,55.000000,177.742000,nan,1917.123000,2347.644000
4,173.602200,-42.076550,22115.380000,0.051460,216.964300,55.000000,130.200500,nan,1917.123000,2347.644000
4,173.616900,-42.063190,22115.380000,0.108150,216.964300,55.000000,90.000000,nan,1917.123000,2347.644000
4,173.631600,-42.049830,22115.380000,0.209740,216.964300,55.000000,90.000000,nan,1917.123000,2347.644000
4,173.646300,-42.036470,22115.380000,0.330930,216.964300,55.000000,90.000000,nan,1917.123000,2347.644000
4,173.661000,-42.023110,22115.380000,0.452190,216.964300,55.000000,90.000000,nan,1917.123000,2347.644000
4,173.675700,-42.009750,22115.380000,0.551370,216.964300,55.000000,90.000000,nan,1917.123000,2347.644000
4,173.690400,-41.996390,22115.380000,0.604170,216.964300,55.000000,90.138840,nan,1917.123000,2347.644000
4,173.705100,-41.983030,22115.380000,0.583370,216.964300,55.000000,92.928100,nan,1917.123000,2347.644000
4,173.719800,-41.969670,22115.380000,0.456910,216.964300,55.000000,97.785670,nan,1917.123000,2347.644000
4,173.734500,-41.956310,22115.380000,0.185850,216.964300,55.000000,108.368800,nan,1917.123000,2347.644000
4,173.516100,-42.135690,24038.460000,0.175320,216.964300,55.000000,180.000000,nan,1917.123000,2347.644000
4,173.530800,-42.122330,24038.460000,0.118270,216.964300,55.000000,180.000000,nan,1917.123000,2347.644000
4,173.545500,-42.108970,24038.460000,0.064780,216.964300,55.000000,180.000000,nan,1917.123000,2347.644000
4,173.560200,-42.095610,24038.460000,0.022600,216.964300,55.000000,180.000000,nan,1917.123000,2347.644000
4,173.574900,-42.082250,24038.460000,0.000000,216.964300,55.000000,180.000000,nan,1917.123000,2347.644000
4,173.589600,-42.068890,24038.460000,0.000000,216.964300,55.000000,180.000000,nan,1917.123000,2347.644000
4,173.604300,-42.055530,24038.460000,0.006300,216.964300,55.000000,90.000000,nan,1917.123000,2347.644000
4,173.619000,-42.042170,24038.460000,0.038180,216.964300,55.000000,90.000000,nan,1917.123000,2347.644000
4,173.633700,-42.028810,24038.460000,0.087750,216.964300,55.000000,90.000000,nan,1917.123000,2347.644000
4,173.648400,-42.015450,24038.460000,0.142000,216.964300,55.000000,90.000000,nan,1917.123000,2347.644000
4,173.663100,-42.002090,24038.460000,0.187720,216.964300,55.000000,90.000000,nan,1917.123000,2347.644000
4,173.677800,-41.988730,24038.460000,0.212050,216.964300,55.000000,90.000000,nan,1917.123000,2347.644000
4,173.692500,-41.975370,24038.460000,0.202590,216.964300,55.000000,90.000000,nan,1917.123000,2347.644000
4,173.707200,-41.962010,24038.460000,0.148440,216.964300,55.000000,90.000000,nan,1917.123000,2347.644000
4,173.721900,-41.948650,24038.460000,0.044670,216.964300,55.000000,90.000000,nan,1917.123000,2347.644000
5,173.453500,-42.355930,961.540000,0.575680,229.205400,55.000000,180.000000,nan,1903.423000,2347.644000
5,173.471600,-42.345290,961.540000,0.342580,229.205400,55.000000,180.000000,nan,1903.423000,2347.644000
5,173.489700,-42.334650,961.540000,0.042440,229.205400,55.000000,180.000000,nan,1903.423000,2347.644000
5,173.507800,-42.324010,961.540000,0.000000,229.205400,55.000000,180.000000,nan,1903.423000,2347.644000
5,173.525900,-42.313370,961.540000,0.000000,229.205400,55.000000,180.000000,nan,1903.423000,2347.644000
5,173.544000,-42.302730,961.540000,0.000000,229.205400,55.000000,180.000000,nan,1903.423000,2347.644000
5,173.562100,-42.292090,961.540000,0.283340,229.205400,55.000000,180.000000,nan,1903.423000,2347.644000
5,173.580200,-42.281450,961.540000,0.845710,229.205400,55.000000,180.000000,nan,1903.423000,2347.644000
5,173.598300,-42.270810,961.540000,1.486270,229.205400,55.000000,180.000000,nan,1903.423000,2347.644000
5,173.616400,-42.260170,961.540000,1.787150,229.205400,55.000000,180.000000,nan,1903.423000,2347.644000
5,173.634500,-42.249530,961.540000,2.067990,229.205400,55.000000,180.000000,nan,1903.423000,2347.644000
5,173.652600,-42.238890,961.540000,2.763150,229.205400,55.000000,180.000000,nan,1903.423000,2347.644000
5,173.443400,-42.346430,2884.620000,0.070240,229.205400,55.000000,180.000000,nan,1903.423000,2347.644000
5,173.461500,-42.335790,2884.620000,0.044920,229.205400,55.000000,180.000000,nan,1903.423000,2347.644000
5,173.479600,-42.325150,2884.620000,0.000000,229.205400,55.000000,180.000000,nan,1903.423000,2347.644000
5,173.497700,-42.314510,2884.620000,0.000000,229.205400,55.000000,180.000000,nan,1903.423000,2347.644000
5,173.515800,-42.303870,2884.620000,0.000000,229.205400,55.000000,180.000000,nan,1903.423000,2347.644000
5,173.533900,-42.293230,2884.620000,0.000000,229.205400,55.000000,180.000000,nan,1903.423000,2347.644000
5,173.552000,-42.282590,2884.620000,0.124870,229.205400,55.000000,180.000000,nan,1903.423000,2347.644000
5,173.570100,-42.271950,2884.620000,0.513340,229.205400,55.000000,180.000000,nan,1903.423000,2347.644000
5,173.588200,-42.261310,2884.620000,1.054270,229.205400,55.000000,180.000000,nan,1903.423000,2347.644000
5,173.606300,-42.250670,2884.620000,1.576770,229.205400,55.000000,180.000000,nan,1903.423000,2347.644000
5,173.624400,-42.240030,2884.620000,2.126520,229.205400,55.000000,180.000000,nan,1903.423000,2347.644000
5,173.642500,-42.229390,2884.620000,2.873470,229.205400,55.000000,180.000000,nan,1903.423000,2347.644000
5,173.433300,-42.336930,4807.690000,0.000000,229.205400,55.000000,180.000000,nan,1903.423000,2347.644000
5,173.451400,-42.326290,4807.690000,0.000000,229.205400,55.000000,180.000000,nan,1903.423000,2347.644000
5,173.469500,-42.315650,4807.690000,0.000000,229.205400,55.000000,180.000000,nan,1903.423000,2347.644000
5,173.487600,-42.305010,4807.690000,0.000000,229.205400,55.000000,180.000000,nan,1903.423000,2347.644000
5,173.505700,-42.294370,4807.690000,0.000000,229.205400,55.000000,180.000000,nan,1903.423000,2347.644000
5,173.523800,-42.283730,4807.690000,0.000000,229.205400,55.000000,180.000000,nan,1903.423000,2347.644000
5,173.541900,-42.273090,4807.690000,0.057850,229.205400,55.000000,180.000000,nan,1903.423000,2347.644000
5,173.560000,-42.262450,4807.690000,0.357610,229.205400,55.000000,180.000000,nan,1903.423000,2347.644000
5,173.578100,-42.251810,4807.690000,0.847710,229.205400,55.000000,180.000000,nan,1903.423000,2347.644000
5,173.596200,-42.241170,4807.690000,1.411070,229.205400,55.000000,180.000000,nan,1903.423000,2347.644000
5,173.614300,-42.230530,4807.690000,2.009800,229.205400,55.000000,180.000000,nan,1903.423000,2347.644000
5,173.632400,-42.219890,4807.690000,2.689730,229.205400,55.000000,180.000000,nan,1903.423000,2347.644000
5,173.423200,-42.327430,6730.770000,0.000000,229.205400,55.000000,180.000000,nan,1903.423000,2347.644000
5,173.441300,-42.316790,6730.770000,0.000000,229.205400,55.000000,180.000000,nan,1903.423000,2347.644000
5,173.459400,-42.306150,6730.770000,0.000000,229.205400,55.000000,180.000000,nan,1903.423000,2347.644000
5,173.477500,-42.295510,6730.770000,0.000000,229.205400,55.000000,180.000000,nan,1903.423000,2347.644000
5,173.495600,-42.284870,6730.770000,0.000000,229.205400,55.000000,180.000000,nan,1903.423000,2347.644000
5,173.513700,-42.274230,6730.770000,0.000000,229.205400,55.000000,180.000000,nan,1903.423000,2347.644000
5,173.531800,-42.263590,6730.770000,0.108460,229.205400,55.000000,180.000000,nan,1903.423000,2347.644000
5,173.549900,-42.252950,6730.770000,0.416130,229.205400,55.000000,180.000000,nan,1903.423000,2347.644000
5,173.568000,-42.242310,6730.770000,0.891030,229.205400,55.000000,180.000000,nan,1903.423000,2347.644000
5,173.586100,-42.231670,6730.770000,1.445080,229.205400,55.000000,180.000000,nan,1903.423000,2347.644000
5,173.604200,-42.221030,6730.770000,2.016330,229.205400,55.000000,180.000000,nan,1903.423000,2347.644000
5,173.622300,-42.210390,6730.770000,2.591610,229.205400,55.000000,180.000000,nan,1903.423000,2347.644000
5,173.413100,-42.317930,8653.850000,0.000000,229.205400,55.000000,180.000000,nan,1903.423000,2347.644000
5,173.431200,-42.307290,8653.850000,0.000000,229.205400,55.000000,180.000000,nan,1903.423000,2347.644000
5,173.449300,-42.296650,8653.850000,0.000000,229.205400,55.000000,180.000000,nan,1903.423000,2347.644000
5,173.467400,-42.286010,8653.850000,0.000000,229.205400,55.000000,180.000000,nan,1903.423000,2347.644000
5,173.485500,-42.275370,8653.850000,0.004830,229.205400,55.000000,180.000000,nan,1903.423000,2347.644000
5,173.503600,-42.264730,8653.850000,0.075200,229.205400,55.000000,180.000000,nan,1903.423000,2347.644000
5,173.521700,-42.254090,8653.850000,0.275090,229.205400,55.000000,180.000000,nan,1903.423000,2347.644000
5,173.539800,-42.243450,8653.850000,0.637200,229.205400,55.000000,180.000000,nan,1903.423000,2347.644000
5,173.557900,-42.232810,8653.850000,1.126910,229.205400,55.000000,180.000000,nan,1903.423000,2347.644000
5,173.576000,-42.222170,8653.850000,1.668770,229.205400,55.000000,180.000000,nan,1903.423000,2347.644000
5,173.594100,-42.211530,8653.850000,2.192850,229.205400,55.000000,180.000000,nan,1903.423000,2347.644000
5,173.612200,-42.200890,8653.850000,2.659400,229.205400,55.000000,180.000000,nan,1903.423000,2347.644000
5,173.403000,-42.308430,10576.920000,0.000000,229.205400,55.000000,180.000000,nan,1903.423000,2347.644000
5,173.421100,-42.297790,10576.920000,0.000000,229.205400,55.000000,180.000000,nan,1903.423000,2347.644000
5,173.439200,-42.287150,10576.920000,0.000000,229.205400,55.000000,180.000000,nan,1903.423000,2347.644000
5,173.457300,-42.276510,10576.920000,0.005960,229.205400,55.000000,180.000000,nan,1903.423000,2347.644000
5,173.475400,-42.265870,10576.920000,0.059470,229.205400,55.000000,180.000000,nan,1903.423000,2347.644000
5,173.493500,-42.255230,10576.920000,0.209600,229.205400,55.000000,180.000000,nan,1903.423000,2347.644000
5,173.511600,-42.244590,10576.920000,0.492630,229.205400,55.000000,180.000000,nan,1903.423000,2347.644000
5,173.529700,-42.233950,10576.920000,0.910940,229.205400,55.000000,180.000000,nan,1903.423000,2347.644000
5,173.547800,-42.223310,10576.920000,1.421180,229.205400,55.000000,180.000000,nan,1903.423000,2347.644000
5,173.565900,-42.212670,10576.920000,1.949810,229.205400,55.000000,180.000000,nan,1903.423000,2347.644000
5,173.584000,-42.202030,10576.920000,2.422780,229.205400,55.000000,180.000000,nan,1903.423000,2347.644000
5,173.602100,-42.191390,10576.920000,2.789360,229.205400,55.000000,180.000000,nan,1903.423000,2347.644000
5,173.392900,-42.298930,12500.000000,0.000000,229.205400,55.000000,180.000000,nan,1903.423000,2347.642000
5,173.411000,-42.288290,12500.000000,0.000000,229.205400,55.000000,180.000000,nan,1903.423000,2347.642000
5,173.429100,-42.277650,12500.000000,0.000000,229.205400,55.000000,180.000000,nan,1903.423000,2347.642000
5,173.447200,-42.267010,12500.000000,0.026000,229.205400,55.000000,180.000000,nan,1903.423000,2347.642000
5,173.465300,-42.256370,12500.000000,0.122550,229.205400,55.000000,180.000000,nan,1903.423000,2347.642000
5,173.483400,-42.245730,12500.000000,0.328920,229.205400,55.000000,180.000000,nan,1903.423000,2347.642000
5,173.501500,-42.235090,12500.000000,0.664250,229.205400,55.000000,180.000000,nan,1903.423000,2347.642000
5,173.519600,-42.224450,12500.000000,1.114450,229.205400,55.000000,180.000000,nan,1903.423000,2347.642000
5,173.537700,-42.213810,12500.000000,1.628930,229.205400,55.000000,180.000000,nan,1903.423000,2347.642000
5,173.555800,-42.203170,12500.000000,2.133010,229.205400,55.000000,180.000000,nan,1903.423000,2347.642000
5,173.573900,-42.192530,12500.000000,2.550880,229.205400,55.000000,180.000000,nan,1903.423000,2347.642000
5,173.592000,-42.181890,12500.000000,2.828640,229.205400,55.000000,180.000000,nan,1903.423000,2347.642000
5,173.382800,-42.289430,14423.080000,0.000000,229.205400,55.000000,180.000000,nan,1903.423000,2347.644000
5,173.400900,-42.278790,14423.080000,0.000000,229.205400,55.000000,180.000000,nan,1903.423000,2347.644000
5,173.419000,-42.268150,14423.080000,0.000000,229.205400,55.000000,180.000000,nan,1903.423000,2347.644000
5,173.437100,-42.257510,14423.080000,0.034440,229.205400,55.000000,180.000000,nan,1903.423000,2347.644000
5,173.455200,-42.246870,14423.080000,0.147260,229.205400,55.000000,180.000000,nan,1903.423000,2347.644000
5,173.473300,-42.236230,14423.080000,0.371670,229.205400,55.000000,180.000000,nan,1903.423000,2347.644000
5,173.491400,-42.225590,14423.080000,0.717440,229.205400,55.000000,180.000000,nan,1903.423000,2347.644000
5,173.509500,-42.214950,14423.080000,1.162290,229.205400,55.000000,180.000000,nan,1903.423000,2347.644000
5,173.527600,-42.204310,14423.080000,1.652130,229.205400,55.000000,180.000000,nan,1903.423000,2347.644000
5,173.545700,-42.193670,14423.080000,2.112550,229.205400,55.000000,180.000000,nan,1903.423000,2347.644000
5,173.563800,-42.183030,14423.080000,2.468860,229.205400,55.000000,180.000000,nan,1903.423000,2347.644000
5,173.581900,-42.172390,14423.080000,2.668410,229.205400,55.000000,180.000000,nan,1903.423000,2347.644000
5,173.372700,-42.279930,16346.150000,0.000000,229.205400,55.000000,180.000000,nan,1903.423000,2347.644000
5,173.390800,-42.269290,16346.150000,0.000000,229.205400,55.000000,180.000000,nan,1903.423000,2347.644000
5,173.408900,-42.258650,16346.150000,0.000000,229.205400,55.000000,180.000000,nan,1903.423000,2347.644000
5,173.427000,-42.248010,16346.150000,0.023380,229.205400,55.000000,180.000000,nan,1903.423000,2347.644000
5,173.445100,-42.237370,16346.150000,0.119930,229.205400,55.000000,180.000000,nan,1903.423000,2347.644000
5,173.463200,-42.226730,16346.150000,0.321330,229.205400,55.000000,180.000000,nan,1903.423000,2347.644000
5,173.481300,-42.216090,16346.150000,0.634060,229.205400,55.000000,180.000000,nan,1903.423000,2347.644000
5,173.499400,-42.205450,16346.150000,1.033840,229.205400,55.000000,180.000000,nan,1903.423000,2347.644000
5,173.517500,-42.194810,16346.150000,1.467440,229.205400,55.000000,180.000000,nan,1903.423000,2347.644000
5,173.535600,-42.184170,16346.150000,1.863730,229.205400,55.000000,180.000000,nan,1903.423000,2347.644000
5,173.553700,-42.173530,16346.150000,2.152100,229.205400,55.000000,180.000000,nan,1903.423000,2347.644000
5,173.571800,-42.162890,16346.150000,2.283890,229.205400,55.000000,180.000000,nan,1903.423000,2347.644000
5,173.362600,-42.270430,18269.230000,0.000000,229.205400,55.000000,180.000000,nan,1903.423000,2347.644000
5,173.380700,-42.259790,18269.230000,0.000000,229.205400,55.000000,180.000000,nan,1903.423000,2347.644000
5,173.398800,-42.249150,18269.230000,0.000000,229.205400,55.000000,180.000000,nan,1903.423000,2347.644000
5,173.416900,-42.238510,18269.230000,0.004370,229.205400,55.000000,180.000000,nan,1903.423000,2347.644000
5,173.435000,-42.227870,18269.230000,0.061890,229.205400,55.000000,180.000000,nan,1903.423000,2347.644000
5,173.453100,-42.217230,18269.230000,0.207610,229.205400,55.000000,180.000000,nan,1903.423000,2347.644000
5,173.471200,-42.206590,18269.230000,0.451340,229.205400,55.000000,180.000000,nan,1903.423000,2347.644000
5,173.489300,-42.195950,18269.230000,0.772750,229.205400,55.000000,180.000000,nan,1903.423000,2347.644000
5,173.507400,-42.185310,18269.230000,1.123870,229.205400,55.000000,180.000000,nan,1903.423000,2347.644000
5,173.525500,-42.174670,18269.230000,1.440120,229.205400,55.000000,180.000000,nan,1903.423000,2347.644000
5,173.543600,-42.164030,18269.230000,1.657570,229.205400,55.000000,180.000000,nan,1903.423000,2347.644000
5,173.561700,-42.153390,18269.230000,1.733170,229.205400,55.000000,180.000000,nan,1903.423000,2347.644000
5,173.352500,-42.260930,20192.310000,0.000000,229.205400,55.000000,180.000000,nan,1903.423000,2347.644000
5,173.370600,-42.250290,20192.310000,0.000000,229.205400,55.000000,180.000000,nan,1903.423000,2347.644000
5,173.388700,-42.239650,20192.310000,0.000000,229.205400,55.000000,180.000000,nan,1903.423000,2347.644000
5,173.406800,-42.229010,20192.310000,0.000000,229.205400,55.000000,180.000000,nan,1903.423000,2347.644000
5,173.424900,-42.218370,20192.310000,0.013880,229.205400,55.000000,180.000000,nan,1903.423000,2347.644000
5,173.443000,-42.207730,20192.310000,0.087820,229.205400,55.000000,180.000000,nan,1903.423000,2347.644000
5,173.461100,-42.197090,20192.310000,0.241640,229.205400,55.000000,180.000000,nan,1903.423000,2347.644000
5,173.479200,-42.186450,20192.310000,0.464740,229.205400,55.000000,180.000000,nan,1903.423000,2347.644000
5,173.497300,-42.175810,20192.310000,0.718240,229.205400,55.000000,180.000000,nan,1903.423000,2347.644000
5,173.515400,-42.165170,20192.310000,0.947020,229.205400,55.000000,180.000000,nan,1903.423000,2347.644000
5,173.533500,-42.154530,20192.310000,1.096170,229.205400,55.000000,180.000000,nan,1903.423000,2347.644000
5,173.551600,-42.143890,20192.310000,1.129210,229.205400,55.000000,180.000000,nan,1903.423000,2347.644000
5,173.342400,-42.251430,22115.380000,0.000000,229.205400,55.000000,180.000000,nan,1903.423000,2347.644000
5,173.360500,-42.240790,22115.380000,0.000000,229.205400,55.000000,180.000000,nan,1903.423000,2347.644000
5,173.378600,-42.230150,22115.380000,0.000000,229.205400,55.000000,180.000000,nan,1903.423000,2347.644000
5,173.396700,-42.219510,22115.380000,0.000000,229.205400,55.000000,180.000000,nan,1903.423000,2347.644000
5,173.414800,-42.208870,22115.380000,0.000000,229.205400,55.000000,180.000000,nan,1903.423000,2347.644000
5,173.432900,-42.198230,22115.380000,0.013700,229.205400,55.000000,180.000000,nan,1903.423000,2347.644000
5,173.451000,-42.187590,22115.380000,0.079190,229.205400,55.000000,180.000000,nan,1903.423000,2347.644000
5,173.469100,-42.176950,22115.380000,0.202780,229.205400,55.000000,180.000000,nan,1903.423000,2347.644000
5,173.487200,-42.166310,22115.380000,0.357740,229.205400,55.000000,180.000000,nan,1903.423000,2347.644000
5,173.505300,-42.155670,22115.380000,0.501340,229.205400,55.000000,180.000000,nan,1903.423000,2347.644000
5,173.523400,-42.145030,22115.380000,0.590600,229.205400,55.000000,180.000000,nan,1903.423000,2347.644000
5,173.541500,-42.134390,22115.380000,0.596970,229.205400,55.000000,180.000000,nan,1903.423000,2347.644000
5,173.332300,-42.241930,24038.460000,0.000000,229.205400,55.000000,180.000000,nan,1903.423000,2347.644000
5,173.350400,-42.231290,24038.460000,0.000000,229.205400,55.000000,180.000000,nan,1903.423000,2347.644000
5,173.368500,-42.220650,24038.460000,0.000000,229.205400,55.000000,180.000000,nan,1903.423000,2347.644000
5,173.386600,-42.210010,24038.460000,0.000000,229.205400,55.000000,180.000000,nan,1903.423000,2347.644000
5,173.404700,-42.199370,24038.460000,0.000000,229.205400,55.000000,180.000000,nan,1903.423000,2347.644000
5,173.422800,-42.188730,24038.460000,0.000000,229.205400,55.000000,180.000000,nan,1903.423000,2347.644000
5,173.440900,-42.178090,24038.460000,0.005120,229.205400,55.000000,180.000000,nan,1903.423000,2347.644000
5,173.459000,-42.167450,24038.460000,0.049030,229.205400,55.000000,180.000000,nan,1903.423000,2347.644000
5,173.477100,-42.156810,24038.460000,0.117890,229.205400,55.000000,180.000000,nan,1903.423000,2347.644000
5,173.495200,-42.146170,24038.460000,0.185550,229.205400,55.000000,180.000000,nan,1903.423000,2347.644000
5,173.513300,-42.135530,24038.460000,0.226300,229.205400,55.000000,180.000000,nan,1903.423000,2347.644000
5,173.531400,-42.124890,24038.460000,0.222860,229.205400,55.000000,180.000000,nan,1903.423000,2347.644000
6,173.053800,-42.509110,1388.890000,0.658910,241.389500,70.000000,179.563200,nan,1929.235000,2956.050000
6,173.074900,-42.501520,1388.890000,1.547440,241.389500,70.000000,180.000000,nan,1929.235000,2956.050000
6,173.096000,-42.493930,1388.890000,2.414020,241.389500,70.000000,180.000000,nan,1929.235000,2956.050000
6,173.117100,-42.486340,1388.890000,3.075030,241.389500,70.000000,180.000000,nan,1929.235000,2956.050000
6,173.138200,-42.478750,1388.890000,3.067430,241.389500,70.000000,180.000000,nan,1929.235000,2956.050000
6,173.159300,-42.471160,1388.890000,2.142080,241.389500,70.000000,180.000000,nan,1929.235000,2956.050000
6,173.180400,-42.463570,1388.890000,0.821030,241.389500,70.000000,159.864500,nan,1929.235000,2956.050000
6,173.201500,-42.455980,1388.890000,0.562650,241.389500,70.000000,90.000000,nan,1929.235000,2956.050000
6,173.222600,-42.448390,1388.890000,0.405680,241.389500,70.000000,90.000000,nan,1929.235000,2956.050000
6,173.243700,-42.440800,1388.890000,0.071400,241.389500,70.000000,90.000000,nan,1929.235000,2956.050000
6,173.264800,-42.433210,1388.890000,0.019300,241.389500,70.000000,180.000000,nan,1929.235000,2956.050000
6,173.285900,-42.425620,1388.890000,0.063300,241.389500,70.000000,180.000000,nan,1929.235000,2956.050000
6,173.307000,-42.418030,1388.890000,0.029500,241.389500,70.000000,180.000000,nan,1929.235000,2956.050000
6,173.328100,-42.410440,1388.890000,0.000000,241.389500,70.000000,180.000000,nan,1929.235000,2956.050000
6,173.349200,-42.402850,1388.890000,0.000000,241.389500,70.000000,180.000000,nan,1929.235000,2956.050000
6,173.370300,-42.395260,1388.890000,0.000000,241.389500,70.000000,180.000000,nan,1929.235000,2956.050000
6,173.391400,-42.387670,1388.890000,0.000000,241.389500,70.000000,180.000000,nan,1929.235000,2956.050000
6,173.412500,-42.380080,1388.890000,0.229890,241.389500,70.000000,180.000000,nan,1929.235000,2956.050000
6,173.433600,-42.372490,1388.890000,0.858050,241.389500,70.000000,128.385800,nan,1929.235000,2956.050000
6,173.454700,-42.364900,1388.890000,0.637560,241.389500,70.000000,170.059100,nan,1929.235000,2956.050000
6,173.048400,-42.500930,4166.670000,0.562220,241.389500,70.000000,136.978700,nan,1929.235000,2956.050000
6,173.069500,-42.493340,4166.670000,0.894300,241.389500,70.000000,164.026400,nan,1929.235000,2956.050000
6,173.090600,-42.485750,4166.670000,1.196390,241.389500,70.000000,174.208000,nan,1929.235000,2956.050000
6,173.111700,-42.478160,4166.670000,1.329050,241.389500,70.000000,179.011200,nan,1929.235000,2956.050000
6,173.132800,-42.470570,4166.670000,1.219220,241.389500,70.000000,180.000000,nan,1929.235000,2956.050000
6,173.153900,-42.462980,4166.670000,0.876440,241.389500,70.000000,180.000000,nan,1929.235000,2956.050000
6,173.175000,-42.455390,4166.670000,0.453990,241.389500,70.000000,180.000000,nan,1929.235000,2956.050000
6,173.196100,-42.447800,4166.670000,0.137730,241.389500,70.000000,180.000000,nan,1929.235000,2956.050000
6,173.217200,-42.440210,4166.670000,0.000000,241.389500,70.000000,180.000000,nan,1929.235000,2956.050000
6,173.238300,-42.432620,4166.670000,0.000000,241.389500,70.000000,180.000000,nan,1929.235000,2956.050000
6,173.259400,-42.425030,4166.670000,0.113700,241.389500,70.000000,180.000000,nan,1929.235000,2956.050000
6,173.280500,-42.417440,4166.670000,0.212840,241.389500,70.000000,180.000000,nan,1929.235000,2956.050000
6,173.301600,-42.409850,4166.670000,0.177860,241.389500,70.000000,180.000000,nan,1929.235000,2956.050000
6,173.322700,-42.402260,4166.670000,0.076600,241.389500,70.000000,180.000000,nan,1929.235000,2956.050000
6,173.343800,-42.394670,4166.670000,0.004630,241.389500,70.000000,180.000000,nan,1929.235000,2956.050000
6,173.364900,-42.387080,4166.670000,0.000000,241.389500,70.000000,180.000000,nan,1929.235000,2956.050000
6,173.386000,-42.379490,4166.670000,0.000000,241.389500,70.000000,180.000000,nan,1929.235000,2956.050000
6,173.407100,-42.371900,4166.670000,0.022820,241.389500,70.000000,180.000000,nan,1929.235000,2956.050000
6,173.428200,-42.364310,4166.670000,0.069220,241.389500,70.000000,168.139700,nan,1929.235000,2956.050000
6,173.449300,-42.356720,4166.670000,0.068260,241.389500,70.000000,180.000000,nan,1929.235000,2956.050000
6,173.043000,-42.492750,6944.440000,0.395060,241.389500,70.000000,117.787100,nan,1929.235000,2956.049000
6,173.064100,-42.485160,6944.440000,0.410790,241.389500,70.000000,149.841100,nan,1929.235000,2956.049000
6,173.085200,-42.477570,6944.440000,0.443260,241.389500,70.000000,169.694400,nan,1929.235000,2956.049000
6,173.106300,-42.469980,6944.440000,0.420470,241.389500,70.000000,179.714200,nan,1929.235000,2956.049000
6,173.127400,-42.462390,6944.440000,0.334710,241.389500,70.000000,180.000000,nan,1929.235000,2956.049000
6,173.148500,-42.454800,6944.440000,0.216730,241.389500,70.000000,180.000000,nan,1929.235000,2956.049000
6,173.169600,-42.447210,6944.440000,0.104790,241.389500,70.000000,180.000000,nan,1929.235000,2956.049000
6,173.190700,-42.439620,6944.440000,0.027010,241.389500,70.000000,180.000000,nan,1929.235000,2956.049000
6,173.211800,-42.432030,6944.440000,0.000000,241.389500,70.000000,180.000000,nan,1929.235000,2956.049000
6,173.232900,-42.424440,6944.440000,0.001080,241.389500,70.000000,180.000000,nan,1929.235000,2956.049000
6,173.254000,-42.416850,6944.440000,0.057880,241.389500,70.000000,180.000000,nan,1929.235000,2956.049000
6,173.275100,-42.409260,6944.440000,0.109220,241.389500,70.000000,180.000000,nan,1929.235000,2956.049000
6,173.296200,-42.401670,6944.440000,0.095390,241.389500,70.000000,180.000000,nan,1929.235000,2956.049000
6,173.317300,-42.394080,6944.440000,0.040320,241.389500,70.000000,180.000000,nan,1929.235000,2956.049000
6,173.338400,-42.386490,6944.440000,0.000000,241.389500,70.000000,180.000000,nan,1929.235000,2956.049000
6,173.359500,-42.378900,6944.440000,0.000000,241.389500,70.000000,180.000000,nan,1929.235000,2956.049000
6,173.380600,-42.371310,6944.440000,0.000000,241.389500,70.000000,180.000000,nan,1929.235000,2956.049000
6,173.401700,-42.363720,6944.440000,0.000000,241.389500,70.000000,180.000000,nan,1929.235000,2956.049000
6,173.422800,-42.356130,6944.440000,0.000000,241.389500,70.000000,180.000000,nan,1929.235000,2956.049000
6,173.443900,-42.348540,6944.440000,0.000000,241.389500,70.000000,180.000000,nan,1929.235000,2956.049000
6,173.037600,-42.484570,9722.220000,0.099510,241.389500,70.000000,117.261100,nan,1929.235000,2956.050000
6,173.058700,-42.476980,9722.220000,0.085560,241.389500,70.000000,153.880600,nan,1929.235000,2956.050000
6,173.079800,-42.469390,9722.220000,0.072100,241.389500,70.000000,180.000000,nan,1929.235000,2956.050000
6,173.100900,-42.461800,9722.220000,0.041560,241.389500,70.000000,180.000000,nan,1929.235000,2956.050000
6,173.122000,-42.454210,9722.220000,0.010540,241.389500,70.000000,180.000000,nan,1929.235000,2956.050000
6,173.143100,-42.446620,9722.220000,0.000000,241.389500,70.000000,180.000000,nan,1929.235000,2956.050000
6,173.164200,-42.439030,9722.220000,0.000000,241.389500,70.000000,180.000000,nan,1929.235000,2956.050000
6,173.185300,-42.431440,9722.220000,0.000000,241.389500,70.000000,180.000000,nan,1929.235000,2956.050000
6,173.206400,-42.423850,9722.220000,0.000000,241.389500,70.000000,180.000000,nan,1929.235000,2956.050000
6,173.227500,-42.416260,9722.220000,0.000000,241.389500,70.000000,180.000000,nan,1929.235000,2956.050000
6,173.248600,-42.408670,9722.220000,0.000000,241.389500,70.000000,180.000000,nan,1929.235000,2956.050000
6,173.269700,-42.401080,9722.220000,0.004710,241.389500,70.000000,180.000000,nan,1929.235000,2956.050000
6,173.290800,-42.393490,9722.220000,0.003040,241.389500,70.000000,180.000000,nan,1929.235000,2956.050000
6,173.311900,-42.385900,9722.220000,0.000000,241.389500,70.000000,180.000000,nan,1929.235000,2956.050000
6,173.333000,-42.378310,9722.220000,0.000000,241.389500,70.000000,180.000000,nan,1929.235000,2956.050000
6,173.354100,-42.370720,9722.220000,0.000000,241.389500,70.000000,180.000000,nan,1929.235000,2956.050000
6,173.375200,-42.363130,9722.220000,0.000000,241.389500,70.000000,180.000000,nan,1929.235000,2956.050000
6,173.396300,-42.355540,9722.220000,0.000000,241.389500,70.000000,180.000000,nan,1929.235000,2956.050000
6,173.417400,-42.347950,9722.220000,0.000000,241.389500,70.000000,180.000000,nan,1929.235000,2956.050000
6,173.438500,-42.340360,9722.220000,0.000000,241.389500,70.000000,180.000000,nan,1929.235000,2956.050000
6,173.032200,-42.476390,12500.000000,0.000000,241.389500,70.000000,180.000000,nan,1929.235000,2956.050000
6,173.053300,-42.468800,12500.000000,0.000000,241.389500,70.000000,180.000000,nan,1929.235000,2956.050000
6,173.074400,-42.461210,12500.000000,0.000000,241.389500,70.000000,180.000000,nan,1929.235000,2956.050000
6,173.095500,-42.453620,12500.000000,0.000000,241.389500,70.000000,180.000000,nan,1929.235000,2956.050000
6,173.116600,-42.446030,12500.000000,0.000000,241.389500,70.000000,180.000000,nan,1929.235000,2956.050000
6,173.137700,-42.438440,12500.000000,0.000000,241.389500,70.000000,180.000000,nan,1929.235000,2956.050000
6,173.158800,-42.430850,12500.000000,0.000000,241.389500,70.000000,180.000000,nan,1929.235000,2956.050000
6,173.179900,-42.423260,12500.000000,0.000000,241.389500,70.000000,180.000000,nan,1929.235000,2956.050000
6,173.201000,-42.415670,12500.000000,0.000000,241.389500,70.000000,180.000000,nan,1929.235000,2956.050000
6,173.222100,-42.408080,12500.000000,0.000000,241.389500,70.000000,180.000000,nan,1929.235000,2956.050000
6,173.243200,-42.400490,12500.000000,0.000000,241.389500,70.000000,180.000000,nan,1929.235000,2956.050000
6,173.264300,-42.392900,12500.000000,0.000000,241.389500,70.000000,180.000000,nan,1929.235000,2956.050000
6,173.285400,-42.385310,12500.000000,0.000000,241.389500,70.000000,180.000000,nan,1929.235000,2956.050000
6,173.306500,-42.377720,12500.000000,0.000000,241.389500,70.000000,180.000000,nan,1929.235000,2956.050000
6,173.327600,-42.370130,12500.000000,0.000000,241.389500,70.000000,180.000000,nan,1929.235000,2956.050000
6,173.348700,-42.362540,12500.000000,0.000000,241.389500,70.000000,180.000000,nan,1929.235000,2956.050000
6,173.369800,-42.354950,12500.000000,0.000000,241.389500,70.000000,180.000000,nan,1929.235000,2956.050000
6,173.390900,-42.347360,12500.000000,0.000000,241.389500,70.000000,180.000000,nan,1929.235000,2956.050000
6,173.412000,-42.339770,12500.000000,0.000000,241.389500,70.000000,180.000000,nan,1929.235000,2956.050000
6,173.433100,-42.332180,12500.000000,0.000000,241.389500,70.000000,180.000000,nan,1929.235000,2956.050000
6,173.026800,-42.468210,15277.780000,0.000000,241.389500,70.000000,180.000000,nan,1929.235000,2956.050000
6,173.047900,-42.460620,15277.780000,0.000000,241.389500,70.000000,180.000000,nan,1929.235000,2956.050000
6,173.069000,-42.453030,15277.780000,0.000000,241.389500,70.000000,180.000000,nan,1929.235000,2956.050000
6,173.090100,-42.445440,15277.780000,0.000000,241.389500,70.000000,180.000000,nan,1929.235000,2956.050000
6,173.111200,-42.437850,15277.780000,0.000000,241.389500,70.000000,180.000000,nan,1929.235000,2956.050000
6,173.132300,-42.430260,15277.780000,0.000000,241.389500,70.000000,180.000000,nan,1929.235000,2956.050000
6,173.153400,-42.422670,15277.780000,0.000000,241.389500,70.000000,180.000000,nan,1929.235000,2956.050000
6,173.174500,-42.415080,15277.780000,0.000000,241.389500,70.000000,180.000000,nan,1929.235000,2956.050000
6,173.195600,-42.407490,15277.780000,0.000000,241.389500,70.000000,180.000000,nan,1929.235000,2956.050000
6,173.216700,-42.399900,15277.780000,0.000000,241.389500,70.000000,180.000000,nan,1929.235000,2956.050000
6,173.237800,-42.392310,15277.780000,0.000000,241.389500,70.000000,180.000000,nan,1929.235000,2956.050000
6,173.258900,-42.384720,15277.780000,0.000000,241.389500,70.000000,180.000000,nan,1929.235000,2956.050000
6,173.280000,-42.377130,15277.780000,0.000000,241.389500,70.000000,180.000000,nan,1929.235000,2956.050000
6,173.301100,-42.369540,15277.780000,0.000000,241.389500,70.000000,180.000000,nan,1929.235000,2956.050000
6,173.322200,-42.361950,15277.780000,0.000000,241.389500,70.000000,180.000000,nan,1929.235000,2956.050000
6,173.343300,-42.354360,15277.780000,0.000000,241.389500,70.000000,180.000000,nan,1929.235000,2956.050000
6,173.364400,-42.346770,15277.780000,0.000000,241.389500,70.000000,180.000000,nan,1929.235000,2956.050000
6,173.385500,-42.339180,15277.780000,0.000000,241.389500,70.000000,180.000000,nan,1929.235000,2956.050000
6,173.406600,-42.331590,15277.780000,0.000000,241.389500,70.000000,180.000000,nan,1929.235000,2956.050000
6,173.427700,-42.324000,15277.780000,0.000000,241.389500,70.000000,180.000000,nan,1929.235000,2956.050000
6,173.021400,-42.460030,18055.560000,0.000000,241.389500,70.000000,180.000000,nan,1929.235000,2956.049000
6,173.042500,-42.452440,18055.560000,0.000000,241.389500,70.000000,180.000000,nan,1929.235000,2956.049000
6,173.063600,-42.444850,18055.560000,0.000000,241.389500,70.000000,180.000000,nan,1929.235000,2956.049000
6,173.084700,-42.437260,18055.560000,0.000000,241.389500,70.000000,180.000000,nan,1929.235000,2956.049000
6,173.105800,-42.429670,18055.560000,0.000000,241.389500,70.000000,180.000000,nan,1929.235000,2956.049000
6,173.126900,-42.422080,18055.560000,0.000000,241.389500,70.000000,180.000000,nan,1929.235000,2956.049000
6,173.148000,-42.414490,18055.560000,0.000000,241.389500,70.000000,180.000000,nan,1929.235000,2956.049000
6,173.169100,-42.406900,18055.560000,0.000000,241.389500,70.000000,180.000000,nan,1929.235000,2956.049000
6,173.190200,-42.399310,18055.560000,0.000000,241.389500,70.000000,180.000000,nan,1929.235000,2956.049000
6,173.211300,-42.391720,18055.560000,0.000000,241.389500,70.000000,180.000000,nan,1929.235000,2956.049000
6,173.232400,-42.384130,18055.560000,0.000000,241.389500,70.000000,180.000000,nan,1929.235000,2956.049000
6,173.253500,-42.376540,18055.560000,0.000000,241.389500,70.000000,180.000000,nan,1929.235000,2956.049000
6,173.274600,-42.368950,18055.560000,0.000000,241.389500,70.000000,180.000000,nan,1929.235000,2956.049000
6,173.295700,-42.361360,18055.560000,0.000000,241.389500,70.000000,180.000000,nan,1929.235000,2956.049000
6,173.316800,-42.353770,18055.560000,0.000000,241.389500,70.000000,180.000000,nan,1929.235000,2956.049000
6,173.337900,-42.346180,18055.560000,0.000000,241.389500,70.000000,180.000000,nan,1929.235000,2956.049000
6,173.359000,-42.338590,18055.560000,0.000000,241.389500,70.000000,180.000000,nan,1929.235000,2956.049000
6,173.380100,-42.331000,18055.560000,0.000000,241.389500,70.000000,180.000000,nan,1929.235000,2956.049000
6,173.401200,-42.323410,18055.560000,0.000000,241.389500,70.000000,180.000000,nan,1929.235000,2956.049000
6,173.422300,-42.315820,18055.560000,0.000000,241.389500,70.000000,180.000000,nan,1929.235000,2956.049000
6,173.016000,-42.451850,20833.330000,0.000000,241.389500,70.000000,180.000000,nan,1929.235000,2956.050000
6,173.037100,-42.444260,20833.330000,0.000000,241.389500,70.000000,180.000000,nan,1929.235000,2956.050000
6,173.058200,-42.436670,20833.330000,0.000000,241.389500,70.000000,180.000000,nan,1929.235000,2956.050000
6,173.079300,-42.429080,20833.330000,0.000000,241.389500,70.000000,180.000000,nan,1929.235000,2956.050000
6,173.100400,-42.421490,20833.330000,0.000000,241.389500,70.000000,180.000000,nan,1929.235000,2956.050000
6,173.121500,-42.413900,20833.330000,0.000000,241.389500,70.000000,180.000000,nan,1929.235000,2956.050000
6,173.142600,-42.406310,20833.330000,0.000000,241.389500,70.000000,180.000000,nan,1929.235000,2956.050000
6,173.163700,-42.398720,20833.330000,0.000000,241.389500,70.000000,180.000000,nan,1929.235000,2956.050000
6,173.184800,-42.391130,20833.330000,0.000000,241.389500,70.000000,180.000000,nan,1929.235000,2956.050000
6,173.205900,-42.383540,20833.330000,0.000000,241.389500,70.000000,180.000000,nan,1929.235000,2956.050000
6,173.227000,-42.375950,20833.330000,0.000000,241.389500,70.000000,180.000000,nan,1929.235000,2956.050000
6,173.248100,-42.368360,20833.330000,0.000000,241.389500,70.000000,180.000000,nan,1929.235000,2956.050000
6,173.269200,-42.360770,20833.330000,0.000000,241.389500,70.000000,180.000000,nan,1929.235000,2956.050000
6,173.290300,-42.353180,20833.330000,0.000000,241.389500,70.000000,180.000000,nan,1929.235000,2956.050000
6,173.311400,-42.345590,20833.330000,0.000000,241.389500,70.000000,180.000000,nan,1929.235000,2956.050000
6,173.332500,-42.338000,20833.330000,0.000000,241.389500,70.000000,180.000000,nan,1929.235000,2956.050000
6,173.353600,-42.330410,20833.330000,0.000000,241.389500,70.000000,180.000000,nan,1929.235000,2956.050000
6,173.374700,-42.322820,20833.330000,0.000000,241.389500,70.000000,180.000000,nan,1929.235000,2956.050000
6,173.395800,-42.315230,20833.330000,0.000000,241.389500,70.000000,180.000000,nan,1929.235000,2956.050000
6,173.416900,-42.307640,20833.330000,0.000000,241.389500,70.000000,180.000000,nan,1929.235000,2956.050000
6,173.010600,-42.443670,23611.110000,0.000000,241.389500,70.000000,180.000000,nan,1929.235000,2956.050000
6,173.031700,-42.436080,23611.110000,0.000000,241.389500,70.000000,180.000000,nan,1929.235000,2956.050000
6,173.052800,-42.428490,23611.110000,0.000000,241.389500,70.000000,180.000000,nan,1929.235000,2956.050000
6,173.073900,-42.420900,23611.110000,0.000000,241.389500,70.000000,180.000000,nan,1929.235000,2956.050000
6,173.095000,-42.413310,23611.110000,0.000000,241.389500,70.000000,180.000000,nan,1929.235000,2956.050000
6,173.116100,-42.405720,23611.110000,0.000000,241.389500,70.000000,180.000000,nan,1929.235000,2956.050000
6,173.137200,-42.398130,23611.110000,0.000000,241.389500,70.000000,180.000000,nan,1929.235000,2956.050000
6,173.158300,-42.390540,23611.110000,0.000000,241.389500,70.000000,180.000000,nan,1929.235000,2956.050000
6,173.179400,-42.382950,23611.110000,0.000000,241.389500,70.000000,180.000000,nan,1929.235000,2956.050000
6,173.200500,-42.375360,23611.110000,0.000000,241.389500,70.000000,180.000000,nan,1929.235000,2956.050000
6,173.221600,-42.367770,23611.110000,0.000000,241.389500,70.000000,180.000000,nan,1929.235000,2956.050000
6,173.242700,-42.360180,23611.110000,0.000000,241.389500,70.000000,180.000000,nan,1929.235000,2956.050000
6,173.263800,-42.352590,23611.110000,0.000000,241.389500,70.000000,180.000000,nan,1929.235000,2956.050000
6,173.284900,-42.345000,23611.110000,0.000000,241.389500,70.000000,180.000000,nan,1929.235000,2956.050000
6,173.306000,-42.337410,23611.110000,0.000000,241.389500,70.000000,180.000000,nan,1929.235000,2956.050000
6,173.327100,-42.329820,23611.110000,0.000000,241.389500,70.000000,180.000000,nan,1929.235000,2956.050000
6,173.348200,-42.322230,23611.110000,0.000000,241.389500,70.000000,180.000000,nan,1929.235000,2956.050000
6,173.369300,-42.314640,23611.110000,0.000000,241.389500,70.000000,180.000000,nan,1929.235000,2956.050000
6,173.390400,-42.307050,23611.110000,0.000000,241.389500,70.000000,180.000000,nan,1929.235000,2956.050000
6,173.411500,-42.299460,23611.110000,0.000000,241.389500,70.000000,180.000000,nan,1929.235000,2956.050000
7,173.475300,-42.356660,1388.890000,0.216450,243.778000,70.000000,123.021500,nan,1965.706000,2956.050000
7,173.497100,-42.349510,1388.890000,0.000000,243.778000,70.000000,180.000000,nan,1965.706000,2956.050000
7,173.518900,-42.342360,1388.890000,0.000000,243.778000,70.000000,180.000000,nan,1965.706000,2956.050000
7,173.540700,-42.335210,1388.890000,0.147140,243.778000,70.000000,90.000000,nan,1965.706000,2956.050000
7,173.562500,-42.328060,1388.890000,0.365590,243.778000,70.000000,98.210290,nan,1965.706000,2956.050000
7,173.584300,-42.320910,1388.890000,0.000000,243.778000,70.000000,180.000000,nan,1965.706000,2956.050000
7,173.606100,-42.313760,1388.890000,0.000000,243.778000,70.000000,180.000000,nan,1965.706000,2956.050000
7,173.627900,-42.306610,1388.890000,1.124190,243.778000,70.000000,173.476900,nan,1965.706000,2956.050000
7,173.649700,-42.299460,1388.890000,1.409410,243.778000,70.000000,180.000000,nan,1965.706000,2956.050000
7,173.671500,-42.292310,1388.890000,1.463310,243.778000,70.000000,180.000000,nan,1965.706000,2956.050000
7,173.693300,-42.285160,1388.890000,1.968070,243.778000,70.000000,180.000000,nan,1965.706000,2956.050000
7,173.715100,-42.278010,1388.890000,3.318630,243.778000,70.000000,180.000000,nan,1965.706000,2956.050000
7,173.736900,-42.270860,1388.890000,4.995360,243.778000,70.000000,180.000000,nan,1965.706000,2956.050000
7,173.758700,-42.263710,1388.890000,6.375750,243.778000,70.000000,180.000000,nan,1965.706000,2956.050000
7,173.780500,-42.256560,1388.890000,7.132860,243.778000,70.000000,180.000000,nan,1965.706000,2956.050000
7,173.802300,-42.249410,1388.890000,7.003320,243.778000,70.000000,180.000000,nan,1965.706000,2956.050000
7,173.824100,-42.242260,1388.890000,6.097440,243.778000,70.000000,180.000000,nan,1965.706000,2956.050000
7,173.845900,-42.235110,1388.890000,4.755990,243.778000,70.000000,180.000000,nan,1965.706000,2956.050000
7,173.867700,-42.227960,1388.890000,3.355300,243.778000,70.000000,180.000000,nan,1965.706000,2956.050000
7,173.889500,-42.220810,1388.890000,2.153920,243.778000,70.000000,180.000000,nan,1965.706000,2956.050000
7,173.911300,-42.213660,1388.890000,1.214730,243.778000,70.000000,180.000000,nan,1965.706000,2956.050000
7,173.933100,-42.206510,1388.890000,0.472760,243.778000,70.000000,180.000000,nan,1965.706000,2956.050000
7,173.954900,-42.199360,1388.890000,0.000000,243.778000,70.000000,180.000000,nan,1965.706000,2956.050000
7,173.976700,-42.192210,1388.890000,0.000000,243.778000,70.000000,180.000000,nan,1965.706000,2956.050000
7,173.998500,-42.185060,1388.890000,0.000000,243.778000,70.000000,180.000000,nan,1965.706000,2956.050000
7,174.020300,-42.177910,1388.890000,0.000000,243.778000,70.000000,180.000000,nan,1965.706000,2956.050000
7,174.042100,-42.170760,1388.890000,0.000000,243.778000,70.000000,180.000000,nan,1965.706000,2956.050000
7,173.470400,-42.348340,4166.670000,0.000000,243.778000,70.000000,180.000000,nan,1965.706000,2956.050000
7,173.492200,-42.341190,4166.670000,0.000000,243.778000,70.000000,180.000000,nan,1965.706000,2956.050000
7,173.514000,-42.334040,4166.670000,0.000000,243.778000,70.000000,180.000000,nan,1965.706000,2956.050000
7,173.535800,-42.326890,4166.670000,0.000000,243.778000,70.000000,180.000000,nan,1965.706000,2956.050000
7,173.557600,-42.319740,4166.670000,0.000000,243.778000,70.000000,180.000000,nan,1965.706000,2956.050000
7,173.579400,-42.312590,4166.670000,0.000000,243.778000,70.000000,180.000000,nan,1965.706000,2956.050000
7,173.601200,-42.305440,4166.670000,0.000000,243.778000,70.000000,180.000000,nan,1965.706000,2956.050000
7,173.623000,-42.298290,4166.670000,0.201430,243.778000,70.000000,177.597100,nan,1965.706000,2956.050000
7,173.644800,-42.291140,4166.670000,0.397820,243.778000,70.000000,180.000000,nan,1965.706000,2956.050000
7,173.666600,-42.283990,4166.670000,0.647190,243.778000,70.000000,180.000000,nan,1965.706000,2956.050000
7,173.688400,-42.276840,4166.670000,1.080500,243.778000,70.000000,180.000000,nan,1965.706000,2956.050000
7,173.710200,-42.269690,4166.670000,1.739740,243.778000,70.000000,180.000000,nan,1965.706000,2956.050000
7,173.732000,-42.262540,4166.670000,2.468060,243.778000,70.000000,180.000000,nan,1965.706000,2956.050000
7,173.753800,-42.255390,4166.670000,3.076420,243.778000,70.000000,180.000000,nan,1965.706000,2956.050000
7,173.775600,-42.248240,4166.670000,3.390470,243.778000,70.000000,180.000000,nan,1965.706000,2956.050000
7,173.797400,-42.241090,4166.670000,3.298190,243.778000,70.000000,180.000000,nan,1965.706000,2956.050000
7,173.819200,-42.233940,4166.670000,2.836630,243.778000,70.000000,180.000000,nan,1965.706000,2956.050000
7,173.841000,-42.226790,4166.670000,2.158520,243.778000,70.000000,180.000000,nan,1965.706000,2956.050000
7,173.862800,-42.219640,4166.670000,1.453530,243.778000,70.000000,180.000000,nan,1965.706000,2956.050000
7,173.884600,-42.212490,4166.670000,0.871590,243.778000,70.000000,180.000000,nan,1965.706000,2956.050000
7,173.906400,-42.205340,4166.670000,0.467640,243.778000,70.000000,173.421900,nan,1965.706000,2956.050000
7,173.928200,-42.198190,4166.670000,0.385980,243.778000,70.000000,118.278800,nan,1965.706000,2956.050000
7,173.950000,-42.191040,4166.670000,0.736940,243.778000,70.000000,90.000000,nan,1965.706000,2956.050000
7,173.971800,-42.183890,4166.670000,0.981130,243.778000,70.000000,90.000000,nan,1965.706000,2956.050000
7,173.993600,-42.176740,4166.670000,0.957960,243.778000,70.000000,90.000000,nan,1965.706000,2956.050000
7,174.015400,-42.169590,4166.670000,0.760320,243.778000,70.000000,90.000000,nan,1965.706000,2956.050000
7,174.037200,-42.162440,4166.670000,0.538550,243.778000,70.000000,90.000000,nan,1965.706000,2956.050000
7,173.465500,-42.340020,6944.440000,0.000000,243.778000,70.000000,180.000000,nan,1965.706000,2956.049000
7,173.487300,-42.332870,6944.440000,0.000000,243.778000,70.000000,180.000000,nan,1965.706000,2956.049000
7,173.509100,-42.325720,6944.440000,0.000000,243.778000,70.000000,180.000000,nan,1965.706000,2956.049000
7,173.530900,-42.318570,6944.440000,0.000000,243.778000,70.000000,180.000000,nan,1965.706000,2956.049000
7,173.552700,-42.311420,6944.440000,0.000000,243.778000,70.000000,180.000000,nan,1965.706000,2956.049000
7,173.574500,-42.304270,6944.440000,0.000000,243.778000,70.000000,180.000000,nan,1965.706000,2956.049000
7,173.596300,-42.297120,6944.440000,0.000000,243.778000,70.000000,180.000000,nan,1965.706000,2956.049000
7,173.618100,-42.289970,6944.440000,0.000000,243.778000,70.000000,180.000000,nan,1965.706000,2956.049000
7,173.639900,-42.282820,6944.440000,0.012220,243.778000,70.000000,180.000000,nan,1965.706000,2956.049000
7,173.661700,-42.275670,6944.440000,0.097080,243.778000,70.000000,180.000000,nan,1965.706000,2956.049000
7,173.683500,-42.268520,6944.440000,0.262510,243.778000,70.000000,180.000000,nan,1965.706000,2956.049000
7,173.705300,-42.261370,6944.440000,0.487720,243.778000,70.000000,180.000000,nan,1965.706000,2956.049000
7,173.727100,-42.254220,6944.440000,0.720060,243.778000,70.000000,180.000000,nan,1965.706000,2956.049000
7,173.748900,-42.247070,6944.440000,0.906980,243.778000,70.000000,180.000000,nan,1965.706000,2956.049000
7,173.770700,-42.239920,6944.440000,0.993140,243.778000,70.000000,180.000000,nan,1965.706000,2956.049000
7,173.792500,-42.232770,6944.440000,0.937310,243.778000,70.000000,180.000000,nan,1965.706000,2956.049000
7,173.814300,-42.225620,6944.440000,0.749400,243.778000,70.000000,180.000000,nan,1965.706000,2956.049000
7,173.836100,-42.218470,6944.440000,0.488200,243.778000,70.000000,180.000000,nan,1965.706000,2956.049000
7,173.857900,-42.211320,6944.440000,0.235280,243.778000,70.000000,180.000000,nan,1965.706000,2956.049000
7,173.879700,-42.204170,6944.440000,0.063290,243.778000,70.000000,180.000000,nan,1965.706000,2956.049000
7,173.901500,-42.197020,6944.440000,0.000000,243.778000,70.000000,180.000000,nan,1965.706000,2956.049000
7,173.923300,-42.189870,6944.440000,0.169620,243.778000,70.000000,90.000000,nan,1965.706000,2956.049000
7,173.945100,-42.182720,6944.440000,0.500170,243.778000,70.000000,90.000000,nan,1965.706000,2956.049000
7,173.966900,-42.175570,6944.440000,0.773410,243.778000,70.000000,90.000000,nan,1965.706000,2956.049000
7,173.988700,-42.168420,6944.440000,0.829740,243.778000,70.000000,90.000000,nan,1965.706000,2956.049000
7,174.010500,-42.161270,6944.440000,0.696120,243.778000,70.000000,90.000000,nan,1965.706000,2956.049000
7,174.032300,-42.154120,6944.440000,0.502010,243.778000,70.000000,90.000000,nan,1965.706000,2956.049000
7,173.460600,-42.331700,9722.220000,0.000000,243.778000,70.000000,180.000000,nan,1965.706000,2956.050000
7,173.482400,-42.324550,9722.220000,0.000000,243.778000,70.000000,180.000000,nan,1965.706000,2956.050000
7,173.504200,-42.317400,9722.220000,0.000000,243.778000,70.000000,180.000000,nan,1965.706000,2956.050000
7,173.526000,-42.310250,9722.220000,0.000000,243.778000,70.000000,180.000000,nan,1965.706000,2956.050000
7,173.547800,-42.303100,9722.220000,0.000000,243.778000,70.000000,180.000000,nan,1965.706000,2956.050000
7,173.569600,-42.295950,9722.220000,0.000000,243.778000,70.000000,180.000000,nan,1965.706000,2956.050000
7,173.591400,-42.288800,9722.220000,0.000000,243.778000,70.000000,180.000000,nan,1965.706000,2956.050000
7,173.613200,-42.281650,9722.220000,0.000000,243.778000,70.000000,180.000000,nan,1965.706000,2956.050000
7,173.635000,-42.274500,9722.220000,0.000000,243.778000,70.000000,180.000000,nan,1965.706000,2956.050000
7,173.656800,-42.267350,9722.220000,0.000000,243.778000,70.000000,180.000000,nan,1965.706000,2956.050000
7,173.678600,-42.260200,9722.220000,0.000000,243.778000,70.000000,180.000000,nan,1965.706000,2956.050000
7,173.700400,-42.253050,9722.220000,0.000000,243.778000,70.000000,180.000000,nan,1965.706000,2956.050000
7,173.722200,-42.245900,9722.220000,0.000000,243.778000,70.000000,180.000000,nan,1965.706000,2956.050000
7,173.744000,-42.238750,9722.220000,0.004310,243.778000,70.000000,180.000000,nan,1965.706000,2956.050000
7,173.765800,-42.231600,9722.220000,0.007850,243.778000,70.000000,180.000000,nan,1965.706000,2956.050000
7,173.787600,-42.224450,9722.220000,0.003840,243.778000,70.000000,180.000000,nan,1965.706000,2956.050000
7,173.809400,-42.217300,9722.220000,0.000000,243.778000,70.000000,180.000000,nan,1965.706000,2956.050000
7,173.831200,-42.210150,9722.220000,0.000000,243.778000,70.000000,180.000000,nan,1965.706000,2956.050000
7,173.853000,-42.203000,9722.220000,0.000000,243.778000,70.000000,180.000000,nan,1965.706000,2956.050000
7,173.874800,-42.195850,9722.220000,0.000000,243.778000,70.000000,180.000000,nan,1965.706000,2956.050000
7,173.896600,-42.188700,9722.220000,0.000000,243.778000,70.000000,180.000000,nan,1965.706000,2956.050000
7,173.918400,-42.181550,9722.220000,0.000000,243.778000,70.000000,180.000000,nan,1965.706000,2956.050000
7,173.940200,-42.174400,9722.220000,0.068440,243.778000,70.000000,90.000000,nan,1965.706000,2956.050000
7,173.962000,-42.167250,9722.220000,0.179280,243.778000,70.000000,90.000000,nan,1965.706000,2956.050000
7,173.983800,-42.160100,9722.220000,0.231030,243.778000,70.000000,90.000000,nan,1965.706000,2956.050000
7,174.005600,-42.152950,9722.220000,0.200060,243.778000,70.000000,90.000000,nan,1965.706000,2956.050000
7,174.027400,-42.145800,9722.220000,0.134900,243.778000,70.000000,90.000000,nan,1965.706000,2956.050000
7,173.455700,-42.323380,12500.000000,0.000000,243.778000,70.000000,180.000000,nan,1965.706000,2956.050000
7,173.477500,-42.316230,12500.000000,0.000000,243.778000,70.000000,180.000000,nan,1965.706000,2956.050000
7,173.499300,-42.309080,12500.000000,0.000000,243.778000,70.000000,180.000000,nan,1965.706000,2956.050000
7,173.521100,-42.301930,12500.000000,0.000000,243.778000,70.000000,180.000000,nan,1965.706000,2956.050000
7,173.542900,-42.294780,12500.000000,0.000000,243.778000,70.000000,180.000000,nan,1965.706000,2956.050000
7,173.564700,-42.287630,12500.000000,0.000000,243.778000,70.000000,180.000000,nan,1965.706000,2956.050000
7,173.586500,-42.280480,12500.000000,0.000000,243.778000,70.000000,180.000000,nan,1965.706000,2956.050000
7,173.608300,-42.273330,12500.000000,0.000000,243.778000,70.000000,180.000000,nan,1965.706000,2956.050000
7,173.630100,-42.266180,12500.000000,0.000000,243.778000,70.000000,180.000000,nan,1965.706000,2956.050000
7,173.651900,-42.259030,12500.000000,0.000000,243.778000,70.000000,180.000000,nan,1965.706000,2956.050000
7,173.673700,-42.251880,12500.000000,0.000000,243.778000,70.000000,180.000000,nan,1965.706000,2956.050000
7,173.695500,-42.244730,12500.000000,0.000000,243.778000,70.000000,180.000000,nan,1965.706000,2956.050000
7,173.717300,-42.237580,12500.000000,0.000000,243.778000,70.000000,180.000000,nan,1965.706000,2956.050000
7,173.739100,-42.230430,12500.000000,0.000000,243.778000,70.000000,180.000000,nan,1965.706000,2956.050000
7,173.760900,-42.223280,12500.000000,0.000000,243.778000,70.000000,180.000000,nan,1965.706000,2956.050000
7,173.782700,-42.216130,12500.000000,0.000000,243.778000,70.000000,180.000000,nan,1965.706000,2956.050000
7,173.804500,-42.208980,12500.000000,0.000000,243.778000,70.000000,180.000000,nan,1965.706000,2956.050000
7,173.826300,-42.201830,12500.000000,0.000000,243.778000,70.000000,180.000000,nan,1965.706000,2956.050000
7,173.848100,-42.194680,12500.000000,0.000000,243.778000,70.000000,180.000000,nan,1965.706000,2956.050000
7,173.869900,-42.187530,12500.000000,0.000000,243.778000,70.000000,180.000000,nan,1965.706000,2956.050000
7,173.891700,-42.180380,12500.000000,0.000000,243.778000,70.000000,180.000000,nan,1965.706000,2956.050000
7,173.913500,-42.173230,12500.000000,0.000000,243.778000,70.000000,180.000000,nan,1965.706000,2956.050000
7,173.935300,-42.166080,12500.000000,0.000000,243.778000,70.000000,180.000000,nan,1965.706000,2956.050000
7,173.957100,-42.158930,12500.000000,0.000000,243.778000,70.000000,180.000000,nan,1965.706000,2956.050000
7,173.978900,-42.151780,12500.000000,0.000000,243.778000,70.000000,180.000000,nan,1965.706000,2956.050000
7,174.000700,-42.144630,12500.000000,0.000000,243.778000,70.000000,180.000000,nan,1965.706000,2956.050000
7,174.022500,-42.137480,12500.000000,0.000000,243.778000,70.000000,180.000000,nan,1965.706000,2956.050000
7,173.450800,-42.315060,15277.780000,0.000000,243.778000,70.000000,180.000000,nan,1965.706000,2956.050000
7,173.472600,-42.307910,15277.780000,0.000000,243.778000,70.000000,180.000000,nan,1965.706000,2956.050000
7,173.494400,-42.300760,15277.780000,0.000000,243.778000,70.000000,180.000000,nan,1965.706000,2956.050000
7,173.516200,-42.293610,15277.780000,0.000000,243.778000,70.000000,180.000000,nan,1965.706000,2956.050000
7,173.538000,-42.286460,15277.780000,0.000000,243.778000,70.000000,180.000000,nan,1965.706000,2956.050000
7,173.559800,-42.279310,15277.780000,0.000000,243.778000,70.000000,180.000000,nan,1965.706000,2956.050000
7,173.581600,-42.272160,15277.780000,0.000000,243.778000,70.000000,180.000000,nan,1965.706000,2956.050000
7,173.603400,-42.265010,15277.780000,0.000000,243.778000,70.000000,180.000000,nan,1965.706000,2956.050000
7,173.625200,-42.257860,15277.780000,0.000000,243.778000,70.000000,180.000000,nan,1965.706000,2956.050000
7,173.647000,-42.250710,15277.780000,0.000000,243.778000,70.000000,180.000000,nan,1965.706000,2956.050000
7,173.668800,-42.243560,15277.780000,0.000000,243.778000,70.000000,180.000000,nan,1965.706000,2956.050000
7,173.690600,-42.236410,15277.780000,0.000000,243.778000,70.000000,180.000000,nan,1965.706000,2956.050000
7,173.712400,-42.229260,15277.780000,0.000000,243.778000,70.000000,180.000000,nan,1965.706000,2956.050000
7,173.734200,-42.222110,15277.780000,0.000000,243.778000,70.000000,180.000000,nan,1965.706000,2956.050000
7,173.756000,-42.214960,15277.780000,0.000000,243.778000,70.000000,180.000000,nan,1965.706000,2956.050000
7,173.777800,-42.207810,15277.780000,0.000000,243.778000,70.000000,180.000000,nan,1965.706000,2956.050000
7,173.799600,-42.200660,15277.780000,0.000000,243.778000,70.000000,180.000000,nan,1965.706000,2956.050000
7,173.821400,-42.193510,15277.780000,0.000000,243.778000,70.000000,180.000000,nan,1965.706000,2956.050000
7,173.843200,-42.186360,15277.780000,0.000000,243.778000,70.000000,180.000000,nan,1965.706000,2956.050000
7,173.865000,-42.179210,15277.780000,0.000000,243.778000,70.000000,180.000000,nan,1965.706000,2956.050000
7,173.886800,-42.172060,15277.780000,0.000000,243.778000,70.000000,180.000000,nan,1965.706000,2956.050000
7,173.908600,-42.164910,15277.780000,0.000000,243.778000,70.000000,180.000000,nan,1965.706000,2956.050000
7,173.930400,-42.157760,15277.780000,0.000000,243.778000,70.000000,180.000000,nan,1965.706000,2956.050000
7,173.952200,-42.150610,15277.780000,0.000000,243.778000,70.000000,180.000000,nan,1965.706000,2956.050000
7,173.974000,-42.143460,15277.780000,0.000000,243.778000,70.000000,180.000000,nan,1965.706000,2956.050000
7,173.995800,-42.136310,15277.780000,0.000000,243.778000,70.000000,180.000000,nan,1965.706000,2956.050000
7,174.017600,-42.129160,15277.780000,0.000000,243.778000,70.000000,180.000000,nan,1965.706000,2956.050000
7,173.445900,-42.306740,18055.560000,0.000000,243.778000,70.000000,180.000000,nan,1965.706000,2956.049000
7,173.467700,-42.299590,18055.560000,0.000000,243.778000,70.000000,180.000000,nan,1965.706000,2956.049000
7,173.489500,-42.292440,18055.560000,0.000000,243.778000,70.000000,180.000000,nan,1965.706000,2956.049000
7,173.511300,-42.285290,18055.560000,0.000000,243.778000,70.000000,180.000000,nan,1965.706000,2956.049000
7,173.533100,-42.278140,18055.560000,0.000000,243.778000,70.000000,180.000000,nan,1965.706000,2956.049000
7,173.554900,-42.270990,18055.560000,0.000000,243.778000,70.000000,180.000000,nan,1965.706000,2956.049000
7,173.576700,-42.263840,18055.560000,0.000000,243.778000,70.000000,180.000000,nan,1965.706000,2956.049000
7,173.598500,-42.256690,18055.560000,0.000000,243.778000,70.000000,180.000000,nan,1965.706000,2956.049000
7,173.620300,-42.249540,18055.560000,0.000000,243.778000,70.000000,180.000000,nan,1965.706000,2956.049000
7,173.642100,-42.242390,18055.560000,0.000000,243.778000,70.000000,180.000000,nan,1965.706000,2956.049000
7,173.663900,-42.235240,18055.560000,0.000000,243.778000,70.000000,180.000000,nan,1965.706000,2956.049000
7,173.685700,-42.228090,18055.560000,0.000000,243.778000,70.000000,180.000000,nan,1965.706000,2956.049000
7,173.707500,-42.220940,18055.560000,0.000000,243.778000,70.000000,180.000000,nan,1965.706000,2956.049000
7,173.729300,-42.213790,18055.560000,0.000000,243.778000,70.000000,180.000000,nan,1965.706000,2956.049000
7,173.751100,-42.206640,18055.560000,0.000000,243.778000,70.000000,180.000000,nan,1965.706000,2956.049000
7,173.772900,-42.199490,18055.560000,0.000000,243.778000,70.000000,180.000000,nan,1965.706000,2956.049000
7,173.794700,-42.192340,18055.560000,0.000000,243.778000,70.000000,180.000000,nan,1965.706000,2956.049000
7,173.816500,-42.185190,18055.560000,0.000000,243.778000,70.000000,180.000000,nan,1965.706000,2956.049000
7,173.838300,-42.178040,18055.560000,0.000000,243.778000,70.000000,180.000000,nan,1965.706000,2956.049000
7,173.860100,-42.170890,18055.560000,0.000000,243.778000,70.000000,180.000000,nan,1965.706000,2956.049000
7,173.881900,-42.163740,18055.560000,0.000000,243.778000,70.000000,180.000000,nan,1965.706000,2956.049000
7,173.903700,-42.156590,18055.560000,0.000000,243.778000,70.000000,180.000000,nan,1965.706000,2956.049000
7,173.925500,-42.149440,18055.560000,0.000000,243.778000,70.000000,180.000000,nan,1965.706000,2956.049000
7,173.947300,-42.142290,18055.560000,0.000000,243.778000,70.000000,180.000000,nan,1965.706000,2956.049000
7,173.969100,-42.135140,18055.560000,0.000000,243.778000,70.000000,180.000000,nan,1965.706000,2956.049000
7,173.990900,-42.127990,18055.560000,0.000000,243.778000,70.000000,180.000000,nan,1965.706000,2956.049000
7,174.012700,-42.120840,18055.560000,0.000000,243.778000,70.000000,180.000000,nan,1965.706000,2956.049000
7,173.441000,-42.298420,20833.330000,0.000000,243.778000,70.000000,180.000000,nan,1965.706000,2956.050000
7,173.462800,-42.291270,20833.330000,0.000000,243.778000,70.000000,180.000000,nan,1965.706000,2956.050000
7,173.484600,-42.284120,20833.330000,0.000000,243.778000,70.000000,180.000000,nan,1965.706000,2956.050000
7,173.506400,-42.276970,20833.330000,0.000000,243.778000,70.000000,180.000000,nan,1965.706000,2956.050000
7,173.528200,-42.269820,20833.330000,0.000000,243.778000,70.000000,180.000000,nan,1965.706000,2956.050000
7,173.550000,-42.262670,20833.330000,0.000000,243.778000,70.000000,180.000000,nan,1965.706000,2956.050000
7,173.571800,-42.255520,20833.330000,0.000000,243.778000,70.000000,180.000000,nan,1965.706000,2956.050000
7,173.593600,-42.248370,20833.330000,0.000000,243.778000,70.000000,180.000000,nan,1965.706000,2956.050000
7,173.615400,-42.241220,20833.330000,0.000000,243.778000,70.000000,180.000000,nan,1965.706000,2956.050000
7,173.637200,-42.234070,20833.330000,0.000000,243.778000,70.000000,180.000000,nan,1965.706000,2956.050000
7,173.659000,-42.226920,20833.330000,0.000000,243.778000,70.000000,180.000000,nan,1965.706000,2956.050000
7,173.680800,-42.219770,20833.330000,0.000000,243.778000,70.000000,180.000000,nan,1965.706000,2956.050000
7,173.702600,-42.212620,20833.330000,0.000000,243.778000,70.000000,180.000000,nan,1965.706000,2956.050000
7,173.724400,-42.205470,20833.330000,0.000000,243.778000,70.000000,180.000000,nan,1965.706000,2956.050000
7,173.746200,-42.198320,20833.330000,0.000000,243.778000,70.000000,180.000000,nan,1965.706000,2956.050000
7,173.768000,-42.191170,20833.330000,0.000000,243.778000,70.000000,180.000000,nan,1965.706000,2956.050000
7,173.789800,-42.184020,20833.330000,0.000000,243.778000,70.000000,180.000000,nan,1965.706000,2956.050000
7,173.811600,-42.176870,20833.330000,0.000000,243.778000,70.000000,180.000000,nan,1965.706000,2956.050000
7,173.833400,-42.169720,20833.330000,0.000000,243.778000,70.000000,180.000000,nan,1965.706000,2956.050000
7,173.855200,-42.162570,20833.330000,0.000000,243.778000,70.000000,180.000000,nan,1965.706000,2956.050000
7,173.877000,-42.155420,20833.330000,0.000000,243.778000,70.000000,180.000000,nan,1965.706000,2956.050000
7,173.898800,-42.148270,20833.330000,0.000000,243.778000,70.000000,180.000000,nan,1965.706000,2956.050000
7,173.920600,-42.141120,20833.330000,0.000000,243.778000,70.000000,180.000000,nan,1965.706000,2956.050000
7,173.942400,-42.133970,20833.330000,0.000000,243.778000,70.000000,180.000000,nan,1965.706000,2956.050000
7,173.964200,-42.126820,20833.330000,0.000000,243.778000,70.000000,180.000000,nan,1965.706000,2956.050000
7,173.986000,-42.119670,20833.330000,0.000000,243.778000,70.000000,180.000000,nan,1965.706000,2956.050000
7,174.007800,-42.112520,20833.330000,0.000000,243.778000,70.000000,180.000000,nan,1965.706000,2956.050000
7,173.436100,-42.290100,23611.110000,0.000000,243.778000,70.000000,180.000000,nan,1965.706000,2956.050000
7,173.457900,-42.282950,23611.110000,0.000000,243.778000,70.000000,180.000000,nan,1965.706000,2956.050000
7,173.479700,-42.275800,23611.110000,0.000000,243.778000,70.000000,180.000000,nan,1965.706000,2956.050000
7,173.501500,-42.268650,23611.110000,0.000000,243.778000,70.000000,180.000000,nan,1965.706000,2956.050000
7,173.523300,-42.261500,23611.110000,0.000000,243.778000,70.000000,180.000000,nan,1965.706000,2956.050000
7,173.545100,-42.254350,23611.110000,0.000000,243.778000,70.000000,180.000000,nan,1965.706000,2956.050000
7,173.566900,-42.247200,23611.110000,0.000000,243.778000,70.000000,180.000000,nan,1965.706000,2956.050000
7,173.588700,-42.240050,23611.110000,0.000000,243.778000,70.000000,180.000000,nan,1965.706000,2956.050000
7,173.610500,-42.232900,23611.110000,0.000000,243.778000,70.000000,180.000000,nan,1965.706000,2956.050000
7,173.632300,-42.225750,23611.110000,0.000000,243.778000,70.000000,180.000000,nan,1965.706000,2956.050000
7,173.654100,-42.218600,23611.110000,0.000000,243.778000,70.000000,180.000000,nan,1965.706000,2956.050000
7,173.675900,-42.211450,23611.110000,0.000000,243.778000,70.000000,180.000000,nan,1965.706000,2956.050000
7,173.697700,-42.204300,23611.110000,0.000000,243.778000,70.000000,180.000000,nan,1965.706000,2956.050000
7,173.719500,-42.197150,23611.110000,0.000000,243.778000,70.000000,180.000000,nan,1965.706000,2956.050000
7,173.741300,-42.190000,23611.110000,0.000000,243.778000,70.000000,180.000000,nan,1965.706000,2956.050000
7,173.763100,-42.182850,23611.110000,0.000000,243.778000,70.000000,180.000000,nan,1965.706000,2956.050000
7,173.784900,-42.175700,23611.110000,0.000000,243.778000,70.000000,180.000000,nan,1965.706000,2956.050000
7,173.806700,-42.168550,23611.110000,0.000000,243.778000,70.000000,180.000000,nan,1965.706000,2956.050000
7,173.828500,-42.161400,23611.110000,0.000000,243.778000,70.000000,180.000000,nan,1965.706000,2956.050000
7,173.850300,-42.154250,23611.110000,0.000000,243.778000,70.000000,180.000000,nan,1965.706000,2956.050000
7,173.872100,-42.147100,23611.110000,0.000000,243.778000,70.000000,180.000000,nan,1965.706000,2956.050000
7,173.893900,-42.139950,23611.110000,0.000000,243.778000,70.000000,180.000000,nan,1965.706000,2956.050000
7,173.915700,-42.132800,23611.110000,0.000000,243.778000,70.000000,180.000000,nan,1965.706000,2956.050000
7,173.937500,-42.125650,23611.110000,0.000000,243.778000,70.000000,180.000000,nan,1965.706000,2956.050000
7,173.959300,-42.118500,23611.110000,0.000000,243.778000,70.000000,180.000000,nan,1965.706000,2956.050000
7,173.981100,-42.111350,23611.110000,0.000000,243.778000,70.000000,180.000000,nan,1965.706000,2956.050000
7,174.002900,-42.104200,23611.110000,0.000000,243.778000,70.000000,180.000000,nan,1965.706000,2956.050000
8,172.887200,-42.625430,1250.000000,2.533920,267.985400,55.000000,180.000000,nan,1975.096000,3051.936000
8,172.911200,-42.625670,1250.000000,1.221850,267.985400,55.000000,180.000000,nan,1975.096000,3051.936000
8,172.935200,-42.625910,1250.000000,0.502890,267.985400,55.000000,180.000000,nan,1975.096000,3051.936000
8,172.959200,-42.626150,1250.000000,0.014030,267.985400,55.000000,180.000000,nan,1975.096000,3051.936000
8,172.983200,-42.626390,1250.000000,0.000000,267.985400,55.000000,180.000000,nan,1975.096000,3051.936000
8,173.007200,-42.626630,1250.000000,0.003760,267.985400,55.000000,180.000000,nan,1975.096000,3051.936000
8,172.887500,-42.609690,3750.000000,3.544960,267.985400,55.000000,180.000000,nan,1975.096000,3051.936000
8,172.911500,-42.609930,3750.000000,2.516850,267.985400,55.000000,180.000000,nan,1975.096000,3051.936000
8,172.935500,-42.610170,3750.000000,1.583800,267.985400,55.000000,180.000000,nan,1975.096000,3051.936000
8,172.959500,-42.610410,3750.000000,0.821330,267.985400,55.000000,180.000000,nan,1975.096000,3051.936000
8,172.983500,-42.610650,3750.000000,0.311750,267.985400,55.000000,180.000000,nan,1975.096000,3051.936000
8,173.007500,-42.610890,3750.000000,0.022670,267.985400,55.000000,180.000000,nan,1975.096000,3051.936000
8,172.887800,-42.593950,6250.000000,3.522770,267.985400,55.000000,180.000000,nan,1975.096000,3051.936000
8,172.911800,-42.594190,6250.000000,2.607680,267.985400,55.000000,180.000000,nan,1975.096000,3051.936000
8,172.935800,-42.594430,6250.000000,1.683030,267.985400,55.000000,180.000000,nan,1975.096000,3051.936000
8,172.959800,-42.594670,6250.000000,0.891090,267.985400,55.000000,180.000000,nan,1975.096000,3051.936000
8,172.983800,-42.594910,6250.000000,0.328940,267.985400,55.000000,180.000000,nan,1975.096000,3051.936000
8,173.007800,-42.595150,6250.000000,0.015410,267.985400,55.000000,180.000000,nan,1975.096000,3051.936000
8,172.888100,-42.578210,8750.000000,2.722470,267.985400,55.000000,180.000000,nan,1975.096000,3051.936000
8,172.912100,-42.578450,8750.000000,1.973770,267.985400,55.000000,180.000000,nan,1975.096000,3051.936000
8,172.936100,-42.578690,8750.000000,1.222570,267.985400,55.000000,180.000000,nan,1975.096000,3051.936000
8,172.960100,-42.578930,8750.000000,0.603850,267.985400,55.000000,180.000000,nan,1975.096000,3051.936000
8,172.984100,-42.579170,8750.000000,0.196420,267.985400,55.000000,180.000000,nan,1975.096000,3051.936000
8,173.008100,-42.579410,8750.000000,0.000000,267.985400,55.000000,180.000000,nan,1975.096000,3051.936000
8,172.888400,-42.562470,11250.000000,1.643100,267.985400,55.000000,180.000000,nan,1975.096000,3051.936000
8,172.912400,-42.562710,11250.000000,1.116290,267.985400,55.000000,180.000000,nan,1975.096000,3051.936000
8,172.936400,-42.562950,11250.000000,0.622620,267.985400,55.000000,180.000000,nan,1975.096000,3051.936000
8,172.960400,-42.563190,11250.000000,0.257370,267.985400,55.000000,180.000000,nan,1975.096000,3051.936000
8,172.984400,-42.563430,11250.000000,0.059530,267.985400,55.000000,180.000000,nan,1975.096000,3051.936000
8,173.008400,-42.563670,11250.000000,0.000000,267.985400,55.000000,180.000000,nan,1975.096000,3051.936000
8,172.888700,-42.546730,13750.000000,0.705550,267.985400,55.000000,180.000000,nan,1975.096000,3051.936000
8,172.912700,-42.546970,13750.000000,0.411250,267.985400,55.000000,180.000000,nan,1975.096000,3051.936000
8,172.936700,-42.547210,13750.000000,0.174370,267.985400,55.000000,180.000000,nan,1975.096000,3051.936000
8,172.960700,-42.547450,13750.000000,0.039340,267.985400,55.000000,180.000000,nan,1975.096000,3051.936000
8,172.984700,-42.547690,13750.000000,0.000000,267.985400,55.000000,180.000000,nan,1975.096000,3051.936000
8,173.008700,-42.547930,13750.000000,0.000000,267.985400,55.000000,180.000000,nan,1975.096000,3051.936000
8,172.889000,-42.530990,16250.000000,0.151840,267.985400,55.000000,180.000000,nan,1975.096000,3051.936000
8,172.913000,-42.531230,16250.000000,0.049900,267.985400,55.000000,180.000000,nan,1975.096000,3051.936000
8,172.937000,-42.531470,16250.000000,0.000000,267.985400,55.000000,180.000000,nan,1975.096000,3051.936000
8,172.961000,-42.531710,16250.000000,0.000000,267.985400,55.000000,180.000000,nan,1975.096000,3051.936000
8,172.985000,-42.531950,16250.000000,0.000000,267.985400,55.000000,180.000000,nan,1975.096000,3051.936000
8,173.009000,-42.532190,16250.000000,0.000000,267.985400,55.000000,180.000000,nan,1975.096000,3051.936000
8,172.889300,-42.515250,18750.000000,0.000000,267.985400,55.000000,180.000000,nan,1975.096000,3051.936000
8,172.913300,-42.515490,18750.000000,0.000000,267.985400,55.000000,180.000000,nan,1975.096000,3051.936000
8,172.937300,-42.515730,18750.000000,0.000000,267.985400,55.000000,180.000000,nan,1975.096000,3051.936000
8,172.961300,-42.515970,18750.000000,0.000000,267.985400,55.000000,180.000000,nan,1975.096000,3051.936000
8,172.985300,-42.516210,18750.000000,0.000000,267.985400,55.000000,180.000000,nan,1975.096000,3051.936000
8,173.009300,-42.516450,18750.000000,0.000000,267.985400,55.000000,180.000000,nan,1975.096000,3051.936000
8,172.889600,-42.499510,21250.000000,0.000000,267.985400,55.000000,180.000000,nan,1975.096000,3051.936000
8,172.913600,-42.499750,21250.000000,0.000000,267.985400,55.000000,180.000000,nan,1975.096000,3051.936000
8,172.937600,-42.499990,21250.000000,0.000000,267.985400,55.000000,180.000000,nan,1975.096000,3051.936000
8,172.961600,-42.500230,21250.000000,0.000000,267.985400,55.000000,180.000000,nan,1975.096000,3051.936000
8,172.985600,-42.500470,21250.000000,0.000000,267.985400,55.000000,180.000000,nan,1975.096000,3051.936000
8,173.009600,-42.500710,21250.000000,0.000000,267.985400,55.000000,180.000000,nan,1975.096000,3051.936000
8,172.889900,-42.483770,23750.000000,0.000000,267.985400,55.000000,180.000000,nan,1975.096000,3051.936000
8,172.913900,-42.484010,23750.000000,0.000000,267.985400,55.000000,180.000000,nan,1975.096000,3051.936000
8,172.937900,-42.484250,23750.000000,0.000000,267.985400,55.000000,180.000000,nan,1975.096000,3051.936000
8,172.961900,-42.484490,23750.000000,0.000000,267.985400,55.000000,180.000000,nan,1975.096000,3051.936000
8,172.985900,-42.484730,23750.000000,0.000000,267.985400,55.000000,180.000000,nan,1975.096000,3051.936000
8,173.009900,-42.484970,23750.000000,0.000000,267.985400,55.000000,180.000000,nan,1975.096000,3051.936000
9,173.027600,-42.623950,1250.000000,4.509050,247.325500,55.000000,170.105900,nan,2076.677000,3051.936000
9,173.051300,-42.617560,1250.000000,5.744530,247.325500,55.000000,177.851700,nan,2076.677000,3051.936000
9,173.075000,-42.611170,1250.000000,5.849770,247.325500,55.000000,180.000000,nan,2076.677000,3051.936000
9,173.098700,-42.604780,1250.000000,4.831210,247.325500,55.000000,180.000000,nan,2076.677000,3051.936000
9,173.122400,-42.598390,1250.000000,3.745240,247.325500,55.000000,180.000000,nan,2076.677000,3051.936000
9,173.020300,-42.609150,3750.000000,3.458690,247.325500,55.000000,149.861400,nan,2076.677000,3051.936000
9,173.044000,-42.602760,3750.000000,4.343010,247.325500,55.000000,167.109300,nan,2076.677000,3051.936000
9,173.067700,-42.596370,3750.000000,4.967610,247.325500,55.000000,174.782600,nan,2076.677000,3051.936000
9,173.091400,-42.589980,3750.000000,4.975070,247.325500,55.000000,177.986600,nan,2076.677000,3051.936000
9,173.115100,-42.583590,3750.000000,4.453870,247.325500,55.000000,179.391200,nan,2076.677000,3051.936000
9,173.013000,-42.594350,6250.000000,3.131610,247.325500,55.000000,128.923600,nan,2076.677000,3051.936000
9,173.036700,-42.587960,6250.000000,3.503390,247.325500,55.000000,154.997400,nan,2076.677000,3051.936000
9,173.060400,-42.581570,6250.000000,4.158550,247.325500,55.000000,169.413400,nan,2076.677000,3051.936000
9,173.084100,-42.575180,6250.000000,4.474420,247.325500,55.000000,175.980400,nan,2076.677000,3051.936000
9,173.107800,-42.568790,6250.000000,4.240040,247.325500,55.000000,178.888900,nan,2076.677000,3051.936000
9,173.005700,-42.579550,8750.000000,2.903490,247.325500,55.000000,114.384000,nan,2076.677000,3051.936000
9,173.029400,-42.573160,8750.000000,2.723760,247.325500,55.000000,143.075400,nan,2076.677000,3051.936000
9,173.053100,-42.566770,8750.000000,3.117040,247.325500,55.000000,163.995500,nan,2076.677000,3051.936000
9,173.076800,-42.560380,8750.000000,3.426150,247.325500,55.000000,174.033600,nan,2076.677000,3051.936000
9,173.100500,-42.553990,8750.000000,3.296170,247.325500,55.000000,178.375300,nan,2076.677000,3051.936000
9,172.998400,-42.564750,11250.000000,2.343210,247.325500,55.000000,105.139900,nan,2076.677000,3051.936000
9,173.022100,-42.558360,11250.000000,1.870030,247.325500,55.000000,132.571800,nan,2076.677000,3051.936000
9,173.045800,-42.551970,11250.000000,1.972630,247.325500,55.000000,159.250500,nan,2076.677000,3051.936000
9,173.069500,-42.545580,11250.000000,2.165710,247.325500,55.000000,172.827100,nan,2076.677000,3051.936000
9,173.093200,-42.539190,11250.000000,2.067530,247.325500,55.000000,178.275000,nan,2076.677000,3051.936000
9,172.991100,-42.549950,13750.000000,1.516530,247.325500,55.000000,98.128160,nan,2076.677000,3051.936000
9,173.014800,-42.543560,13750.000000,1.019340,247.325500,55.000000,122.627700,nan,2076.677000,3051.936000
9,173.038500,-42.537170,13750.000000,0.950140,247.325500,55.000000,155.998300,nan,2076.677000,3051.936000
9,173.062200,-42.530780,13750.000000,1.041380,247.325500,55.000000,173.636700,nan,2076.677000,3051.936000
9,173.085900,-42.524390,13750.000000,0.970410,247.325500,55.000000,179.280200,nan,2076.677000,3051.936000
9,172.983800,-42.535150,16250.000000,0.714930,247.325500,55.000000,92.453470,nan,2076.677000,3051.936000
9,173.007500,-42.528760,16250.000000,0.369870,247.325500,55.000000,110.303600,nan,2076.677000,3051.936000
9,173.031200,-42.522370,16250.000000,0.264610,247.325500,55.000000,155.538100,nan,2076.677000,3051.936000
9,173.054900,-42.515980,16250.000000,0.302700,247.325500,55.000000,178.515800,nan,2076.677000,3051.936000
9,173.078600,-42.509590,16250.000000,0.267910,247.325500,55.000000,180.000000,nan,2076.677000,3051.936000
9,172.976500,-42.520350,18750.000000,0.184820,247.325500,55.000000,90.000000,nan,2076.677000,3051.936000
9,173.000200,-42.513960,18750.000000,0.052530,247.325500,55.000000,90.000000,nan,2076.677000,3051.936000
9,173.023900,-42.507570,18750.000000,0.000000,247.325500,55.000000,180.000000,nan,2076.677000,3051.936000
9,173.047600,-42.501180,18750.000000,0.006860,247.325500,55.000000,180.000000,nan,2076.677000,3051.936000
9,173.071300,-42.494790,18750.000000,0.006580,247.325500,55.000000,180.000000,nan,2076.677000,3051.936000
9,172.969200,-42.505550,21250.000000,0.000000,247.325500,55.000000,180.000000,nan,2076.677000,3051.936000
9,172.992900,-42.499160,21250.000000,0.000000,247.325500,55.000000,180.000000,nan,2076.677000,3051.936000
9,173.016600,-42.492770,21250.000000,0.000000,247.325500,55.000000,180.000000,nan,2076.677000,3051.936000
9,173.040300,-42.486380,21250.000000,0.000000,247.325500,55.000000,180.000000,nan,2076.677000,3051.936000
9,173.064000,-42.479990,21250.000000,0.000000,247.325500,55.000000,180.000000,nan,2076.677000,3051.936000
9,172.961900,-42.490750,23750.000000,0.000000,247.325500,55.000000,180.000000,nan,2076.677000,3051.936000
9,172.985600,-42.484360,23750.000000,0.000000,247.325500,55.000000,180.000000,nan,2076.677000,3051.936000
9,173.009300,-42.477970,23750.000000,0.000000,247.325500,55.000000,180.000000,nan,2076.677000,3051.936000
9,173.033000,-42.471580,23750.000000,0.000000,247.325500,55.000000,180.000000,nan,2076.677000,3051.936000
9,173.056700,-42.465190,23750.000000,0.000000,247.325500,55.000000,180.000000,nan,2076.677000,3051.936000
10,173.143500,-42.591740,1250.000000,2.850270,240.305000,55.000000,110.948900,nan,1867.867000,3051.936000
10,173.163700,-42.584090,1250.000000,4.004420,240.305000,55.000000,113.010300,nan,1867.867000,3051.936000
10,173.183900,-42.576440,1250.000000,4.558690,240.305000,55.000000,111.694200,nan,1867.867000,3051.936000
10,173.204100,-42.568790,1250.000000,4.546910,240.305000,55.000000,109.063300,nan,1867.867000,3051.936000
10,173.224300,-42.561140,1250.000000,4.102150,240.305000,55.000000,106.725000,nan,1867.867000,3051.936000
10,173.244500,-42.553490,1250.000000,3.421240,240.305000,55.000000,108.128000,nan,1867.867000,3051.936000
10,173.264700,-42.545840,1250.000000,2.839050,240.305000,55.000000,121.910300,nan,1867.867000,3051.936000
10,173.284900,-42.538190,1250.000000,3.094850,240.305000,55.000000,149.877200,nan,1867.867000,3051.936000
10,173.133800,-42.577720,3750.000000,2.666950,240.305000,55.000000,116.973700,nan,1867.867000,3051.936000
10,173.154000,-42.570070,3750.000000,3.811100,240.305000,55.000000,120.760100,nan,1867.867000,3051.936000
10,173.174200,-42.562420,3750.000000,4.599170,240.305000,55.000000,120.694500,nan,1867.867000,3051.936000
10,173.194400,-42.554770,3750.000000,4.881100,240.305000,55.000000,117.561400,nan,1867.867000,3051.936000
10,173.214600,-42.547120,3750.000000,4.692610,240.305000,55.000000,112.442400,nan,1867.867000,3051.936000
10,173.234800,-42.539470,3750.000000,4.199780,240.305000,55.000000,107.878900,nan,1867.867000,3051.936000
10,173.255000,-42.531820,3750.000000,3.579440,240.305000,55.000000,109.340100,nan,1867.867000,3051.936000
10,173.275200,-42.524170,3750.000000,3.131670,240.305000,55.000000,124.073400,nan,1867.867000,3051.936000
10,173.124100,-42.563700,6250.000000,2.756610,240.305000,55.000000,118.420100,nan,1867.867000,3051.936000
10,173.144300,-42.556050,6250.000000,3.994720,240.305000,55.000000,122.615800,nan,1867.867000,3051.936000
10,173.164500,-42.548400,6250.000000,4.932340,240.305000,55.000000,121.865800,nan,1867.867000,3051.936000
10,173.184700,-42.540750,6250.000000,5.378630,240.305000,55.000000,117.511700,nan,1867.867000,3051.936000
10,173.204900,-42.533100,6250.000000,5.337930,240.305000,55.000000,110.487600,nan,1867.867000,3051.936000
10,173.225100,-42.525450,6250.000000,4.948990,240.305000,55.000000,102.957300,nan,1867.867000,3051.936000
10,173.245300,-42.517800,6250.000000,4.321370,240.305000,55.000000,99.268810,nan,1867.867000,3051.936000
10,173.265500,-42.510150,6250.000000,3.568790,240.305000,55.000000,105.692100,nan,1867.867000,3051.936000
10,173.114400,-42.549680,8750.000000,2.629700,240.305000,55.000000,114.201900,nan,1867.867000,3051.936000
10,173.134600,-42.542030,8750.000000,3.774840,240.305000,55.000000,118.324200,nan,1867.867000,3051.936000
10,173.154800,-42.534380,8750.000000,4.699950,240.305000,55.000000,117.246300,nan,1867.867000,3051.936000
10,173.175000,-42.526730,8750.000000,5.225540,240.305000,55.000000,112.673100,nan,1867.867000,3051.936000
10,173.195200,-42.519080,8750.000000,5.327930,240.305000,55.000000,105.829800,nan,1867.867000,3051.936000
10,173.215400,-42.511430,8750.000000,5.073250,240.305000,55.000000,98.673470,nan,1867.867000,3051.936000
10,173.235600,-42.503780,8750.000000,4.511490,240.305000,55.000000,94.374480,nan,1867.867000,3051.936000
10,173.255800,-42.496130,8750.000000,3.705070,240.305000,55.000000,97.273730,nan,1867.867000,3051.936000
10,173.104700,-42.535660,11250.000000,2.101820,240.305000,55.000000,107.612900,nan,1867.867000,3051.936000
10,173.124900,-42.528010,11250.000000,3.007230,240.305000,55.000000,111.524200,nan,1867.867000,3051.936000
10,173.145100,-42.520360,11250.000000,3.785340,240.305000,55.000000,110.589100,nan,1867.867000,3051.936000
10,173.165300,-42.512710,11250.000000,4.289160,240.305000,55.000000,106.586200,nan,1867.867000,3051.936000
10,173.185500,-42.505060,11250.000000,4.466960,240.305000,55.000000,100.893600,nan,1867.867000,3051.936000
10,173.205700,-42.497410,11250.000000,4.322120,240.305000,55.000000,95.163660,nan,1867.867000,3051.936000
10,173.225900,-42.489760,11250.000000,3.870600,240.305000,55.000000,91.570860,nan,1867.867000,3051.936000
10,173.246100,-42.482110,11250.000000,3.165070,240.305000,55.000000,92.966310,nan,1867.867000,3051.936000
10,173.095000,-42.521640,13750.000000,1.321940,240.305000,55.000000,100.316800,nan,1867.867000,3051.936000
10,173.115200,-42.513990,13750.000000,1.943830,240.305000,55.000000,103.971400,nan,1867.867000,3051.936000
10,173.135400,-42.506340,13750.000000,2.508790,240.305000,55.000000,103.443400,nan,1867.867000,3051.936000
10,173.155600,-42.498690,13750.000000,2.909820,240.305000,55.000000,100.436900,nan,1867.867000,3051.936000
10,173.175800,-42.491040,13750.000000,3.085770,240.305000,55.000000,96.298240,nan,1867.867000,3051.936000
10,173.196000,-42.483390,13750.000000,3.010820,240.305000,55.000000,92.358290,nan,1867.867000,3051.936000
10,173.216200,-42.475740,13750.000000,2.688120,240.305000,55.000000,90.000000,nan,1867.867000,3051.936000
10,173.236400,-42.468090,13750.000000,2.164850,240.305000,55.000000,90.332420,nan,1867.867000,3051.936000
10,173.085300,-42.507620,16250.000000,0.588330,240.305000,55.000000,94.407540,nan,1867.867000,3051.936000
10,173.105500,-42.499970,16250.000000,0.944850,240.305000,55.000000,96.522000,nan,1867.867000,3051.936000
10,173.125700,-42.492320,16250.000000,1.286930,240.305000,55.000000,96.230410,nan,1867.867000,3051.936000
10,173.145900,-42.484670,16250.000000,1.547040,240.305000,55.000000,94.459090,nan,1867.867000,3051.936000
10,173.166100,-42.477020,16250.000000,1.673510,240.305000,55.000000,92.192180,nan,1867.867000,3051.936000
10,173.186300,-42.469370,16250.000000,1.637600,240.305000,55.000000,90.423880,nan,1867.867000,3051.936000
10,173.206500,-42.461720,16250.000000,1.440010,240.305000,55.000000,90.000000,nan,1867.867000,3051.936000
10,173.226700,-42.454070,16250.000000,1.116980,240.305000,55.000000,90.000000,nan,1867.867000,3051.936000
10,173.075600,-42.493600,18750.000000,0.133350,240.305000,55.000000,90.000000,nan,1867.867000,3051.936000
10,173.095800,-42.485950,18750.000000,0.275040,240.305000,55.000000,90.000000,nan,1867.867000,3051.936000
10,173.116000,-42.478300,18750.000000,0.426530,240.305000,55.000000,90.000000,nan,1867.867000,3051.936000
10,173.136200,-42.470650,18750.000000,0.551230,240.305000,55.000000,90.000000,nan,1867.867000,3051.936000
10,173.156400,-42.463000,18750.000000,0.616280,240.305000,55.000000,90.000000,nan,1867.867000,3051.936000
10,173.176600,-42.455350,18750.000000,0.602490,240.305000,55.000000,90.000000,nan,1867.867000,3051.936000
10,173.196800,-42.447700,18750.000000,0.510350,240.305000,55.000000,90.000000,nan,1867.867000,3051.936000
10,173.217000,-42.440050,18750.000000,0.360750,240.305000,55.000000,90.000000,nan,1867.867000,3051.936000
10,173.065900,-42.479580,21250.000000,0.000000,240.305000,55.000000,180.000000,nan,1867.867000,3051.936000
10,173.086100,-42.471930,21250.000000,0.007480,240.305000,55.000000,90.000000,nan,1867.867000,3051.936000
10,173.106300,-42.464280,21250.000000,0.033980,240.305000,55.000000,90.000000,nan,1867.867000,3051.936000
10,173.126500,-42.456630,21250.000000,0.065430,240.305000,55.000000,90.000000,nan,1867.867000,3051.936000
10,173.146700,-42.448980,21250.000000,0.085370,240.305000,55.000000,90.000000,nan,1867.867000,3051.936000
10,173.166900,-42.441330,21250.000000,0.083950,240.305000,55.000000,90.000000,nan,1867.867000,3051.936000
10,173.187100,-42.433680,21250.000000,0.061280,240.305000,55.000000,90.000000,nan,1867.867000,3051.936000
10,173.207300,-42.426030,21250.000000,0.027330,240.305000,55.000000,90.000000,nan,1867.867000,3051.936000
10,173.056200,-42.465560,23750.000000,0.000000,240.305000,55.000000,180.000000,nan,1867.867000,3051.936000
10,173.076400,-42.457910,23750.000000,0.000000,240.305000,55.000000,180.000000,nan,1867.867000,3051.936000
10,173.096600,-42.450260,23750.000000,0.000000,240.305000,55.000000,180.000000,nan,1867.867000,3051.936000
10,173.116800,-42.442610,23750.000000,0.000000,240.305000,55.000000,180.000000,nan,1867.867000,3051.936000
10,173.137000,-42.434960,23750.000000,0.000000,240.305000,55.000000,180.000000,nan,1867.867000,3051.936000
10,173.157200,-42.427310,23750.000000,0.000000,240.305000,55.000000,180.000000,nan,1867.867000,3051.936000
10,173.177400,-42.419660,23750.000000,0.000000,240.305000,55.000000,180.000000,nan,1867.867000,3051.936000
10,173.197600,-42.412010,23750.000000,0.000000,240.305000,55.000000,180.000000,nan,1867.867000,3051.936000
11,173.296100,-42.529910,1250.000000,0.000000,205.346200,55.000000,180.000000,nan,1932.017000,3051.936000
11,173.307100,-42.514560,1250.000000,0.000000,205.346200,55.000000,180.000000,nan,1932.017000,3051.936000
11,173.318100,-42.499210,1250.000000,0.000000,205.346200,55.000000,180.000000,nan,1932.017000,3051.936000
11,173.329100,-42.483860,1250.000000,0.363500,205.346200,55.000000,90.000000,nan,1932.017000,3051.936000
11,173.340100,-42.468510,1250.000000,1.354790,205.346200,55.000000,100.241400,nan,1932.017000,3051.936000
11,173.277300,-42.522540,3750.000000,0.000000,205.346200,55.000000,180.000000,nan,1932.017000,3051.936000
11,173.288300,-42.507190,3750.000000,0.001630,205.346200,55.000000,90.000000,nan,1932.017000,3051.936000
11,173.299300,-42.491840,3750.000000,0.151420,205.346200,55.000000,90.000000,nan,1932.017000,3051.936000
11,173.310300,-42.476490,3750.000000,0.592260,205.346200,55.000000,90.000000,nan,1932.017000,3051.936000
11,173.321300,-42.461140,3750.000000,1.433340,205.346200,55.000000,105.452200,nan,1932.017000,3051.936000
11,173.258500,-42.515170,6250.000000,0.083510,205.346200,55.000000,90.000000,nan,1932.017000,3051.936000
11,173.269500,-42.499820,6250.000000,0.161530,205.346200,55.000000,90.000000,nan,1932.017000,3051.936000
11,173.280500,-42.484470,6250.000000,0.354800,205.346200,55.000000,90.000000,nan,1932.017000,3051.936000
11,173.291500,-42.469120,6250.000000,0.779240,205.346200,55.000000,90.000000,nan,1932.017000,3051.936000
11,173.302500,-42.453770,6250.000000,1.548910,205.346200,55.000000,105.137700,nan,1932.017000,3051.936000
11,173.239700,-42.507800,8750.000000,0.217100,205.346200,55.000000,90.000000,nan,1932.017000,3051.936000
11,173.250700,-42.492450,8750.000000,0.329320,205.346200,55.000000,90.000000,nan,1932.017000,3051.936000
11,173.261700,-42.477100,8750.000000,0.519720,205.346200,55.000000,90.000000,nan,1932.017000,3051.936000
11,173.272700,-42.461750,8750.000000,0.896870,205.346200,55.000000,90.000000,nan,1932.017000,3051.936000
11,173.283700,-42.446400,8750.000000,1.567590,205.346200,55.000000,101.511200,nan,1932.017000,3051.936000
11,173.220900,-42.500430,11250.000000,0.207640,205.346200,55.000000,90.000000,nan,1932.017000,3051.936000
11,173.231900,-42.485080,11250.000000,0.297010,205.346200,55.000000,90.000000,nan,1932.017000,3051.936000
11,173.242900,-42.469730,11250.000000,0.448560,205.346200,55.000000,90.000000,nan,1932.017000,3051.936000
11,173.253900,-42.454380,11250.000000,0.752390,205.346200,55.000000,90.000000,nan,1932.017000,3051.936000
11,173.264900,-42.439030,11250.000000,1.286590,205.346200,55.000000,96.604960,nan,1932.017000,3051.936000
11,173.202100,-42.493060,13750.000000,0.086070,205.346200,55.000000,90.000000,nan,1932.017000,3051.936000
11,173.213100,-42.477710,13750.000000,0.121130,205.346200,55.000000,90.000000,nan,1932.017000,3051.936000
11,173.224100,-42.462360,13750.000000,0.204610,205.346200,55.000000,90.000000,nan,1932.017000,3051.936000
11,173.235100,-42.447010,13750.000000,0.404020,205.346200,55.000000,90.000000,nan,1932.017000,3051.936000
11,173.246100,-42.431660,13750.000000,0.773740,205.346200,55.000000,90.897150,nan,1932.017000,3051.936000
11,173.183300,-42.485690,16250.000000,0.000000,205.346200,55.000000,180.000000,nan,1932.017000,3051.936000
11,173.194300,-42.470340,16250.000000,0.000000,205.346200,55.000000,180.000000,nan,1932.017000,3051.936000
11,173.205300,-42.454990,16250.000000,0.012870,205.346200,55.000000,90.000000,nan,1932.017000,3051.936000
11,173.216300,-42.439640,16250.000000,0.093300,205.346200,55.000000,90.000000,nan,1932.017000,3051.936000
11,173.227300,-42.424290,16250.000000,0.283230,205.346200,55.000000,90.000000,nan,1932.017000,3051.936000
11,173.164500,-42.478320,18750.000000,0.000000,205.346200,55.000000,180.000000,nan,1932.017000,3051.936000
11,173.175500,-42.462970,18750.000000,0.000000,205.346200,55.000000,180.000000,nan,1932.017000,3051.936000
11,173.186500,-42.447620,18750.000000,0.000000,205.346200,55.000000,180.000000,nan,1932.017000,3051.936000
11,173.197500,-42.432270,18750.000000,0.000000,205.346200,55.000000,180.000000,nan,1932.017000,3051.936000
11,173.208500,-42.416920,18750.000000,0.031180,205.346200,55.000000,90.000000,nan,1932.017000,3051.936000
11,173.145700,-42.470950,21250.000000,0.000000,205.346200,55.000000,180.000000,nan,1932.017000,3051.936000
11,173.156700,-42.455600,21250.000000,0.000000,205.346200,55.000000,180.000000,nan,1932.017000,3051.936000
11,173.167700,-42.440250,21250.000000,0.000000,205.346200,55.000000,180.000000,nan,1932.017000,3051.936000
11,173.178700,-42.424900,21250.000000,0.000000,205.346200,55.000000,180.000000,nan,1932.017000,3051.936000
11,173.189700,-42.409550,21250.000000,0.000000,205.346200,55.000000,180.000000,nan,1932.017000,3051.936000
11,173.126900,-42.463580,23750.000000,0.000000,205.346200,55.000000,180.000000,nan,1932.017000,3051.936000
11,173.137900,-42.448230,23750.000000,0.000000,205.346200,55.000000,180.000000,nan,1932.017000,3051.936000
11,173.148900,-42.432880,23750.000000,0.000000,205.346200,55.000000,180.000000,nan,1932.017000,3051.936000
11,173.159900,-42.417530,23750.000000,0.000000,205.346200,55.000000,180.000000,nan,1932.017000,3051.936000
11,173.170900,-42.402180,23750.000000,0.000000,205.346200,55.000000,180.000000,nan,1932.017000,3051.936000
12,173.362800,-42.606360,1250.000000,1.329300,213.055800,55.000000,90.000000,nan,1725.372000,3051.936000
12,173.375000,-42.593740,1250.000000,1.002030,213.055800,55.000000,90.000000,nan,1725.372000,3051.936000
12,173.387200,-42.581120,1250.000000,0.470810,213.055800,55.000000,90.000000,nan,1725.372000,3051.936000
12,173.399400,-42.568500,1250.000000,0.083660,213.055800,55.000000,90.000000,nan,1725.372000,3051.936000
12,173.411600,-42.555880,1250.000000,0.000000,213.055800,55.000000,180.000000,nan,1725.372000,3051.936000
12,173.345500,-42.597200,3750.000000,0.252130,213.055800,55.000000,90.000000,nan,1725.372000,3051.936000
12,173.357700,-42.584580,3750.000000,0.208090,213.055800,55.000000,90.000000,nan,1725.372000,3051.936000
12,173.369900,-42.571960,3750.000000,0.102630,213.055800,55.000000,90.000000,nan,1725.372000,3051.936000
12,173.382100,-42.559340,3750.000000,0.017430,213.055800,55.000000,90.000000,nan,1725.372000,3051.936000
12,173.394300,-42.546720,3750.000000,0.000000,213.055800,55.000000,180.000000,nan,1725.372000,3051.936000
12,173.328200,-42.588040,6250.000000,0.000000,213.055800,55.000000,180.000000,nan,1725.372000,3051.936000
12,173.340400,-42.575420,6250.000000,0.000000,213.055800,55.000000,180.000000,nan,1725.372000,3051.936000
12,173.352600,-42.562800,6250.000000,0.000000,213.055800,55.000000,180.000000,nan,1725.372000,3051.936000
12,173.364800,-42.550180,6250.000000,0.000370,213.055800,55.000000,90.000000,nan,1725.372000,3051.936000
12,173.377000,-42.537560,6250.000000,0.028380,213.055800,55.000000,90.000000,nan,1725.372000,3051.936000
12,173.310900,-42.578880,8750.000000,0.000000,213.055800,55.000000,180.000000,nan,1725.372000,3051.936000
12,173.323100,-42.566260,8750.000000,0.000000,213.055800,55.000000,180.000000,nan,1725.372000,3051.936000
12,173.335300,-42.553640,8750.000000,0.014480,213.055800,55.000000,90.000000,nan,1725.372000,3051.936000
12,173.347500,-42.541020,8750.000000,0.051950,213.055800,55.000000,90.000000,nan,1725.372000,3051.936000
12,173.359700,-42.528400,8750.000000,0.118400,213.055800,55.000000,90.000000,nan,1725.372000,3051.936000
12,173.293600,-42.569720,11250.000000,0.000810,213.055800,55.000000,90.000000,nan,1725.372000,3051.936000
12,173.305800,-42.557100,11250.000000,0.009760,213.055800,55.000000,90.000000,nan,1725.372000,3051.936000
12,173.318000,-42.544480,11250.000000,0.032350,213.055800,55.000000,90.000000,nan,1725.372000,3051.936000
12,173.330200,-42.531860,11250.000000,0.072080,213.055800,55.000000,90.000000,nan,1725.372000,3051.936000
12,173.342400,-42.519240,11250.000000,0.129830,213.055800,55.000000,90.000000,nan,1725.372000,3051.936000
12,173.276300,-42.560560,13750.000000,0.002270,213.055800,55.000000,90.000000,nan,1725.372000,3051.936000
12,173.288500,-42.547940,13750.000000,0.009000,213.055800,55.000000,90.000000,nan,1725.372000,3051.936000
12,173.300700,-42.535320,13750.000000,0.022300,213.055800,55.000000,90.000000,nan,1725.372000,3051.936000
12,173.312900,-42.522700,13750.000000,0.040780,213.055800,55.000000,90.000000,nan,1725.372000,3051.936000
12,173.325100,-42.510080,13750.000000,0.062010,213.055800,55.000000,90.000000,nan,1725.372000,3051.936000
12,173.259000,-42.551400,16250.000000,0.000000,213.055800,55.000000,180.000000,nan,1725.372000,3051.936000
12,173.271200,-42.538780,16250.000000,0.000720,213.055800,55.000000,90.000000,nan,1725.372000,3051.936000
12,173.283400,-42.526160,16250.000000,0.003350,213.055800,55.000000,90.000000,nan,1725.372000,3051.936000
12,173.295600,-42.513540,16250.000000,0.005600,213.055800,55.000000,90.000000,nan,1725.372000,3051.936000
12,173.307800,-42.500920,16250.000000,0.004790,213.055800,55.000000,90.000000,nan,1725.372000,3051.936000
12,173.241700,-42.542240,18750.000000,0.000000,213.055800,55.000000,180.000000,nan,1725.372000,3051.936000
12,173.253900,-42.529620,18750.000000,0.000000,213.055800,55.000000,180.000000,nan,1725.372000,3051.936000
12,173.266100,-42.517000,18750.000000,0.000000,213.055800,55.000000,180.000000,nan,1725.372000,3051.936000
12,173.278300,-42.504380,18750.000000,0.000000,213.055800,55.000000,180.000000,nan,1725.372000,3051.936000
12,173.290500,-42.491760,18750.000000,0.000000,213.055800,55.000000,180.000000,nan,1725.372000,3051.936000
12,173.224400,-42.533080,21250.000000,0.000000,213.055800,55.000000,180.000000,nan,1725.372000,3051.936000
12,173.236600,-42.520460,21250.000000,0.000000,213.055800,55.000000,180.000000,nan,1725.372000,3051.936000
12,173.248800,-42.507840,21250.000000,0.000000,213.055800,55.000000,180.000000,nan,1725.372000,3051.936000
12,173.261000,-42.495220,21250.000000,0.000000,213.055800,55.000000,180.000000,nan,1725.372000,3051.936000
12,173.273200,-42.482600,21250.000000,0.000000,213.055800,55.000000,180.000000,nan,1725.372000,3051.936000
12,173.207100,-42.523920,23750.000000,0.000000,213.055800,55.000000,180.000000,nan,1725.372000,3051.936000
12,173.219300,-42.511300,23750.000000,0.000000,213.055800,55.000000,180.000000,nan,1725.372000,3051.936000
12,173.231500,-42.498680,23750.000000,0.000000,213.055800,55.000000,180.000000,nan,1725.372000,3051.936000
12,173.243700,-42.486060,23750.000000,0.000000,213.055800,55.000000,180.000000,nan,1725.372000,3051.936000
12,173.255900,-42.473440,23750.000000,0.000000,213.055800,55.000000,180.000000,nan,1725.372000,3051.936000
13,173.423200,-42.542510,1250.000000,0.387510,208.072500,55.000000,90.000000,nan,1951.091000,3051.936000
13,173.435300,-42.527390,1250.000000,0.937220,208.072500,55.000000,90.000000,nan,1951.091000,3051.936000
13,173.404900,-42.534510,3750.000000,0.064570,208.072500,55.000000,90.000000,nan,1951.091000,3051.936000
13,173.417000,-42.519390,3750.000000,0.176350,208.072500,55.000000,90.000000,nan,1951.091000,3051.936000
13,173.386600,-42.526510,6250.000000,0.000000,208.072500,55.000000,180.000000,nan,1951.091000,3051.936000
13,173.398700,-42.511390,6250.000000,0.000000,208.072500,55.000000,180.000000,nan,1951.091000,3051.936000
13,173.368300,-42.518510,8750.000000,0.000000,208.072500,55.000000,180.000000,nan,1951.091000,3051.936000
13,173.380400,-42.503390,8750.000000,0.000000,208.072500,55.000000,180.000000,nan,1951.091000,3051.936000
13,173.350000,-42.510510,11250.000000,0.000000,208.072500,55.000000,180.000000,nan,1951.091000,3051.936000
13,173.362100,-42.495390,11250.000000,0.000000,208.072500,55.000000,180.000000,nan,1951.091000,3051.936000
13,173.331700,-42.502510,13750.000000,0.000920,208.072500,55.000000,90.000000,nan,1951.091000,3051.936000
13,173.343800,-42.487390,13750.000000,0.001480,208.072500,55.000000,90.000000,nan,1951.091000,3051.936000
13,173.313400,-42.494510,16250.000000,0.000000,208.072500,55.000000,180.000000,nan,1951.091000,3051.936000
13,173.325500,-42.479390,16250.000000,0.000000,208.072500,55.000000,180.000000,nan,1951.091000,3051.936000
13,173.295100,-42.486510,18750.000000,0.000000,208.072500,55.000000,180.000000,nan,1951.091000,3051.936000
13,173.307200,-42.471390,18750.000000,0.000000,208.072500,55.000000,180.000000,nan,1951.091000,3051.936000
13,173.276800,-42.478510,21250.000000,0.000000,208.072500,55.000000,180.000000,nan,1951.091000,3051.936000
13,173.288900,-42.463390,21250.000000,0.000000,208.072500,55.000000,180.000000,nan,1951.091000,3051.936000
13,173.258500,-42.470510,23750.000000,0.000000,208.072500,55.000000,180.000000,nan,1951.091000,3051.936000
13,173.270600,-42.455390,23750.000000,0.000000,208.072500,55.000000,180.000000,nan,1951.091000,3051.936000
14,173.340000,-42.525740,1250.000000,0.000000,260.352800,55.000000,180.000000,nan,2000.000000,3051.936000
14,173.364100,-42.523490,1250.000000,0.364210,260.352800,55.000000,180.000000,nan,2000.000000,3051.936000
14,173.388200,-42.521240,1250.000000,1.241350,260.352800,55.000000,180.000000,nan,2000.000000,3051.936000
14,173.412300,-42.518990,1250.000000,2.441160,260.352800,55.000000,180.000000,nan,2000.000000,3051.936000
14,173.436400,-42.516740,1250.000000,3.703540,260.352800,55.000000,180.000000,nan,2000.000000,3051.936000
14,173.460500,-42.514490,1250.000000,4.737170,260.352800,55.000000,180.000000,nan,2000.000000,3051.936000
14,173.484600,-42.512240,1250.000000,5.237710,260.352800,55.000000,179.072900,nan,2000.000000,3051.936000
14,173.508700,-42.509990,1250.000000,4.761250,260.352800,55.000000,176.549600,nan,2000.000000,3051.936000
14,173.532800,-42.507740,1250.000000,3.018940,260.352800,55.000000,172.745100,nan,2000.000000,3051.936000
14,173.556900,-42.505490,1250.000000,0.803130,260.352800,55.000000,166.155400,nan,2000.000000,3051.936000
14,173.337400,-42.510120,3750.000000,1.248080,260.352800,55.000000,170.627700,nan,2000.000000,3051.936000
14,173.361500,-42.507870,3750.000000,2.409160,260.352800,55.000000,169.835500,nan,2000.000000,3051.936000
14,173.385600,-42.505620,3750.000000,3.436020,260.352800,55.000000,169.196600,nan,2000.000000,3051.936000
14,173.409700,-42.503370,3750.000000,4.271880,260.352800,55.000000,168.539900,nan,2000.000000,3051.936000
14,173.433800,-42.501120,3750.000000,4.859810,260.352800,55.000000,167.652600,nan,2000.000000,3051.936000
14,173.457900,-42.498870,3750.000000,5.138390,260.352800,55.000000,166.247700,nan,2000.000000,3051.936000
14,173.482000,-42.496620,3750.000000,4.994330,260.352800,55.000000,163.814900,nan,2000.000000,3051.936000
14,173.506100,-42.494370,3750.000000,4.191110,260.352800,55.000000,159.500400,nan,2000.000000,3051.936000
14,173.530200,-42.492120,3750.000000,2.573030,260.352800,55.000000,152.084900,nan,2000.000000,3051.936000
14,173.554300,-42.489870,3750.000000,0.660920,260.352800,55.000000,137.061600,nan,2000.000000,3051.936000
14,173.334800,-42.494500,6250.000000,2.105860,260.352800,55.000000,165.612100,nan,2000.000000,3051.936000
14,173.358900,-42.492250,6250.000000,3.866510,260.352800,55.000000,164.400300,nan,2000.000000,3051.936000
14,173.383000,-42.490000,6250.000000,5.090200,260.352800,55.000000,162.704200,nan,2000.000000,3051.936000
14,173.407100,-42.487750,6250.000000,5.728780,260.352800,55.000000,160.501500,nan,2000.000000,3051.936000
14,173.431200,-42.485500,6250.000000,5.832800,260.352800,55.000000,157.687500,nan,2000.000000,3051.936000
14,173.455300,-42.483250,6250.000000,5.494340,260.352800,55.000000,154.120300,nan,2000.000000,3051.936000
14,173.479400,-42.481000,6250.000000,4.773290,260.352800,55.000000,149.564400,nan,2000.000000,3051.936000
14,173.503500,-42.478750,6250.000000,3.660870,260.352800,55.000000,143.545500,nan,2000.000000,3051.936000
14,173.527600,-42.476500,6250.000000,2.183350,260.352800,55.000000,135.423800,nan,2000.000000,3051.936000
14,173.551700,-42.474250,6250.000000,0.564970,260.352800,55.000000,122.455300,nan,2000.000000,3051.936000
14,173.332200,-42.478880,8750.000000,2.592370,260.352800,55.000000,160.308100,nan,2000.000000,3051.936000
14,173.356300,-42.476630,8750.000000,4.683790,260.352800,55.000000,158.766000,nan,2000.000000,3051.936000
14,173.380400,-42.474380,8750.000000,6.001270,260.352800,55.000000,156.348900,nan,2000.000000,3051.936000
14,173.404500,-42.472130,8750.000000,6.488020,260.352800,55.000000,152.971500,nan,2000.000000,3051.936000
14,173.428600,-42.469880,8750.000000,6.254760,260.352800,55.000000,148.473500,nan,2000.000000,3051.936000
14,173.452700,-42.467630,8750.000000,5.503360,260.352800,55.000000,142.707000,nan,2000.000000,3051.936000
14,173.476800,-42.465380,8750.000000,4.435220,260.352800,55.000000,135.624000,nan,2000.000000,3051.936000
14,173.500900,-42.463130,8750.000000,3.186440,260.352800,55.000000,127.333200,nan,2000.000000,3051.936000
14,173.525000,-42.460880,8750.000000,1.831240,260.352800,55.000000,118.146100,nan,2000.000000,3051.936000
14,173.549100,-42.458630,8750.000000,0.432690,260.352800,55.000000,104.608200,nan,2000.000000,3051.936000
14,173.329600,-42.463260,11250.000000,2.688770,260.352800,55.000000,155.319300,nan,2000.000000,3051.936000
14,173.353700,-42.461010,11250.000000,4.826180,260.352800,55.000000,153.450200,nan,2000.000000,3051.936000
14,173.377800,-42.458760,11250.000000,6.119040,260.352800,55.000000,150.455400,nan,2000.000000,3051.936000
14,173.401900,-42.456510,11250.000000,6.513450,260.352800,55.000000,146.191900,nan,2000.000000,3051.936000
14,173.426000,-42.454260,11250.000000,6.147290,260.352800,55.000000,140.433600,nan,2000.000000,3051.936000
14,173.450100,-42.452010,11250.000000,5.269080,260.352800,55.000000,132.997700,nan,2000.000000,3051.936000
14,173.474200,-42.449760,11250.000000,4.133440,260.352800,55.000000,123.971700,nan,2000.000000,3051.936000
14,173.498300,-42.447510,11250.000000,2.909610,260.352800,55.000000,113.979700,nan,2000.000000,3051.936000
14,173.522400,-42.445260,11250.000000,1.653960,260.352800,55.000000,104.115000,nan,2000.000000,3051.936000
14,173.546500,-42.443010,11250.000000,0.370590,260.352800,55.000000,90.000000,nan,2000.000000,3051.936000
14,173.327000,-42.447640,13750.000000,2.455470,260.352800,55.000000,151.061100,nan,2000.000000,3051.936000
14,173.351100,-42.445390,13750.000000,4.401360,260.352800,55.000000,148.929400,nan,2000.000000,3051.936000
14,173.375200,-42.443140,13750.000000,5.568660,260.352800,55.000000,145.523400,nan,2000.000000,3051.936000
14,173.399300,-42.440890,13750.000000,5.911970,260.352800,55.000000,140.694400,nan,2000.000000,3051.936000
14,173.423400,-42.438640,13750.000000,5.564680,260.352800,55.000000,134.222700,nan,2000.000000,3051.936000
14,173.447500,-42.436390,13750.000000,4.761600,260.352800,55.000000,125.986300,nan,2000.000000,3051.936000
14,173.471600,-42.434140,13750.000000,3.737980,260.352800,55.000000,116.270100,nan,2000.000000,3051.936000
14,173.495700,-42.431890,13750.000000,2.640210,260.352800,55.000000,106.112300,nan,2000.000000,3051.936000
14,173.519800,-42.429640,13750.000000,1.504540,260.352800,55.000000,97.275400,nan,2000.000000,3051.936000
14,173.543900,-42.427390,13750.000000,0.326770,260.352800,55.000000,90.000000,nan,2000.000000,3051.936000
14,173.324400,-42.432020,16250.000000,2.008970,260.352800,55.000000,147.899000,nan,2000.000000,3051.936000
14,173.348500,-42.429770,16250.000000,3.604840,260.352800,55.000000,145.570300,nan,2000.000000,3051.936000
14,173.372600,-42.427520,16250.000000,4.567560,260.352800,55.000000,141.887900,nan,2000.000000,3051.936000
14,173.396700,-42.425270,16250.000000,4.860220,260.352800,55.000000,136.729200,nan,2000.000000,3051.936000
14,173.420800,-42.423020,16250.000000,4.591540,260.352800,55.000000,129.920100,nan,2000.000000,3051.936000
14,173.444900,-42.420770,16250.000000,3.950280,260.352800,55.000000,121.428700,nan,2000.000000,3051.936000
14,173.469000,-42.418520,16250.000000,3.121740,260.352800,55.000000,111.690300,nan,2000.000000,3051.936000
14,173.493100,-42.416270,16250.000000,2.217320,260.352800,55.000000,101.916300,nan,2000.000000,3051.936000
14,173.517200,-42.414020,16250.000000,1.264500,260.352800,55.000000,94.024680,nan,2000.000000,3051.936000
14,173.541300,-42.411770,16250.000000,0.268430,260.352800,55.000000,90.000000,nan,2000.000000,3051.936000
14,173.321800,-42.416400,18750.000000,1.468410,260.352800,55.000000,146.127700,nan,2000.000000,3051.936000
14,173.345900,-42.414150,18750.000000,2.638920,260.352800,55.000000,143.613100,nan,2000.000000,3051.936000
14,173.370000,-42.411900,18750.000000,3.349570,260.352800,55.000000,139.694900,nan,2000.000000,3051.936000
14,173.394100,-42.409650,18750.000000,3.572070,260.352800,55.000000,134.279700,nan,2000.000000,3051.936000
14,173.418200,-42.407400,18750.000000,3.384680,260.352800,55.000000,127.228900,nan,2000.000000,3051.936000
14,173.442300,-42.405150,18750.000000,2.923210,260.352800,55.000000,118.570400,nan,2000.000000,3051.936000
14,173.466400,-42.402900,18750.000000,2.319460,260.352800,55.000000,108.825500,nan,2000.000000,3051.936000
14,173.490500,-42.400650,18750.000000,1.651420,260.352800,55.000000,99.288500,nan,2000.000000,3051.936000
14,173.514600,-42.398400,18750.000000,0.939650,260.352800,55.000000,91.951900,nan,2000.000000,3051.936000
14,173.538700,-42.396150,18750.000000,0.193690,260.352800,55.000000,90.000000,nan,2000.000000,3051.936000
14,173.319200,-42.400780,21250.000000,0.925580,260.352800,55.000000,145.923800,nan,2000.000000,3051.936000
14,173.343300,-42.398530,21250.000000,1.665060,260.352800,55.000000,143.155300,nan,2000.000000,3051.936000
14,173.367400,-42.396280,21250.000000,2.114170,260.352800,55.000000,138.936200,nan,2000.000000,3051.936000
14,173.391500,-42.394030,21250.000000,2.253840,260.352800,55.000000,133.188600,nan,2000.000000,3051.936000
14,173.415600,-42.391780,21250.000000,2.133970,260.352800,55.000000,125.775800,nan,2000.000000,3051.936000
14,173.439700,-42.389530,21250.000000,1.841530,260.352800,55.000000,116.742200,nan,2000.000000,3051.936000
14,173.463800,-42.387280,21250.000000,1.460120,260.352800,55.000000,106.678000,nan,2000.000000,3051.936000
14,173.487900,-42.385030,21250.000000,1.037690,260.352800,55.000000,97.024640,nan,2000.000000,3051.936000
14,173.512000,-42.382780,21250.000000,0.586200,260.352800,55.000000,90.000000,nan,2000.000000,3051.936000
14,173.536100,-42.380530,21250.000000,0.114180,260.352800,55.000000,90.000000,nan,2000.000000,3051.936000
14,173.316600,-42.385160,23750.000000,0.433870,260.352800,55.000000,147.184600,nan,2000.000000,3051.936000
14,173.340700,-42.382910,23750.000000,0.780960,260.352800,55.000000,144.015400,nan,2000.000000,3051.936000
14,173.364800,-42.380660,23750.000000,0.990360,260.352800,55.000000,139.370900,nan,2000.000000,3051.936000
14,173.388900,-42.378410,23750.000000,1.052460,260.352800,55.000000,133.161400,nan,2000.000000,3051.936000
14,173.413000,-42.376160,23750.000000,0.991790,260.352800,55.000000,125.208400,nan,2000.000000,3051.936000
14,173.437100,-42.373910,23750.000000,0.851310,260.352800,55.000000,115.545500,nan,2000.000000,3051.936000
14,173.461200,-42.371660,23750.000000,0.671720,260.352800,55.000000,104.911300,nan,2000.000000,3051.936000
14,173.485300,-42.369410,23750.000000,0.474490,260.352800,55.000000,95.267960,nan,2000.000000,3051.936000
14,173.509400,-42.367160,23750.000000,0.263530,260.352800,55.000000,90.000000,nan,2000.000000,3051.936000
14,173.533500,-42.364910,23750.000000,0.045720,260.352800,55.000000,90.000000,nan,2000.000000,3051.936000
15,173.565800,-42.498880,833.330000,0.000000,236.705000,35.000000,180.000000,nan,2000.000000,2905.745000
15,173.586600,-42.489630,833.330000,0.000000,236.705000,35.000000,180.000000,nan,2000.000000,2905.745000
15,173.607400,-42.480380,833.330000,0.077780,236.705000,35.000000,90.000000,nan,2000.000000,2905.745000
15,173.628200,-42.471130,833.330000,0.288220,236.705000,35.000000,90.000000,nan,2000.000000,2905.745000
15,173.649000,-42.461880,833.330000,0.619810,236.705000,35.000000,90.000000,nan,2000.000000,2905.745000
15,173.669800,-42.452630,833.330000,1.025710,236.705000,35.000000,90.000000,nan,2000.000000,2905.745000
15,173.690600,-42.443380,833.330000,1.476080,236.705000,35.000000,90.000000,nan,2000.000000,2905.745000
15,173.711400,-42.434130,833.330000,2.002240,236.705000,35.000000,91.321370,nan,2000.000000,2905.745000
15,173.732200,-42.424880,833.330000,2.476090,236.705000,35.000000,93.640070,nan,2000.000000,2905.745000
15,173.753000,-42.415630,833.330000,2.796040,236.705000,35.000000,93.879530,nan,2000.000000,2905.745000
15,173.773800,-42.406380,833.330000,2.894460,236.705000,35.000000,93.351470,nan,2000.000000,2905.745000
15,173.794600,-42.397130,833.330000,2.753810,236.705000,35.000000,92.676610,nan,2000.000000,2905.745000
15,173.815400,-42.387880,833.330000,2.402710,236.705000,35.000000,92.054010,nan,2000.000000,2905.745000
15,173.836200,-42.378630,833.330000,1.906820,236.705000,35.000000,91.528720,nan,2000.000000,2905.745000
15,173.857000,-42.369380,833.330000,1.354340,236.705000,35.000000,91.075670,nan,2000.000000,2905.745000
15,173.877800,-42.360130,833.330000,0.837120,236.705000,35.000000,90.631200,nan,2000.000000,2905.745000
15,173.898600,-42.350880,833.330000,0.428030,236.705000,35.000000,90.168930,nan,2000.000000,2905.745000
15,173.919400,-42.341630,833.330000,0.158330,236.705000,35.000000,90.000000,nan,2000.000000,2905.745000
15,173.940200,-42.332380,833.330000,0.000000,236.705000,35.000000,180.000000,nan,2000.000000,2905.745000
15,173.550900,-42.480510,2500.000000,0.194140,236.705000,35.000000,90.000000,nan,2000.000000,2905.743000
15,173.571700,-42.471260,2500.000000,0.295020,236.705000,35.000000,90.000000,nan,2000.000000,2905.743000
15,173.592500,-42.462010,2500.000000,0.428890,236.705000,35.000000,90.000000,nan,2000.000000,2905.743000
15,173.613300,-42.452760,2500.000000,0.667590,236.705000,35.000000,94.464950,nan,2000.000000,2905.743000
15,173.634100,-42.443510,2500.000000,1.012140,236.705000,35.000000,97.614430,nan,2000.000000,2905.743000
15,173.654900,-42.434260,2500.000000,1.394910,236.705000,35.000000,97.713780,nan,2000.000000,2905.743000
15,173.675700,-42.425010,2500.000000,1.730000,236.705000,35.000000,95.771820,nan,2000.000000,2905.743000
15,173.696500,-42.415760,2500.000000,1.994530,236.705000,35.000000,95.121990,nan,2000.000000,2905.743000
15,173.717300,-42.406510,2500.000000,2.226360,236.705000,35.000000,97.522100,nan,2000.000000,2905.743000
15,173.738100,-42.397260,2500.000000,2.388170,236.705000,35.000000,98.833300,nan,2000.000000,2905.743000
15,173.758900,-42.388010,2500.000000,2.396400,236.705000,35.000000,98.987140,nan,2000.000000,2905.743000
15,173.779700,-42.378760,2500.000000,2.234880,236.705000,35.000000,98.544490,nan,2000.000000,2905.743000
15,173.800500,-42.369510,2500.000000,1.929700,236.705000,35.000000,97.874570,nan,2000.000000,2905.743000
15,173.821300,-42.360260,2500.000000,1.530600,236.705000,35.000000,97.229780,nan,2000.000000,2905.743000
15,173.842100,-42.351010,2500.000000,1.099150,236.705000,35.000000,96.801370,nan,2000.000000,2905.743000
15,173.862900,-42.341760,2500.000000,0.697320,236.705000,35.000000,96.743350,nan,2000.000000,2905.743000
15,173.883700,-42.332510,2500.000000,0.373510,236.705000,35.000000,97.232380,nan,2000.000000,2905.743000
15,173.904500,-42.323260,2500.000000,0.148030,236.705000,35.000000,98.626310,nan,2000.000000,2905.743000
15,173.925300,-42.314010,2500.000000,0.003180,236.705000,35.000000,155.693300,nan,2000.000000,2905.743000
15,173.536000,-42.462140,4166.670000,0.222340,236.705000,35.000000,90.000000,nan,2000.000000,2905.745000
15,173.556800,-42.452890,4166.670000,0.354090,236.705000,35.000000,90.000000,nan,2000.000000,2905.745000
15,173.577600,-42.443640,4166.670000,0.510350,236.705000,35.000000,96.045780,nan,2000.000000,2905.745000
15,173.598400,-42.434390,4166.670000,0.795360,236.705000,35.000000,104.259100,nan,2000.000000,2905.745000
15,173.619200,-42.425140,4166.670000,1.210990,236.705000,35.000000,107.841200,nan,2000.000000,2905.745000
15,173.640000,-42.415890,4166.670000,1.661580,236.705000,35.000000,107.696400,nan,2000.000000,2905.745000
15,173.660800,-42.406640,4166.670000,2.028620,236.705000,35.000000,106.116500,nan,2000.000000,2905.745000
15,173.681600,-42.397390,4166.670000,2.249810,236.705000,35.000000,105.337400,nan,2000.000000,2905.745000
15,173.702400,-42.388140,4166.670000,2.358720,236.705000,35.000000,106.111500,nan,2000.000000,2905.745000
15,173.723200,-42.378890,4166.670000,2.367880,236.705000,35.000000,106.793900,nan,2000.000000,2905.745000
15,173.744000,-42.369640,4166.670000,2.253730,236.705000,35.000000,106.678300,nan,2000.000000,2905.745000
15,173.764800,-42.360390,4166.670000,2.013470,236.705000,35.000000,105.813000,nan,2000.000000,2905.745000
15,173.785600,-42.351140,4166.670000,1.672810,236.705000,35.000000,104.482200,nan,2000.000000,2905.745000
15,173.806400,-42.341890,4166.670000,1.276190,236.705000,35.000000,103.058700,nan,2000.000000,2905.745000
15,173.827200,-42.332640,4166.670000,0.876050,236.705000,35.000000,101.976200,nan,2000.000000,2905.745000
15,173.848000,-42.323390,4166.670000,0.523310,236.705000,35.000000,101.718000,nan,2000.000000,2905.745000
15,173.868800,-42.314140,4166.670000,0.256650,236.705000,35.000000,102.967100,nan,2000.000000,2905.745000
15,173.889600,-42.304890,4166.670000,0.090160,236.705000,35.000000,107.021900,nan,2000.000000,2905.745000
15,173.910400,-42.295640,4166.670000,0.003520,236.705000,35.000000,180.000000,nan,2000.000000,2905.745000
15,173.521100,-42.443770,5833.330000,0.104660,236.705000,35.000000,90.000000,nan,2000.000000,2905.745000
15,173.541900,-42.434520,5833.330000,0.198120,236.705000,35.000000,95.855220,nan,2000.000000,2905.745000
15,173.562700,-42.425270,5833.330000,0.379760,236.705000,35.000000,112.357200,nan,2000.000000,2905.745000
15,173.583500,-42.416020,5833.330000,0.727950,236.705000,35.000000,119.918000,nan,2000.000000,2905.745000
15,173.604300,-42.406770,5833.330000,1.200790,236.705000,35.000000,120.689900,nan,2000.000000,2905.745000
15,173.625100,-42.397520,5833.330000,1.700720,236.705000,35.000000,119.144500,nan,2000.000000,2905.745000
15,173.645900,-42.388270,5833.330000,2.122370,236.705000,35.000000,117.309900,nan,2000.000000,2905.745000
15,173.666700,-42.379020,5833.330000,2.398080,236.705000,35.000000,116.103200,nan,2000.000000,2905.745000
15,173.687500,-42.369770,5833.330000,2.516120,236.705000,35.000000,115.511400,nan,2000.000000,2905.745000
15,173.708300,-42.360520,5833.330000,2.480180,236.705000,35.000000,114.808100,nan,2000.000000,2905.745000
15,173.729100,-42.351270,5833.330000,2.295920,236.705000,35.000000,113.476600,nan,2000.000000,2905.745000
15,173.749900,-42.342020,5833.330000,1.984540,236.705000,35.000000,111.380300,nan,2000.000000,2905.745000
15,173.770700,-42.332770,5833.330000,1.586140,236.705000,35.000000,108.635000,nan,2000.000000,2905.745000
15,173.791500,-42.323520,5833.330000,1.153120,236.705000,35.000000,105.547700,nan,2000.000000,2905.745000
15,173.812300,-42.314270,5833.330000,0.741110,236.705000,35.000000,102.617700,nan,2000.000000,2905.745000
15,173.833100,-42.305020,5833.330000,0.399590,236.705000,35.000000,100.517300,nan,2000.000000,2905.745000
15,173.853900,-42.295770,5833.330000,0.162920,236.705000,35.000000,100.390800,nan,2000.000000,2905.745000
15,173.874700,-42.286520,5833.330000,0.039790,236.705000,35.000000,105.517600,nan,2000.000000,2905.745000
15,173.895500,-42.277270,5833.330000,0.000250,236.705000,35.000000,180.000000,nan,2000.000000,2905.745000
15,173.506200,-42.425400,7500.000000,0.044050,236.705000,35.000000,90.000000,nan,2000.000000,2905.743000
15,173.527000,-42.416150,7500.000000,0.124850,236.705000,35.000000,112.543600,nan,2000.000000,2905.743000
15,173.547800,-42.406900,7500.000000,0.343240,236.705000,35.000000,128.670400,nan,2000.000000,2905.743000
15,173.568600,-42.397650,7500.000000,0.722910,236.705000,35.000000,131.440200,nan,2000.000000,2905.743000
15,173.589400,-42.388400,7500.000000,1.210300,236.705000,35.000000,129.989200,nan,2000.000000,2905.743000
15,173.610200,-42.379150,7500.000000,1.722970,236.705000,35.000000,127.565600,nan,2000.000000,2905.743000
15,173.631000,-42.369900,7500.000000,2.173050,236.705000,35.000000,125.213700,nan,2000.000000,2905.743000
15,173.651800,-42.360650,7500.000000,2.491130,236.705000,35.000000,123.181000,nan,2000.000000,2905.743000
15,173.672600,-42.351400,7500.000000,2.638970,236.705000,35.000000,121.264100,nan,2000.000000,2905.743000
15,173.693400,-42.342150,7500.000000,2.604160,236.705000,35.000000,119.050100,nan,2000.000000,2905.743000
15,173.714200,-42.332900,7500.000000,2.396570,236.705000,35.000000,116.207000,nan,2000.000000,2905.743000
15,173.735000,-42.323650,7500.000000,2.048650,236.705000,35.000000,112.583300,nan,2000.000000,2905.743000
15,173.755800,-42.314400,7500.000000,1.611400,236.705000,35.000000,108.200200,nan,2000.000000,2905.743000
15,173.776600,-42.305150,7500.000000,1.145530,236.705000,35.000000,103.255900,nan,2000.000000,2905.743000
15,173.797400,-42.295900,7500.000000,0.711590,236.705000,35.000000,98.148770,nan,2000.000000,2905.743000
15,173.818200,-42.286650,7500.000000,0.360870,236.705000,35.000000,93.470040,nan,2000.000000,2905.743000
15,173.839000,-42.277400,7500.000000,0.127330,236.705000,35.000000,90.000000,nan,2000.000000,2905.743000
15,173.859800,-42.268150,7500.000000,0.018220,236.705000,35.000000,90.000000,nan,2000.000000,2905.743000
15,173.880600,-42.258900,7500.000000,0.000000,236.705000,35.000000,180.000000,nan,2000.000000,2905.743000
15,173.491300,-42.407030,9166.670000,0.112980,236.705000,35.000000,90.000000,nan,2000.000000,2905.745000
15,173.512100,-42.397780,9166.670000,0.250510,236.705000,35.000000,107.861400,nan,2000.000000,2905.745000
15,173.532900,-42.388530,9166.670000,0.496950,236.705000,35.000000,122.812400,nan,2000.000000,2905.745000
15,173.553700,-42.379280,9166.670000,0.878410,236.705000,35.000000,128.963300,nan,2000.000000,2905.745000
15,173.574500,-42.370030,9166.670000,1.349340,236.705000,35.000000,130.084800,nan,2000.000000,2905.745000
15,173.595300,-42.360780,9166.670000,1.838510,236.705000,35.000000,129.053300,nan,2000.000000,2905.745000
15,173.616100,-42.351530,9166.670000,2.271110,236.705000,35.000000,127.151800,nan,2000.000000,2905.745000
15,173.636900,-42.342280,9166.670000,2.582470,236.705000,35.000000,124.826500,nan,2000.000000,2905.745000
15,173.657700,-42.333030,9166.670000,2.728260,236.705000,35.000000,122.109500,nan,2000.000000,2905.745000
15,173.678500,-42.323780,9166.670000,2.689530,236.705000,35.000000,118.862300,nan,2000.000000,2905.745000
15,173.699300,-42.314530,9166.670000,2.474380,236.705000,35.000000,114.937600,nan,2000.000000,2905.745000
15,173.720100,-42.305280,9166.670000,2.116090,236.705000,35.000000,110.264400,nan,2000.000000,2905.745000
15,173.740900,-42.296030,9166.670000,1.666840,236.705000,35.000000,104.903300,nan,2000.000000,2905.745000
15,173.761700,-42.286780,9166.670000,1.187950,236.705000,35.000000,99.135170,nan,2000.000000,2905.745000
15,173.782500,-42.277530,9166.670000,0.739690,236.705000,35.000000,93.651880,nan,2000.000000,2905.745000
15,173.803300,-42.268280,9166.670000,0.373730,236.705000,35.000000,90.000000,nan,2000.000000,2905.745000
15,173.824100,-42.259030,9166.670000,0.128380,236.705000,35.000000,90.000000,nan,2000.000000,2905.745000
15,173.844900,-42.249780,9166.670000,0.015670,236.705000,35.000000,90.000000,nan,2000.000000,2905.745000
15,173.865700,-42.240530,9166.670000,0.000000,236.705000,35.000000,180.000000,nan,2000.000000,2905.745000
15,173.476400,-42.388660,10833.330000,0.257950,236.705000,35.000000,97.614370,nan,2000.000000,2905.745000
15,173.497200,-42.379410,10833.330000,0.510020,236.705000,35.000000,106.199300,nan,2000.000000,2905.745000
15,173.518000,-42.370160,10833.330000,0.807900,236.705000,35.000000,115.484500,nan,2000.000000,2905.745000
15,173.538800,-42.360910,10833.330000,1.183790,236.705000,35.000000,121.929100,nan,2000.000000,2905.745000
15,173.559600,-42.351660,10833.330000,1.616660,236.705000,35.000000,124.988100,nan,2000.000000,2905.745000
15,173.580400,-42.342410,10833.330000,2.052650,236.705000,35.000000,125.574100,nan,2000.000000,2905.745000
15,173.601200,-42.333160,10833.330000,2.429590,236.705000,35.000000,124.581000,nan,2000.000000,2905.745000
15,173.622000,-42.323910,10833.330000,2.691660,236.705000,35.000000,122.539600,nan,2000.000000,2905.745000
15,173.642800,-42.314660,10833.330000,2.799010,236.705000,35.000000,119.687100,nan,2000.000000,2905.745000
15,173.663600,-42.305410,10833.330000,2.734200,236.705000,35.000000,116.095800,nan,2000.000000,2905.745000
15,173.684400,-42.296160,10833.330000,2.504680,236.705000,35.000000,111.779400,nan,2000.000000,2905.745000
15,173.705200,-42.286910,10833.330000,2.141100,236.705000,35.000000,106.779800,nan,2000.000000,2905.745000
15,173.726000,-42.277660,10833.330000,1.691290,236.705000,35.000000,101.264900,nan,2000.000000,2905.745000
15,173.746800,-42.268410,10833.330000,1.211530,236.705000,35.000000,95.694330,nan,2000.000000,2905.745000
15,173.767600,-42.259160,10833.330000,0.758180,236.705000,35.000000,91.164170,nan,2000.000000,2905.745000
15,173.788400,-42.249910,10833.330000,0.383450,236.705000,35.000000,90.000000,nan,2000.000000,2905.745000
15,173.809200,-42.240660,10833.330000,0.131180,236.705000,35.000000,90.000000,nan,2000.000000,2905.745000
15,173.830000,-42.231410,10833.330000,0.015340,236.705000,35.000000,90.000000,nan,2000.000000,2905.745000
15,173.850800,-42.222160,10833.330000,0.000000,236.705000,35.000000,180.000000,nan,2000.000000,2905.745000
15,173.461500,-42.370290,12500.000000,0.403770,236.705000,35.000000,103.611400,nan,2000.000000,2905.743000
15,173.482300,-42.361040,12500.000000,0.777470,236.705000,35.000000,108.145600,nan,2000.000000,2905.743000
15,173.503100,-42.351790,12500.000000,1.144520,236.705000,35.000000,113.479900,nan,2000.000000,2905.743000
15,173.523900,-42.342540,12500.000000,1.528210,236.705000,35.000000,117.955200,nan,2000.000000,2905.743000
15,173.544700,-42.333290,12500.000000,1.922260,236.705000,35.000000,120.707500,nan,2000.000000,2905.743000
15,173.565500,-42.324040,12500.000000,2.292920,236.705000,35.000000,121.672100,nan,2000.000000,2905.743000
15,173.586300,-42.314790,12500.000000,2.594590,236.705000,35.000000,121.136200,nan,2000.000000,2905.743000
15,173.607100,-42.305540,12500.000000,2.783980,236.705000,35.000000,119.411700,nan,2000.000000,2905.743000
15,173.627900,-42.296290,12500.000000,2.830240,236.705000,35.000000,116.721900,nan,2000.000000,2905.743000
15,173.648700,-42.287040,12500.000000,2.721160,236.705000,35.000000,113.201300,nan,2000.000000,2905.743000
15,173.669500,-42.277790,12500.000000,2.465710,236.705000,35.000000,108.940200,nan,2000.000000,2905.743000
15,173.690300,-42.268540,12500.000000,2.092490,236.705000,35.000000,104.050900,nan,2000.000000,2905.743000
15,173.711100,-42.259290,12500.000000,1.644630,236.705000,35.000000,98.774390,nan,2000.000000,2905.743000
15,173.731900,-42.250040,12500.000000,1.172690,236.705000,35.000000,93.672810,nan,2000.000000,2905.743000
15,173.752700,-42.240790,12500.000000,0.728390,236.705000,35.000000,90.000000,nan,2000.000000,2905.743000
15,173.773500,-42.231540,12500.000000,0.362660,236.705000,35.000000,90.000000,nan,2000.000000,2905.743000
15,173.794300,-42.222290,12500.000000,0.119000,236.705000,35.000000,90.000000,nan,2000.000000,2905.743000
15,173.815100,-42.213040,12500.000000,0.009980,236.705000,35.000000,90.000000,nan,2000.000000,2905.743000
15,173.835900,-42.203790,12500.000000,0.000000,236.705000,35.000000,180.000000,nan,2000.000000,2905.743000
15,173.446600,-42.351920,14166.670000,0.499450,236.705000,35.000000,108.918600,nan,2000.000000,2905.745000
15,173.467400,-42.342670,14166.670000,0.957950,236.705000,35.000000,111.514700,nan,2000.000000,2905.745000
15,173.488200,-42.333420,14166.670000,1.378320,236.705000,35.000000,114.629100,nan,2000.000000,2905.745000
15,173.509000,-42.324170,14166.670000,1.771060,236.705000,35.000000,117.388400,nan,2000.000000,2905.745000
15,173.529800,-42.314920,14166.670000,2.132670,236.705000,35.000000,119.197900,nan,2000.000000,2905.745000
15,173.550600,-42.305670,14166.670000,2.442310,236.705000,35.000000,119.822800,nan,2000.000000,2905.745000
15,173.571400,-42.296420,14166.670000,2.669450,236.705000,35.000000,119.279800,nan,2000.000000,2905.745000
15,173.592200,-42.287170,14166.670000,2.784230,236.705000,35.000000,117.689800,nan,2000.000000,2905.745000
15,173.613000,-42.277920,14166.670000,2.766170,236.705000,35.000000,115.183600,nan,2000.000000,2905.745000
15,173.633800,-42.268670,14166.670000,2.609830,236.705000,35.000000,111.866900,nan,2000.000000,2905.745000
15,173.654600,-42.259420,14166.670000,2.327210,236.705000,35.000000,107.828900,nan,2000.000000,2905.745000
15,173.675400,-42.250170,14166.670000,1.946520,236.705000,35.000000,103.186100,nan,2000.000000,2905.745000
15,173.696200,-42.240920,14166.670000,1.508000,236.705000,35.000000,98.177670,nan,2000.000000,2905.745000
15,173.717000,-42.231670,14166.670000,1.057830,236.705000,35.000000,93.361980,nan,2000.000000,2905.745000
15,173.737800,-42.222420,14166.670000,0.642830,236.705000,35.000000,90.000000,nan,2000.000000,2905.745000
15,173.758600,-42.213170,14166.670000,0.308650,236.705000,35.000000,90.000000,nan,2000.000000,2905.745000
15,173.779400,-42.203920,14166.670000,0.092460,236.705000,35.000000,90.000000,nan,2000.000000,2905.745000
15,173.800200,-42.194670,14166.670000,0.001880,236.705000,35.000000,90.000000,nan,2000.000000,2905.745000
15,173.821000,-42.185420,14166.670000,0.000000,236.705000,35.000000,180.000000,nan,2000.000000,2905.745000
15,173.431700,-42.333550,15833.330000,0.526270,236.705000,35.000000,114.493700,nan,2000.000000,2905.745000
15,173.452500,-42.324300,15833.330000,1.012030,236.705000,35.000000,116.007900,nan,2000.000000,2905.745000
15,173.473300,-42.315050,15833.330000,1.447720,236.705000,35.000000,117.805500,nan,2000.000000,2905.745000
15,173.494100,-42.305800,15833.330000,1.832640,236.705000,35.000000,119.376300,nan,2000.000000,2905.745000
15,173.514900,-42.296550,15833.330000,2.160900,236.705000,35.000000,120.340600,nan,2000.000000,2905.745000
15,173.535700,-42.287300,15833.330000,2.417600,236.705000,35.000000,120.495200,nan,2000.000000,2905.745000
15,173.556500,-42.278050,15833.330000,2.582410,236.705000,35.000000,119.784000,nan,2000.000000,2905.745000
15,173.577300,-42.268800,15833.330000,2.636230,236.705000,35.000000,118.235600,nan,2000.000000,2905.745000
15,173.598100,-42.259550,15833.330000,2.567580,236.705000,35.000000,115.907900,nan,2000.000000,2905.745000
15,173.618900,-42.250300,15833.330000,2.377250,236.705000,35.000000,112.857600,nan,2000.000000,2905.745000
15,173.639700,-42.241050,15833.330000,2.080340,236.705000,35.000000,109.134400,nan,2000.000000,2905.745000
15,173.660500,-42.231800,15833.330000,1.705430,236.705000,35.000000,104.802700,nan,2000.000000,2905.745000
15,173.681300,-42.222550,15833.330000,1.291130,236.705000,35.000000,100.001300,nan,2000.000000,2905.745000
15,173.702100,-42.213300,15833.330000,0.880620,236.705000,35.000000,95.090410,nan,2000.000000,2905.745000
15,173.722900,-42.204050,15833.330000,0.516000,236.705000,35.000000,91.004170,nan,2000.000000,2905.745000
15,173.743700,-42.194800,15833.330000,0.234370,236.705000,35.000000,90.000000,nan,2000.000000,2905.745000
15,173.764500,-42.185550,15833.330000,0.062590,236.705000,35.000000,90.000000,nan,2000.000000,2905.745000
15,173.785300,-42.176300,15833.330000,0.000000,236.705000,35.000000,180.000000,nan,2000.000000,2905.745000
15,173.806100,-42.167050,15833.330000,0.000000,236.705000,35.000000,180.000000,nan,2000.000000,2905.745000
15,173.416800,-42.315180,17500.000000,0.489500,236.705000,35.000000,121.049200,nan,2000.000000,2905.743000
15,173.437600,-42.305930,17500.000000,0.945970,236.705000,35.000000,121.844000,nan,2000.000000,2905.743000
15,173.458400,-42.296680,17500.000000,1.354690,236.705000,35.000000,122.756000,nan,2000.000000,2905.743000
15,173.479200,-42.287430,17500.000000,1.707590,236.705000,35.000000,123.483400,nan,2000.000000,2905.743000
15,173.500000,-42.278180,17500.000000,1.995450,236.705000,35.000000,123.792300,nan,2000.000000,2905.743000
15,173.520800,-42.268930,17500.000000,2.205530,236.705000,35.000000,123.542000,nan,2000.000000,2905.743000
15,173.541600,-42.259680,17500.000000,2.323340,236.705000,35.000000,122.675000,nan,2000.000000,2905.743000
15,173.562400,-42.250430,17500.000000,2.336820,236.705000,35.000000,121.189100,nan,2000.000000,2905.743000
15,173.583200,-42.241180,17500.000000,2.240670,236.705000,35.000000,119.106300,nan,2000.000000,2905.743000
15,173.604000,-42.231930,17500.000000,2.039810,236.705000,35.000000,116.451900,nan,2000.000000,2905.743000
15,173.624800,-42.222680,17500.000000,1.751000,236.705000,35.000000,113.243400,nan,2000.000000,2905.743000
15,173.645600,-42.213430,17500.000000,1.402230,236.705000,35.000000,109.491300,nan,2000.000000,2905.743000
15,173.666400,-42.204180,17500.000000,1.029920,236.705000,35.000000,105.213500,nan,2000.000000,2905.743000
15,173.687200,-42.194930,17500.000000,0.674110,236.705000,35.000000,100.476000,nan,2000.000000,2905.743000
15,173.708000,-42.185680,17500.000000,0.372530,236.705000,35.000000,95.503320,nan,2000.000000,2905.743000
15,173.728800,-42.176430,17500.000000,0.154330,236.705000,35.000000,91.026940,nan,2000.000000,2905.743000
15,173.749600,-42.167180,17500.000000,0.033680,236.705000,35.000000,90.000000,nan,2000.000000,2905.743000
15,173.770400,-42.157930,17500.000000,0.000000,236.705000,35.000000,180.000000,nan,2000.000000,2905.743000
15,173.791200,-42.148680,17500.000000,0.000000,236.705000,35.000000,180.000000,nan,2000.000000,2905.743000
15,173.401900,-42.296810,19166.670000,0.408030,236.705000,35.000000,129.203900,nan,2000.000000,2905.745000
15,173.422700,-42.287560,19166.670000,0.793500,236.705000,35.000000,129.377500,nan,2000.000000,2905.745000
15,173.443500,-42.278310,19166.670000,1.141660,236.705000,35.000000,129.547200,nan,2000.000000,2905.745000
15,173.464300,-42.269060,19166.670000,1.441090,236.705000,35.000000,129.570700,nan,2000.000000,2905.745000
15,173.485100,-42.259810,19166.670000,1.680610,236.705000,35.000000,129.326100,nan,2000.000000,2905.745000
15,173.505900,-42.250560,19166.670000,1.848360,236.705000,35.000000,128.734300,nan,2000.000000,2905.745000
15,173.526700,-42.241310,19166.670000,1.933150,236.705000,35.000000,127.760800,nan,2000.000000,2905.745000
15,173.547500,-42.232060,19166.670000,1.926950,236.705000,35.000000,126.405400,nan,2000.000000,2905.745000
15,173.568300,-42.222810,19166.670000,1.827850,236.705000,35.000000,124.689200,nan,2000.000000,2905.745000
15,173.589100,-42.213560,19166.670000,1.642420,236.705000,35.000000,122.644600,nan,2000.000000,2905.745000
15,173.609900,-42.204310,19166.670000,1.386860,236.705000,35.000000,120.311100,nan,2000.000000,2905.745000
15,173.630700,-42.195060,19166.670000,1.086500,236.705000,35.000000,117.739500,nan,2000.000000,2905.745000
15,173.651500,-42.185810,19166.670000,0.773540,236.705000,35.000000,115.007700,nan,2000.000000,2905.745000
15,173.672300,-42.176560,19166.670000,0.482890,236.705000,35.000000,112.263000,nan,2000.000000,2905.745000
15,173.693100,-42.167310,19166.670000,0.246710,236.705000,35.000000,109.851700,nan,2000.000000,2905.745000
15,173.713900,-42.158060,19166.670000,0.087790,236.705000,35.000000,108.899900,nan,2000.000000,2905.745000
15,173.734700,-42.148810,19166.670000,0.012180,236.705000,35.000000,117.844700,nan,2000.000000,2905.745000
15,173.755500,-42.139560,19166.670000,0.000000,236.705000,35.000000,180.000000,nan,2000.000000,2905.745000
15,173.776300,-42.130310,19166.670000,0.000000,236.705000,35.000000,180.000000,nan,2000.000000,2905.745000
15,173.387000,-42.278440,20833.330000,0.304900,236.705000,35.000000,139.425000,nan,2000.000000,2905.745000
15,173.407800,-42.269190,20833.330000,0.597200,236.705000,35.000000,138.856200,nan,2000.000000,2905.745000
15,173.428600,-42.259940,20833.330000,0.865000,236.705000,35.000000,138.194300,nan,2000.000000,2905.745000
15,173.449400,-42.250690,20833.330000,1.096970,236.705000,35.000000,137.461700,nan,2000.000000,2905.745000
15,173.470200,-42.241440,20833.330000,1.282110,236.705000,35.000000,136.634900,nan,2000.000000,2905.745000
15,173.491000,-42.232190,20833.330000,1.409970,236.705000,35.000000,135.688300,nan,2000.000000,2905.745000
15,173.511800,-42.222940,20833.330000,1.471670,236.705000,35.000000,134.614300,nan,2000.000000,2905.745000
15,173.532600,-42.213690,20833.330000,1.461610,236.705000,35.000000,133.429900,nan,2000.000000,2905.745000
15,173.553400,-42.204440,20833.330000,1.379300,236.705000,35.000000,132.180300,nan,2000.000000,2905.745000
15,173.574200,-42.195190,20833.330000,1.230980,236.705000,35.000000,130.945700,nan,2000.000000,2905.745000
15,173.595000,-42.185940,20833.330000,1.030330,236.705000,35.000000,129.860600,nan,2000.000000,2905.745000
15,173.615800,-42.176690,20833.330000,0.798150,236.705000,35.000000,129.160600,nan,2000.000000,2905.745000
15,173.636600,-42.167440,20833.330000,0.560430,236.705000,35.000000,129.297300,nan,2000.000000,2905.745000
15,173.657400,-42.158190,20833.330000,0.345170,236.705000,35.000000,131.246600,nan,2000.000000,2905.745000
15,173.678200,-42.148940,20833.330000,0.177630,236.705000,35.000000,137.409100,nan,2000.000000,2905.745000
15,173.699000,-42.139690,20833.330000,0.074000,236.705000,35.000000,153.588300,nan,2000.000000,2905.745000
15,173.719800,-42.130440,20833.330000,0.029160,236.705000,35.000000,180.000000,nan,2000.000000,2905.745000
15,173.740600,-42.121190,20833.330000,0.010380,236.705000,35.000000,180.000000,nan,2000.000000,2905.745000
15,173.761400,-42.111940,20833.330000,0.000290,236.705000,35.000000,180.000000,nan,2000.000000,2905.745000
15,173.372100,-42.260070,22500.000000,0.198830,236.705000,35.000000,151.599800,nan,2000.000000,2905.743000
15,173.392900,-42.250820,22500.000000,0.391950,236.705000,35.000000,149.946900,nan,2000.000000,2905.743000
15,173.413700,-42.241570,22500.000000,0.571420,236.705000,35.000000,148.167300,nan,2000.000000,2905.743000
15,173.434500,-42.232320,22500.000000,0.728650,236.705000,35.000000,146.475500,nan,2000.000000,2905.743000
15,173.455300,-42.223070,22500.000000,0.855120,236.705000,35.000000,144.929100,nan,2000.000000,2905.743000
15,173.476100,-42.213820,22500.000000,0.942960,236.705000,35.000000,143.533100,nan,2000.000000,2905.743000
15,173.496900,-42.204570,22500.000000,0.985820,236.705000,35.000000,142.291500,nan,2000.000000,2905.743000
15,173.517700,-42.195320,22500.000000,0.979910,236.705000,35.000000,141.233200,nan,2000.000000,2905.743000
15,173.538500,-42.186070,22500.000000,0.925160,236.705000,35.000000,140.430400,nan,2000.000000,2905.743000
15,173.559300,-42.176820,22500.000000,0.826230,236.705000,35.000000,140.022400,nan,2000.000000,2905.743000
15,173.580100,-42.167570,22500.000000,0.693000,236.705000,35.000000,140.257300,nan,2000.000000,2905.743000
15,173.600900,-42.158320,22500.000000,0.540260,236.705000,35.000000,141.573400,nan,2000.000000,2905.743000
15,173.621700,-42.149070,22500.000000,0.386460,236.705000,35.000000,144.748700,nan,2000.000000,2905.743000
15,173.642500,-42.139820,22500.000000,0.251020,236.705000,35.000000,151.081700,nan,2000.000000,2905.743000
15,173.663300,-42.130570,22500.000000,0.149540,236.705000,35.000000,161.954300,nan,2000.000000,2905.743000
15,173.684100,-42.121320,22500.000000,0.085550,236.705000,35.000000,175.174100,nan,2000.000000,2905.743000
15,173.704900,-42.112070,22500.000000,0.046850,236.705000,35.000000,180.000000,nan,2000.000000,2905.743000
15,173.725700,-42.102820,22500.000000,0.021750,236.705000,35.000000,180.000000,nan,2000.000000,2905.743000
15,173.746500,-42.093570,22500.000000,0.003340,236.705000,35.000000,180.000000,nan,2000.000000,2905.743000
15,173.357200,-42.241700,24166.670000,0.097810,236.705000,35.000000,164.084100,nan,2000.000000,2905.745000
15,173.378000,-42.232450,24166.670000,0.193320,236.705000,35.000000,160.884000,nan,2000.000000,2905.745000
15,173.398800,-42.223200,24166.670000,0.282790,236.705000,35.000000,157.683600,nan,2000.000000,2905.745000
15,173.419600,-42.213950,24166.670000,0.361910,236.705000,35.000000,154.858600,nan,2000.000000,2905.745000
15,173.440400,-42.204700,24166.670000,0.426210,236.705000,35.000000,152.490200,nan,2000.000000,2905.745000
15,173.461200,-42.195450,24166.670000,0.471510,236.705000,35.000000,150.567500,nan,2000.000000,2905.745000
15,173.482000,-42.186200,24166.670000,0.494470,236.705000,35.000000,149.073900,nan,2000.000000,2905.745000
15,173.502800,-42.176950,24166.670000,0.493080,236.705000,35.000000,148.028000,nan,2000.000000,2905.745000
15,173.523600,-42.167700,24166.670000,0.467320,236.705000,35.000000,147.510300,nan,2000.000000,2905.745000
15,173.544400,-42.158450,24166.670000,0.419620,236.705000,35.000000,147.692100,nan,2000.000000,2905.745000
15,173.565200,-42.149200,24166.670000,0.355110,236.705000,35.000000,148.881000,nan,2000.000000,2905.745000
15,173.586000,-42.139950,24166.670000,0.281500,236.705000,35.000000,151.582700,nan,2000.000000,2905.745000
15,173.606800,-42.130700,24166.670000,0.208220,236.705000,35.000000,156.524700,nan,2000.000000,2905.745000
15,173.627600,-42.121450,24166.670000,0.144620,236.705000,35.000000,164.319700,nan,2000.000000,2905.745000
15,173.648400,-42.112200,24166.670000,0.096360,236.705000,35.000000,173.886000,nan,2000.000000,2905.745000
15,173.669200,-42.102950,24166.670000,0.062150,236.705000,35.000000,180.000000,nan,2000.000000,2905.745000
15,173.690000,-42.093700,24166.670000,0.037480,236.705000,35.000000,180.000000,nan,2000.000000,2905.745000
15,173.710800,-42.084450,24166.670000,0.019200,236.705000,35.000000,180.000000,nan,2000.000000,2905.745000
15,173.731600,-42.075200,24166.670000,0.003960,236.705000,35.000000,180.000000,nan,2000.000000,2905.745000
16,173.214000,-42.557390,1388.890000,1.399760,194.036200,60.000000,90.000000,nan,1894.498000,3207.502000
16,173.220600,-42.541070,1388.890000,2.611610,194.036200,60.000000,95.339910,nan,1894.498000,3207.502000
16,173.227200,-42.524750,1388.890000,3.405540,194.036200,60.000000,98.003760,nan,1894.498000,3207.502000
16,173.233800,-42.508430,1388.890000,3.547890,194.036200,60.000000,95.511190,nan,1894.498000,3207.502000
16,173.240400,-42.492110,1388.890000,3.032490,194.036200,60.000000,90.011370,nan,1894.498000,3207.502000
16,173.247000,-42.475790,1388.890000,1.953110,194.036200,60.000000,90.000000,nan,1894.498000,3207.502000
16,173.253600,-42.459470,1388.890000,0.492230,194.036200,60.000000,90.000000,nan,1894.498000,3207.502000
16,173.195300,-42.553260,4166.670000,1.345690,194.036200,60.000000,101.614200,nan,1894.498000,3207.502000
16,173.201900,-42.536940,4166.670000,2.550590,194.036200,60.000000,102.444500,nan,1894.498000,3207.502000
16,173.208500,-42.520620,4166.670000,3.381980,194.036200,60.000000,101.058100,nan,1894.498000,3207.502000
16,173.215100,-42.504300,4166.670000,3.600990,194.036200,60.000000,96.536340,nan,1894.498000,3207.502000
16,173.221700,-42.487980,4166.670000,3.109830,194.036200,60.000000,90.859040,nan,1894.498000,3207.502000
16,173.228300,-42.471660,4166.670000,1.978740,194.036200,60.000000,90.000000,nan,1894.498000,3207.502000
16,173.234900,-42.455340,4166.670000,0.468680,194.036200,60.000000,90.000000,nan,1894.498000,3207.502000
16,173.176600,-42.549130,6944.440000,1.125520,194.036200,60.000000,96.787400,nan,1894.498000,3207.501000
16,173.183200,-42.532810,6944.440000,2.133310,194.036200,60.000000,96.741850,nan,1894.498000,3207.501000
16,173.189800,-42.516490,6944.440000,2.836640,194.036200,60.000000,95.211680,nan,1894.498000,3207.501000
16,173.196400,-42.500170,6944.440000,3.040990,194.036200,60.000000,92.375230,nan,1894.498000,3207.501000
16,173.203000,-42.483850,6944.440000,2.636090,194.036200,60.000000,90.000000,nan,1894.498000,3207.501000
16,173.209600,-42.467530,6944.440000,1.678240,194.036200,60.000000,90.000000,nan,1894.498000,3207.501000
16,173.216200,-42.451210,6944.440000,0.399250,194.036200,60.000000,90.000000,nan,1894.498000,3207.501000
16,173.157900,-42.545000,9722.220000,0.706440,194.036200,60.000000,90.000000,nan,1894.498000,3207.502000
16,173.164500,-42.528680,9722.220000,1.336280,194.036200,60.000000,90.000000,nan,1894.498000,3207.502000
16,173.171100,-42.512360,9722.220000,1.768040,194.036200,60.000000,90.000000,nan,1894.498000,3207.502000
16,173.177700,-42.496040,9722.220000,1.879860,194.036200,60.000000,90.000000,nan,1894.498000,3207.502000
16,173.184300,-42.479720,9722.220000,1.611510,194.036200,60.000000,90.000000,nan,1894.498000,3207.502000
16,173.190900,-42.463400,9722.220000,1.011890,194.036200,60.000000,90.000000,nan,1894.498000,3207.502000
16,173.197500,-42.447080,9722.220000,0.224330,194.036200,60.000000,90.000000,nan,1894.498000,3207.502000
16,173.139200,-42.540870,12500.000000,0.291590,194.036200,60.000000,90.000000,nan,1894.498000,3207.502000
16,173.145800,-42.524550,12500.000000,0.559140,194.036200,60.000000,90.000000,nan,1894.498000,3207.502000
16,173.152400,-42.508230,12500.000000,0.741620,194.036200,60.000000,90.000000,nan,1894.498000,3207.502000
16,173.159000,-42.491910,12500.000000,0.780060,194.036200,60.000000,90.000000,nan,1894.498000,3207.502000
16,173.165600,-42.475590,12500.000000,0.652590,194.036200,60.000000,90.000000,nan,1894.498000,3207.502000
16,173.172200,-42.459270,12500.000000,0.391470,194.036200,60.000000,90.000000,nan,1894.498000,3207.502000
16,173.178800,-42.442950,12500.000000,0.065690,194.036200,60.000000,90.000000,nan,1894.498000,3207.502000
16,173.120500,-42.536740,15277.780000,0.042410,194.036200,60.000000,90.000000,nan,1894.498000,3207.502000
16,173.127100,-42.520420,15277.780000,0.093620,194.036200,60.000000,90.000000,nan,1894.498000,3207.502000
16,173.133700,-42.504100,15277.780000,0.132640,194.036200,60.000000,90.000000,nan,1894.498000,3207.502000
16,173.140300,-42.487780,15277.780000,0.138130,194.036200,60.000000,90.000000,nan,1894.498000,3207.502000
16,173.146900,-42.471460,15277.780000,0.105450,194.036200,60.000000,90.000000,nan,1894.498000,3207.502000
16,173.153500,-42.455140,15277.780000,0.051320,194.036200,60.000000,90.000000,nan,1894.498000,3207.502000
16,173.160100,-42.438820,15277.780000,0.000000,194.036200,60.000000,180.000000,nan,1894.498000,3207.502000
16,173.101800,-42.532610,18055.560000,0.000000,194.036200,60.000000,180.000000,nan,1894.498000,3207.501000
16,173.108400,-42.516290,18055.560000,0.000000,194.036200,60.000000,180.000000,nan,1894.498000,3207.501000
16,173.115000,-42.499970,18055.560000,0.000000,194.036200,60.000000,180.000000,nan,1894.498000,3207.501000
16,173.121600,-42.483650,18055.560000,0.000000,194.036200,60.000000,180.000000,nan,1894.498000,3207.501000
16,173.128200,-42.467330,18055.560000,0.000000,194.036200,60.000000,180.000000,nan,1894.498000,3207.501000
16,173.134800,-42.451010,18055.560000,0.000000,194.036200,60.000000,180.000000,nan,1894.498000,3207.501000
16,173.141400,-42.434690,18055.560000,0.000000,194.036200,60.000000,180.000000,nan,1894.498000,3207.501000
16,173.083100,-42.528480,20833.330000,0.000000,194.036200,60.000000,180.000000,nan,1894.498000,3207.502000
16,173.089700,-42.512160,20833.330000,0.000000,194.036200,60.000000,180.000000,nan,1894.498000,3207.502000
16,173.096300,-42.495840,20833.330000,0.000000,194.036200,60.000000,180.000000,nan,1894.498000,3207.502000
16,173.102900,-42.479520,20833.330000,0.000000,194.036200,60.000000,180.000000,nan,1894.498000,3207.502000
16,173.109500,-42.463200,20833.330000,0.000000,194.036200,60.000000,180.000000,nan,1894.498000,3207.502000
16,173.116100,-42.446880,20833.330000,0.000000,194.036200,60.000000,180.000000,nan,1894.498000,3207.502000
16,173.122700,-42.430560,20833.330000,0.000000,194.036200,60.000000,180.000000,nan,1894.498000,3207.502000
16,173.064400,-42.524350,23611.110000,0.000000,194.036200,60.000000,180.000000,nan,1894.498000,3207.502000
16,173.071000,-42.508030,23611.110000,0.000000,194.036200,60.000000,180.000000,nan,1894.498000,3207.502000
16,173.077600,-42.491710,23611.110000,0.000000,194.036200,60.000000,180.000000,nan,1894.498000,3207.502000
16,173.084200,-42.475390,23611.110000,0.000000,194.036200,60.000000,180.000000,nan,1894.498000,3207.502000
16,173.090800,-42.459070,23611.110000,0.000000,194.036200,60.000000,180.000000,nan,1894.498000,3207.502000
16,173.097400,-42.442750,23611.110000,0.000000,194.036200,60.000000,180.000000,nan,1894.498000,3207.502000
16,173.104000,-42.426430,23611.110000,0.000000,194.036200,60.000000,180.000000,nan,1894.498000,3207.502000
17,173.367000,-42.472580,1388.890000,0.000000,176.905900,60.000000,180.000000,nan,1891.744000,3207.502000
17,173.386500,-42.472410,1388.890000,0.000000,176.905900,60.000000,180.000000,nan,1891.744000,3207.502000
17,173.406000,-42.472240,1388.890000,0.084880,176.905900,60.000000,90.000000,nan,1891.744000,3207.501000
17,173.425500,-42.472070,1388.890000,0.238900,176.905900,60.000000,90.000000,nan,1891.744000,3207.502000
17,173.445000,-42.471900,1388.890000,0.386150,176.905900,60.000000,90.000000,nan,1891.744000,3207.502000
17,173.464500,-42.471730,1388.890000,0.437750,176.905900,60.000000,90.000000,nan,1891.744000,3207.502000
17,173.484000,-42.471560,1388.890000,0.352650,176.905900,60.000000,90.000000,nan,1891.744000,3207.501000
17,173.503500,-42.471390,1388.890000,0.197820,176.905900,60.000000,90.000000,nan,1891.744000,3207.502000
17,173.523000,-42.471220,1388.890000,0.100730,176.905900,60.000000,90.000000,nan,1891.744000,3207.502000
17,173.366800,-42.455560,4166.670000,0.000000,176.905900,60.000000,180.000000,nan,1891.744000,3207.502000
17,173.386300,-42.455390,4166.670000,0.003720,176.905900,60.000000,90.000000,nan,1891.744000,3207.502000
17,173.405800,-42.455220,4166.670000,0.167570,176.905900,60.000000,90.000000,nan,1891.744000,3207.501000
17,173.425300,-42.455050,4166.670000,0.460190,176.905900,60.000000,90.000000,nan,1891.744000,3207.502000
17,173.444800,-42.454880,4166.670000,0.743590,176.905900,60.000000,90.000000,nan,1891.744000,3207.502000
17,173.464300,-42.454710,4166.670000,0.850300,176.905900,60.000000,90.000000,nan,1891.744000,3207.502000
17,173.483800,-42.454540,4166.670000,0.695590,176.905900,60.000000,90.000000,nan,1891.744000,3207.501000
17,173.503300,-42.454370,4166.670000,0.387430,176.905900,60.000000,90.000000,nan,1891.744000,3207.502000
17,173.522800,-42.454200,4166.670000,0.105880,176.905900,60.000000,90.000000,nan,1891.744000,3207.502000
17,173.366600,-42.438540,6944.440000,0.000000,176.905900,60.000000,180.000000,nan,1891.744000,3207.502000
17,173.386100,-42.438370,6944.440000,0.009730,176.905900,60.000000,90.000000,nan,1891.744000,3207.502000
17,173.405600,-42.438200,6944.440000,0.234270,176.905900,60.000000,90.000000,nan,1891.744000,3207.501000
17,173.425100,-42.438030,6944.440000,0.635390,176.905900,60.000000,90.000000,nan,1891.744000,3207.502000
17,173.444600,-42.437860,6944.440000,1.030820,176.905900,60.000000,90.000000,nan,1891.744000,3207.502000
17,173.464100,-42.437690,6944.440000,1.191530,176.905900,60.000000,90.000000,nan,1891.744000,3207.502000
17,173.483600,-42.437520,6944.440000,0.991630,176.905900,60.000000,90.000000,nan,1891.744000,3207.501000
17,173.503100,-42.437350,6944.440000,0.564600,176.905900,60.000000,90.000000,nan,1891.744000,3207.502000
17,173.522600,-42.437180,6944.440000,0.129180,176.905900,60.000000,90.000000,nan,1891.744000,3207.502000
17,173.366400,-42.421520,9722.220000,0.000000,176.905900,60.000000,180.000000,nan,1891.744000,3207.502000
17,173.385900,-42.421350,9722.220000,0.012200,176.905900,60.000000,90.000000,nan,1891.744000,3207.502000
17,173.405400,-42.421180,9722.220000,0.269130,176.905900,60.000000,90.000000,nan,1891.744000,3207.501000
17,173.424900,-42.421010,9722.220000,0.734600,176.905900,60.000000,90.000000,nan,1891.744000,3207.502000
17,173.444400,-42.420840,9722.220000,1.202360,176.905900,60.000000,90.000000,nan,1891.744000,3207.502000
17,173.463900,-42.420670,9722.220000,1.404990,176.905900,60.000000,90.000000,nan,1891.744000,3207.502000
17,173.483400,-42.420500,9722.220000,1.188790,176.905900,60.000000,90.000000,nan,1891.744000,3207.501000
17,173.502900,-42.420330,9722.220000,0.714750,176.905900,60.000000,90.000000,nan,1891.744000,3207.502000
17,173.522400,-42.420160,9722.220000,0.267680,176.905900,60.000000,90.000000,nan,1891.744000,3207.502000
17,173.366200,-42.404500,12500.000000,0.000000,176.905900,60.000000,180.000000,nan,1891.744000,3207.502000
17,173.385700,-42.404330,12500.000000,0.008550,176.905900,60.000000,90.000000,nan,1891.744000,3207.502000
17,173.405200,-42.404160,12500.000000,0.262800,176.905900,60.000000,90.000000,nan,1891.744000,3207.501000
17,173.424700,-42.403990,12500.000000,0.737710,176.905900,60.000000,90.000000,nan,1891.744000,3207.502000
17,173.444200,-42.403820,12500.000000,1.223840,176.905900,60.000000,90.000000,nan,1891.744000,3207.502000
17,173.463700,-42.403650,12500.000000,1.443020,176.905900,60.000000,90.000000,nan,1891.744000,3207.502000
17,173.483200,-42.403480,12500.000000,1.237140,176.905900,60.000000,90.000000,nan,1891.744000,3207.501000
17,173.502700,-42.403310,12500.000000,0.806300,176.905900,60.000000,90.000000,nan,1891.744000,3207.502000
17,173.522200,-42.403140,12500.000000,0.560000,176.905900,60.000000,90.000000,nan,1891.744000,3207.502000
17,173.366000,-42.387480,15277.780000,0.000000,176.905900,60.000000,180.000000,nan,1891.744000,3207.502000
17,173.385500,-42.387310,15277.780000,0.002190,176.905900,60.000000,90.000000,nan,1891.744000,3207.502000
17,173.405000,-42.387140,15277.780000,0.217590,176.905900,60.000000,90.000000,nan,1891.744000,3207.501000
17,173.424500,-42.386970,15277.780000,0.643480,176.905900,60.000000,90.000000,nan,1891.744000,3207.502000
17,173.444000,-42.386800,15277.780000,1.087250,176.905900,60.000000,90.000000,nan,1891.744000,3207.502000
17,173.463500,-42.386630,15277.780000,1.289250,176.905900,60.000000,90.000000,nan,1891.744000,3207.502000
17,173.483000,-42.386460,15277.780000,1.111530,176.905900,60.000000,90.000000,nan,1891.744000,3207.501000
17,173.502500,-42.386290,15277.780000,0.785730,176.905900,60.000000,90.000000,nan,1891.744000,3207.502000
17,173.522000,-42.386120,15277.780000,0.785520,176.905900,60.000000,91.405550,nan,1891.744000,3207.502000
17,173.365800,-42.370460,18055.560000,0.000000,176.905900,60.000000,180.000000,nan,1891.744000,3207.502000
17,173.385300,-42.370290,18055.560000,0.000000,176.905900,60.000000,180.000000,nan,1891.744000,3207.502000
17,173.404800,-42.370120,18055.560000,0.147050,176.905900,60.000000,90.000000,nan,1891.744000,3207.501000
17,173.424300,-42.369950,18055.560000,0.472250,176.905900,60.000000,90.000000,nan,1891.744000,3207.502000
17,173.443800,-42.369780,18055.560000,0.817920,176.905900,60.000000,90.000000,nan,1891.744000,3207.502000
17,173.463300,-42.369610,18055.560000,0.971970,176.905900,60.000000,90.000000,nan,1891.744000,3207.502000
17,173.482800,-42.369440,18055.560000,0.834240,176.905900,60.000000,90.000000,nan,1891.744000,3207.501000
17,173.502300,-42.369270,18055.560000,0.634800,176.905900,60.000000,90.281250,nan,1891.744000,3207.502000
17,173.521800,-42.369100,18055.560000,0.835100,176.905900,60.000000,101.868500,nan,1891.744000,3207.502000
17,173.365600,-42.353440,20833.330000,0.000000,176.905900,60.000000,180.000000,nan,1891.744000,3207.502000
17,173.385100,-42.353270,20833.330000,0.000000,176.905900,60.000000,180.000000,nan,1891.744000,3207.502000
17,173.404600,-42.353100,20833.330000,0.069510,176.905900,60.000000,90.000000,nan,1891.744000,3207.501000
17,173.424100,-42.352930,20833.330000,0.259130,176.905900,60.000000,90.000000,nan,1891.744000,3207.502000
17,173.443600,-42.352760,20833.330000,0.466450,176.905900,60.000000,90.000000,nan,1891.744000,3207.502000
17,173.463100,-42.352590,20833.330000,0.554340,176.905900,60.000000,90.000000,nan,1891.744000,3207.502000
17,173.482600,-42.352420,20833.330000,0.466910,176.905900,60.000000,90.000000,nan,1891.744000,3207.501000
17,173.502100,-42.352250,20833.330000,0.379410,176.905900,60.000000,96.804470,nan,1891.744000,3207.502000
17,173.521600,-42.352080,20833.330000,0.665440,176.905900,60.000000,117.084700,nan,1891.744000,3207.502000
17,173.365400,-42.336420,23611.110000,0.000000,176.905900,60.000000,180.000000,nan,1891.744000,3207.502000
17,173.384900,-42.336250,23611.110000,0.000000,176.905900,60.000000,180.000000,nan,1891.744000,3207.502000
17,173.404400,-42.336080,23611.110000,0.000000,176.905900,60.000000,180.000000,nan,1891.744000,3207.501000
17,173.423900,-42.335910,23611.110000,0.038710,176.905900,60.000000,90.000000,nan,1891.744000,3207.502000
17,173.443400,-42.335740,23611.110000,0.087350,176.905900,60.000000,90.000000,nan,1891.744000,3207.502000
17,173.462900,-42.335570,23611.110000,0.104320,176.905900,60.000000,90.000000,nan,1891.744000,3207.502000
17,173.482400,-42.335400,23611.110000,0.075600,176.905900,60.000000,90.000000,nan,1891.744000,3207.501000
17,173.501900,-42.335230,23611.110000,0.078980,176.905900,60.000000,127.011500,nan,1891.744000,3207.502000
17,173.521400,-42.335060,23611.110000,0.284670,176.905900,60.000000,138.958700,nan,1891.744000,3207.502000
18,174.187800,-41.791530,1562.500000,0.000000,22.318500,80.000000,180.000000,nan,1747.861000,3173.208000
18,174.196400,-41.777170,1562.500000,0.081670,22.318500,80.000000,180.000000,nan,1747.861000,3173.208000
18,174.205000,-41.762810,1562.500000,0.392290,22.318500,80.000000,180.000000,nan,1747.861000,3173.208000
18,174.213600,-41.748450,1562.500000,1.043490,22.318500,80.000000,180.000000,nan,1747.861000,3173.208000
18,174.222200,-41.734090,1562.500000,1.596970,22.318500,80.000000,180.000000,nan,1747.861000,3173.208000
18,174.193800,-41.793570,4687.500000,0.000000,22.318500,80.000000,180.000000,nan,1747.861000,3173.208000
18,174.202400,-41.779210,4687.500000,0.062630,22.318500,80.000000,90.000000,nan,1747.861000,3173.208000
18,174.211000,-41.764850,4687.500000,0.198530,22.318500,80.000000,96.593180,nan,1747.861000,3173.208000
18,174.219600,-41.750490,4687.500000,0.409720,22.318500,80.000000,122.030600,nan,1747.861000,3173.208000
18,174.228200,-41.736130,4687.500000,0.601200,22.318500,80.000000,131.515900,nan,1747.861000,3173.208000
18,174.199800,-41.795610,7812.500000,0.002050,22.318500,80.000000,90.000000,nan,1747.861000,3173.208000
18,174.208400,-41.781250,7812.500000,0.096620,22.318500,80.000000,90.000000,nan,1747.861000,3173.208000
18,174.217000,-41.766890,7812.500000,0.224400,22.318500,80.000000,90.000000,nan,1747.861000,3173.208000
18,174.225600,-41.752530,7812.500000,0.354370,22.318500,80.000000,93.314950,nan,1747.861000,3173.208000
18,174.234200,-41.738170,7812.500000,0.454990,22.318500,80.000000,96.286780,nan,1747.861000,3173.208000
18,174.205800,-41.797650,10937.500000,0.000420,22.318500,80.000000,90.000000,nan,1747.861000,3173.208000
18,174.214400,-41.783290,10937.500000,0.048050,22.318500,80.000000,90.000000,nan,1747.861000,3173.208000
18,174.223000,-41.768930,10937.500000,0.109890,22.318500,80.000000,90.000000,nan,1747.861000,3173.208000
18,174.231600,-41.754570,10937.500000,0.175380,22.318500,80.000000,90.000000,nan,1747.861000,3173.208000
18,174.240200,-41.740210,10937.500000,0.232380,22.318500,80.000000,90.000000,nan,1747.861000,3173.208000
18,174.211800,-41.799690,14062.500000,0.000000,22.318500,80.000000,180.000000,nan,1747.861000,3173.208000
18,174.220400,-41.785330,14062.500000,0.000000,22.318500,80.000000,180.000000,nan,1747.861000,3173.208000
18,174.229000,-41.770970,14062.500000,0.008570,22.318500,80.000000,90.000000,nan,1747.861000,3173.208000
18,174.237600,-41.756610,14062.500000,0.024340,22.318500,80.000000,90.000000,nan,1747.861000,3173.208000
18,174.246200,-41.742250,14062.500000,0.043290,22.318500,80.000000,90.000000,nan,1747.861000,3173.208000
18,174.217800,-41.801730,17187.500000,0.000000,22.318500,80.000000,180.000000,nan,1747.861000,3173.208000
18,174.226400,-41.787370,17187.500000,0.000000,22.318500,80.000000,180.000000,nan,1747.861000,3173.208000
18,174.235000,-41.773010,17187.500000,0.000000,22.318500,80.000000,180.000000,nan,1747.861000,3173.208000
18,174.243600,-41.758650,17187.500000,0.000000,22.318500,80.000000,180.000000,nan,1747.861000,3173.208000
18,174.252200,-41.744290,17187.500000,0.000000,22.318500,80.000000,180.000000,nan,1747.861000,3173.208000
18,174.223800,-41.803770,20312.500000,0.000000,22.318500,80.000000,180.000000,nan,1747.861000,3173.208000
18,174.232400,-41.789410,20312.500000,0.000000,22.318500,80.000000,180.000000,nan,1747.861000,3173.208000
18,174.241000,-41.775050,20312.500000,0.000000,22.318500,80.000000,180.000000,nan,1747.861000,3173.208000
18,174.249600,-41.760690,20312.500000,0.000000,22.318500,80.000000,180.000000,nan,1747.861000,3173.208000
18,174.258200,-41.746330,20312.500000,0.000000,22.318500,80.000000,180.000000,nan,1747.861000,3173.208000
18,174.229800,-41.805810,23437.500000,0.000000,22.318500,80.000000,180.000000,nan,1747.861000,3173.208000
18,174.238400,-41.791450,23437.500000,0.000000,22.318500,80.000000,180.000000,nan,1747.861000,3173.208000
18,174.247000,-41.777090,23437.500000,0.000000,22.318500,80.000000,180.000000,nan,1747.861000,3173.208000
18,174.255600,-41.762730,23437.500000,0.000000,22.318500,80.000000,180.000000,nan,1747.861000,3173.208000
18,174.264200,-41.748370,23437.500000,0.000000,22.318500,80.000000,180.000000,nan,1747.861000,3173.208000
19,174.145200,-41.905040,1562.500000,1.260470,13.134700,80.000000,180.000000,nan,1886.824000,3173.208000
19,174.151100,-41.888640,1562.500000,0.510710,13.134700,80.000000,137.904800,nan,1886.824000,3173.208000
19,174.157000,-41.872240,1562.500000,1.057220,13.134700,80.000000,90.000000,nan,1886.824000,3173.208000
19,174.162900,-41.855840,1562.500000,1.953440,13.134700,80.000000,90.000000,nan,1886.824000,3173.208000
19,174.168800,-41.839440,1562.500000,2.092010,13.134700,80.000000,94.346970,nan,1886.824000,3173.208000
19,174.174700,-41.823040,1562.500000,1.639930,13.134700,80.000000,103.940600,nan,1886.824000,3173.208000
19,174.180600,-41.806640,1562.500000,0.844000,13.134700,80.000000,117.421100,nan,1886.824000,3173.208000
19,174.151600,-41.906320,4687.500000,0.626040,13.134700,80.000000,119.925300,nan,1886.824000,3173.208000
19,174.157500,-41.889920,4687.500000,0.721530,13.134700,80.000000,98.795380,nan,1886.824000,3173.208000
19,174.163400,-41.873520,4687.500000,0.955850,13.134700,80.000000,90.000000,nan,1886.824000,3173.208000
19,174.169300,-41.857120,4687.500000,1.154970,13.134700,80.000000,90.865600,nan,1886.824000,3173.208000
19,174.175200,-41.840720,4687.500000,1.100760,13.134700,80.000000,97.782750,nan,1886.824000,3173.208000
19,174.181100,-41.824320,4687.500000,0.807000,13.134700,80.000000,107.996200,nan,1886.824000,3173.208000
19,174.187000,-41.807920,4687.500000,0.395190,13.134700,80.000000,118.483300,nan,1886.824000,3173.208000
19,174.158000,-41.907600,7812.500000,0.530090,13.134700,80.000000,92.553090,nan,1886.824000,3173.208000
19,174.163900,-41.891200,7812.500000,0.602050,13.134700,80.000000,90.000000,nan,1886.824000,3173.208000
19,174.169800,-41.874800,7812.500000,0.656430,13.134700,80.000000,90.000000,nan,1886.824000,3173.208000
19,174.175700,-41.858400,7812.500000,0.651990,13.134700,80.000000,90.704010,nan,1886.824000,3173.208000
19,174.181600,-41.842000,7812.500000,0.546730,13.134700,80.000000,95.095560,nan,1886.824000,3173.208000
19,174.187500,-41.825600,7812.500000,0.362030,13.134700,80.000000,101.645700,nan,1886.824000,3173.208000
19,174.193400,-41.809200,7812.500000,0.162410,13.134700,80.000000,107.116800,nan,1886.824000,3173.208000
19,174.164400,-41.908880,10937.500000,0.280200,13.134700,80.000000,90.000000,nan,1886.824000,3173.208000
19,174.170300,-41.892480,10937.500000,0.311500,13.134700,80.000000,90.000000,nan,1886.824000,3173.208000
19,174.176200,-41.876080,10937.500000,0.316280,13.134700,80.000000,90.000000,nan,1886.824000,3173.208000
19,174.182100,-41.859680,10937.500000,0.285230,13.134700,80.000000,90.000000,nan,1886.824000,3173.208000
19,174.188000,-41.843280,10937.500000,0.217000,13.134700,80.000000,90.000000,nan,1886.824000,3173.208000
19,174.193900,-41.826880,10937.500000,0.129970,13.134700,80.000000,90.000000,nan,1886.824000,3173.208000
19,174.199800,-41.810480,10937.500000,0.053350,13.134700,80.000000,90.000000,nan,1886.824000,3173.208000
19,174.170800,-41.910160,14062.500000,0.063530,13.134700,80.000000,90.000000,nan,1886.824000,3173.208000
19,174.176700,-41.893760,14062.500000,0.076340,13.134700,80.000000,90.000000,nan,1886.824000,3173.208000
19,174.182600,-41.877360,14062.500000,0.076420,13.134700,80.000000,90.000000,nan,1886.824000,3173.208000
19,174.188500,-41.860960,14062.500000,0.062710,13.134700,80.000000,90.000000,nan,1886.824000,3173.208000
19,174.194400,-41.844560,14062.500000,0.039060,13.134700,80.000000,90.000000,nan,1886.824000,3173.208000
19,174.200300,-41.828160,14062.500000,0.014950,13.134700,80.000000,90.000000,nan,1886.824000,3173.208000
19,174.206200,-41.811760,14062.500000,0.000990,13.134700,80.000000,90.000000,nan,1886.824000,3173.208000
19,174.177200,-41.911440,17187.500000,0.000000,13.134700,80.000000,180.000000,nan,1886.824000,3173.208000
19,174.183100,-41.895040,17187.500000,0.000000,13.134700,80.000000,180.000000,nan,1886.824000,3173.208000
19,174.189000,-41.878640,17187.500000,0.000000,13.134700,80.000000,180.000000,nan,1886.824000,3173.208000
19,174.194900,-41.862240,17187.500000,0.000000,13.134700,80.000000,180.000000,nan,1886.824000,3173.208000
19,174.200800,-41.845840,17187.500000,0.000000,13.134700,80.000000,180.000000,nan,1886.824000,3173.208000
19,174.206700,-41.829440,17187.500000,0.000000,13.134700,80.000000,180.000000,nan,1886.824000,3173.208000
19,174.212600,-41.813040,17187.500000,0.000000,13.134700,80.000000,180.000000,nan,1886.824000,3173.208000
19,174.183600,-41.912720,20312.500000,0.000000,13.134700,80.000000,180.000000,nan,1886.824000,3173.208000
19,174.189500,-41.896320,20312.500000,0.000000,13.134700,80.000000,180.000000,nan,1886.824000,3173.208000
19,174.195400,-41.879920,20312.500000,0.000000,13.134700,80.000000,180.000000,nan,1886.824000,3173.208000
19,174.201300,-41.863520,20312.500000,0.000000,13.134700,80.000000,180.000000,nan,1886.824000,3173.208000
19,174.207200,-41.847120,20312.500000,0.000000,13.134700,80.000000,180.000000,nan,1886.824000,3173.208000
19,174.213100,-41.830720,20312.500000,0.000000,13.134700,80.000000,180.000000,nan,1886.824000,3173.208000
19,174.219000,-41.814320,20312.500000,0.000000,13.134700,80.000000,180.000000,nan,1886.824000,3173.208000
19,174.190000,-41.914000,23437.500000,0.000000,13.134700,80.000000,180.000000,nan,1886.824000,3173.208000
19,174.195900,-41.897600,23437.500000,0.000000,13.134700,80.000000,180.000000,nan,1886.824000,3173.208000
19,174.201800,-41.881200,23437.500000,0.000000,13.134700,80.000000,180.000000,nan,1886.824000,3173.208000
19,174.207700,-41.864800,23437.500000,0.000000,13.134700,80.000000,180.000000,nan,1886.824000,3173.208000
19,174.213600,-41.848400,23437.500000,0.000000,13.134700,80.000000,180.000000,nan,1886.824000,3173.208000
19,174.219500,-41.832000,23437.500000,0.000000,13.134700,80.000000,180.000000,nan,1886.824000,3173.208000
19,174.225400,-41.815600,23437.500000,0.000000,13.134700,80.000000,180.000000,nan,1886.824000,3173.208000
20,173.539800,-42.148030,1388.890000,0.000000,255.256400,70.000000,180.000000,nan,1950.894000,2956.050000
20,173.562800,-42.144250,1388.890000,0.000000,255.256400,70.000000,180.000000,nan,1950.894000,2956.050000
20,173.585800,-42.140470,1388.890000,0.000000,255.256400,70.000000,180.000000,nan,1950.894000,2956.050000
20,173.608800,-42.136690,1388.890000,0.144050,255.256400,70.000000,180.000000,nan,1950.894000,2956.050000
20,173.631800,-42.132910,1388.890000,0.619740,255.256400,70.000000,180.000000,nan,1950.894000,2956.050000
20,173.654800,-42.129130,1388.890000,1.337110,255.256400,70.000000,180.000000,nan,1950.894000,2956.050000
20,173.677800,-42.125350,1388.890000,2.109740,255.256400,70.000000,180.000000,nan,1950.894000,2956.050000
20,173.700800,-42.121570,1388.890000,2.782610,255.256400,70.000000,180.000000,nan,1950.894000,2956.050000
20,173.723800,-42.117790,1388.890000,3.293630,255.256400,70.000000,180.000000,nan,1950.894000,2956.050000
20,173.746800,-42.114010,1388.890000,3.661080,255.256400,70.000000,180.000000,nan,1950.894000,2956.050000
20,173.769800,-42.110230,1388.890000,3.497890,255.256400,70.000000,180.000000,nan,1950.894000,2956.050000
20,173.792800,-42.106450,1388.890000,2.563290,255.256400,70.000000,180.000000,nan,1950.894000,2956.050000
20,173.815800,-42.102670,1388.890000,0.935700,255.256400,70.000000,180.000000,nan,1950.894000,2956.050000
20,173.537200,-42.139150,4166.670000,0.394460,255.256400,70.000000,180.000000,nan,1950.894000,2956.050000
20,173.560200,-42.135370,4166.670000,0.759510,255.256400,70.000000,180.000000,nan,1950.894000,2956.050000
20,173.583200,-42.131590,4166.670000,1.114070,255.256400,70.000000,180.000000,nan,1950.894000,2956.050000
20,173.606200,-42.127810,4166.670000,1.509820,255.256400,70.000000,180.000000,nan,1950.894000,2956.050000
20,173.629200,-42.124030,4166.670000,1.984050,255.256400,70.000000,180.000000,nan,1950.894000,2956.050000
20,173.652200,-42.120250,4166.670000,2.517670,255.256400,70.000000,180.000000,nan,1950.894000,2956.050000
20,173.675200,-42.116470,4166.670000,3.043200,255.256400,70.000000,180.000000,nan,1950.894000,2956.050000
20,173.698200,-42.112690,4166.670000,3.469120,255.256400,70.000000,180.000000,nan,1950.894000,2956.050000
20,173.721200,-42.108910,4166.670000,3.708420,255.256400,70.000000,180.000000,nan,1950.894000,2956.050000
20,173.744200,-42.105130,4166.670000,3.665240,255.256400,70.000000,180.000000,nan,1950.894000,2956.050000
20,173.767200,-42.101350,4166.670000,3.196880,255.256400,70.000000,180.000000,nan,1950.894000,2956.050000
20,173.790200,-42.097570,4166.670000,2.208510,255.256400,70.000000,180.000000,nan,1950.894000,2956.050000
20,173.813200,-42.093790,4166.670000,0.747150,255.256400,70.000000,179.894800,nan,1950.894000,2956.050000
20,173.534600,-42.130270,6944.440000,0.739950,255.256400,70.000000,180.000000,nan,1950.894000,2956.049000
20,173.557600,-42.126490,6944.440000,1.417870,255.256400,70.000000,180.000000,nan,1950.894000,2956.049000
20,173.580600,-42.122710,6944.440000,2.029270,255.256400,70.000000,180.000000,nan,1950.894000,2956.049000
20,173.603600,-42.118930,6944.440000,2.591990,255.256400,70.000000,180.000000,nan,1950.894000,2956.049000
20,173.626600,-42.115150,6944.440000,3.118590,255.256400,70.000000,180.000000,nan,1950.894000,2956.049000
20,173.649600,-42.111370,6944.440000,3.600400,255.256400,70.000000,180.000000,nan,1950.894000,2956.049000
20,173.672600,-42.107590,6944.440000,4.000510,255.256400,70.000000,180.000000,nan,1950.894000,2956.049000
20,173.695600,-42.103810,6944.440000,4.256380,255.256400,70.000000,180.000000,nan,1950.894000,2956.049000
20,173.718600,-42.100030,6944.440000,4.290340,255.256400,70.000000,180.000000,nan,1950.894000,2956.049000
20,173.741600,-42.096250,6944.440000,4.014280,255.256400,70.000000,180.000000,nan,1950.894000,2956.049000
20,173.764600,-42.092470,6944.440000,3.341240,255.256400,70.000000,180.000000,nan,1950.894000,2956.049000
20,173.787600,-42.088690,6944.440000,2.226860,255.256400,70.000000,180.000000,nan,1950.894000,2956.049000
20,173.810600,-42.084910,6944.440000,0.730830,255.256400,70.000000,179.846600,nan,1950.894000,2956.049000
20,173.532000,-42.121390,9722.220000,0.962620,255.256400,70.000000,180.000000,nan,1950.894000,2956.050000
20,173.555000,-42.117610,9722.220000,1.850770,255.256400,70.000000,180.000000,nan,1950.894000,2956.050000
20,173.578000,-42.113830,9722.220000,2.637750,255.256400,70.000000,180.000000,nan,1950.894000,2956.050000
20,173.601000,-42.110050,9722.220000,3.320760,255.256400,70.000000,180.000000,nan,1950.894000,2956.050000
20,173.624000,-42.106270,9722.220000,3.900350,255.256400,70.000000,180.000000,nan,1950.894000,2956.050000
20,173.647000,-42.102490,9722.220000,4.366590,255.256400,70.000000,180.000000,nan,1950.894000,2956.050000
20,173.670000,-42.098710,9722.220000,4.690930,255.256400,70.000000,180.000000,nan,1950.894000,2956.050000
20,173.693000,-42.094930,9722.220000,4.824970,255.256400,70.000000,180.000000,nan,1950.894000,2956.050000
20,173.716000,-42.091150,9722.220000,4.705680,255.256400,70.000000,180.000000,nan,1950.894000,2956.050000
20,173.739000,-42.087370,9722.220000,4.264860,255.256400,70.000000,180.000000,nan,1950.894000,2956.050000
20,173.762000,-42.083590,9722.220000,3.446690,255.256400,70.000000,180.000000,nan,1950.894000,2956.050000
20,173.785000,-42.079810,9722.220000,2.238390,255.256400,70.000000,179.939900,nan,1950.894000,2956.050000
20,173.808000,-42.076030,9722.220000,0.711530,255.256400,70.000000,179.670900,nan,1950.894000,2956.050000
20,173.529400,-42.112510,12500.000000,1.034300,255.256400,70.000000,180.000000,nan,1950.894000,2956.050000
20,173.552400,-42.108730,12500.000000,1.998130,255.256400,70.000000,180.000000,nan,1950.894000,2956.050000
20,173.575400,-42.104950,12500.000000,2.853930,255.256400,70.000000,180.000000,nan,1950.894000,2956.050000
20,173.598400,-42.101170,12500.000000,3.584530,255.256400,70.000000,180.000000,nan,1950.894000,2956.050000
20,173.621400,-42.097390,12500.000000,4.179390,255.256400,70.000000,180.000000,nan,1950.894000,2956.050000
20,173.644400,-42.093610,12500.000000,4.623440,255.256400,70.000000,180.000000,nan,1950.894000,2956.050000
20,173.667400,-42.089830,12500.000000,4.890170,255.256400,70.000000,180.000000,nan,1950.894000,2956.050000
20,173.690400,-42.086050,12500.000000,4.940010,255.256400,70.000000,180.000000,nan,1950.894000,2956.050000
20,173.713400,-42.082270,12500.000000,4.724560,255.256400,70.000000,180.000000,nan,1950.894000,2956.050000
20,173.736400,-42.078490,12500.000000,4.196340,255.256400,70.000000,180.000000,nan,1950.894000,2956.050000
20,173.759400,-42.074710,12500.000000,3.324890,255.256400,70.000000,179.950400,nan,1950.894000,2956.050000
20,173.782400,-42.070930,12500.000000,2.119400,255.256400,70.000000,179.827000,nan,1950.894000,2956.050000
20,173.805400,-42.067150,12500.000000,0.655170,255.256400,70.000000,179.463300,nan,1950.894000,2956.050000
20,173.526800,-42.103630,15277.780000,0.959960,255.256400,70.000000,180.000000,nan,1950.894000,2956.050000
20,173.549800,-42.099850,15277.780000,1.864360,255.256400,70.000000,180.000000,nan,1950.894000,2956.050000
20,173.572800,-42.096070,15277.780000,2.674970,255.256400,70.000000,180.000000,nan,1950.894000,2956.050000
20,173.595800,-42.092290,15277.780000,3.366800,255.256400,70.000000,180.000000,nan,1950.894000,2956.050000
20,173.618800,-42.088510,15277.780000,3.920990,255.256400,70.000000,180.000000,nan,1950.894000,2956.050000
20,173.641800,-42.084730,15277.780000,4.317740,255.256400,70.000000,180.000000,nan,1950.894000,2956.050000
20,173.664800,-42.080950,15277.780000,4.531580,255.256400,70.000000,180.000000,nan,1950.894000,2956.050000
20,173.687800,-42.077170,15277.780000,4.530570,255.256400,70.000000,180.000000,nan,1950.894000,2956.050000
20,173.710800,-42.073390,15277.780000,4.279990,255.256400,70.000000,180.000000,nan,1950.894000,2956.050000
20,173.733800,-42.069610,15277.780000,3.750570,255.256400,70.000000,179.996200,nan,1950.894000,2956.050000
20,173.756800,-42.065830,15277.780000,2.930950,255.256400,70.000000,179.929900,nan,1950.894000,2956.050000
20,173.779800,-42.062050,15277.780000,1.842850,255.256400,70.000000,179.785100,nan,1950.894000,2956.050000
20,173.802800,-42.058270,15277.780000,0.556510,255.256400,70.000000,179.390300,nan,1950.894000,2956.050000
20,173.524200,-42.094750,18055.560000,0.770900,255.256400,70.000000,180.000000,nan,1950.894000,2956.049000
20,173.547200,-42.090970,18055.560000,1.507040,255.256400,70.000000,180.000000,nan,1950.894000,2956.049000
20,173.570200,-42.087190,18055.560000,2.176260,255.256400,70.000000,180.000000,nan,1950.894000,2956.049000
20,173.593200,-42.083410,18055.560000,2.751930,255.256400,70.000000,180.000000,nan,1950.894000,2956.049000
20,173.616200,-42.079630,18055.560000,3.211520,255.256400,70.000000,180.000000,nan,1950.894000,2956.049000
20,173.639200,-42.075850,18055.560000,3.533500,255.256400,70.000000,180.000000,nan,1950.894000,2956.049000
20,173.662200,-42.072070,18055.560000,3.694970,255.256400,70.000000,180.000000,nan,1950.894000,2956.049000
20,173.685200,-42.068290,18055.560000,3.671520,255.256400,70.000000,180.000000,nan,1950.894000,2956.049000
20,173.708200,-42.064510,18055.560000,3.440280,255.256400,70.000000,180.000000,nan,1950.894000,2956.049000
20,173.731200,-42.060730,18055.560000,2.985970,255.256400,70.000000,180.000000,nan,1950.894000,2956.049000
20,173.754200,-42.056950,18055.560000,2.309270,255.256400,70.000000,179.960600,nan,1950.894000,2956.049000
20,173.777200,-42.053170,18055.560000,1.435950,255.256400,70.000000,179.846600,nan,1950.894000,2956.049000
20,173.800200,-42.049390,18055.560000,0.424190,255.256400,70.000000,179.505000,nan,1950.894000,2956.049000
20,173.521600,-42.085870,20833.330000,0.515480,255.256400,70.000000,180.000000,nan,1950.894000,2956.050000
20,173.544600,-42.082090,20833.330000,1.017230,255.256400,70.000000,180.000000,nan,1950.894000,2956.050000
20,173.567600,-42.078310,20833.330000,1.482440,255.256400,70.000000,180.000000,nan,1950.894000,2956.050000
20,173.590600,-42.074530,20833.330000,1.888050,255.256400,70.000000,180.000000,nan,1950.894000,2956.050000
20,173.613600,-42.070750,20833.330000,2.213270,255.256400,70.000000,180.000000,nan,1950.894000,2956.050000
20,173.636600,-42.066970,20833.330000,2.439190,255.256400,70.000000,180.000000,nan,1950.894000,2956.050000
20,173.659600,-42.063190,20833.330000,2.547930,255.256400,70.000000,180.000000,nan,1950.894000,2956.050000
20,173.682600,-42.059410,20833.330000,2.522840,255.256400,70.000000,180.000000,nan,1950.894000,2956.050000
20,173.705600,-42.055630,20833.330000,2.350630,255.256400,70.000000,180.000000,nan,1950.894000,2956.050000
20,173.728600,-42.051850,20833.330000,2.025150,255.256400,70.000000,180.000000,nan,1950.894000,2956.050000
20,173.751600,-42.048070,20833.330000,1.552410,255.256400,70.000000,180.000000,nan,1950.894000,2956.050000
20,173.774600,-42.044290,20833.330000,0.955170,255.256400,70.000000,179.965000,nan,1950.894000,2956.050000
20,173.797600,-42.040510,20833.330000,0.275100,255.256400,70.000000,179.779600,nan,1950.894000,2956.050000
20,173.519000,-42.076990,23611.110000,0.246000,255.256400,70.000000,180.000000,nan,1950.894000,2956.050000
20,173.542000,-42.073210,23611.110000,0.492520,255.256400,70.000000,180.000000,nan,1950.894000,2956.050000
20,173.565000,-42.069430,23611.110000,0.726890,255.256400,70.000000,180.000000,nan,1950.894000,2956.050000
20,173.588000,-42.065650,23611.110000,0.934560,255.256400,70.000000,180.000000,nan,1950.894000,2956.050000
20,173.611000,-42.061870,23611.110000,1.102380,255.256400,70.000000,180.000000,nan,1950.894000,2956.050000
20,173.634000,-42.058090,23611.110000,1.218880,255.256400,70.000000,180.000000,nan,1950.894000,2956.050000
20,173.657000,-42.054310,23611.110000,1.274000,255.256400,70.000000,180.000000,nan,1950.894000,2956.050000
20,173.680000,-42.050530,23611.110000,1.259250,255.256400,70.000000,180.000000,nan,1950.894000,2956.050000
20,173.703000,-42.046750,23611.110000,1.168680,255.256400,70.000000,180.000000,nan,1950.894000,2956.050000
20,173.726000,-42.042970,23611.110000,1.000800,255.256400,70.000000,180.000000,nan,1950.894000,2956.050000
20,173.749000,-42.039190,23611.110000,0.760870,255.256400,70.000000,180.000000,nan,1950.894000,2956.050000
20,173.772000,-42.035410,23611.110000,0.462760,255.256400,70.000000,180.000000,nan,1950.894000,2956.050000
20,173.795000,-42.031630,23611.110000,0.128730,255.256400,70.000000,180.000000,nan,1950.894000,2956.050000
21,173.478400,-42.684930,20312.500000,0.000000,221.219400,12.000000,90.000000,nan,3000.000000,3006.084000
21,173.503200,-42.665290,20312.500000,0.000000,221.219400,12.000000,90.000000,nan,3000.000000,3006.084000
21,173.528000,-42.645650,20312.500000,0.000000,221.219400,12.000000,90.000000,nan,3000.000000,3006.084000
21,173.552800,-42.626010,20312.500000,0.000000,221.219400,12.000000,90.000000,nan,3000.000000,3006.084000
21,173.577600,-42.606370,20312.500000,0.000000,221.219400,12.000000,90.000000,nan,3000.000000,3006.084000
21,173.602400,-42.586730,20312.500000,0.000000,221.219400,12.000000,90.000000,nan,3000.000000,3006.084000
21,173.627200,-42.567090,20312.500000,0.000000,221.219400,12.000000,90.000000,nan,3000.000000,3006.084000
21,173.652000,-42.547450,20312.500000,0.000000,221.219400,12.000000,90.000000,nan,3000.000000,3006.084000
21,173.676800,-42.527810,20312.500000,0.000000,221.219400,12.000000,90.000000,nan,3000.000000,3006.084000
21,173.701600,-42.508170,20312.500000,0.000000,221.219400,12.000000,90.000000,nan,3000.000000,3006.084000
21,173.726400,-42.488530,20312.500000,0.000000,221.219400,12.000000,90.000000,nan,3000.000000,3006.084000
21,173.751200,-42.468890,20312.500000,0.000000,221.219400,12.000000,90.000000,nan,3000.000000,3006.084000
21,173.776000,-42.449250,20312.500000,0.000000,221.219400,12.000000,90.000000,nan,3000.000000,3006.084000
21,173.800800,-42.429610,20312.500000,0.000000,221.219400,12.000000,90.000000,nan,3000.000000,3006.084000
21,173.825600,-42.409970,20312.500000,0.000000,221.219400,12.000000,90.000000,nan,3000.000000,3006.084000
21,173.850400,-42.390330,20312.500000,0.000000,221.219400,12.000000,90.000000,nan,3000.000000,3006.084000
21,173.875200,-42.370690,20312.500000,0.000000,221.219400,12.000000,90.000000,nan,3000.000000,3006.084000
21,173.900000,-42.351050,20312.500000,0.000000,221.219400,12.000000,90.000000,nan,3000.000000,3006.084000
21,173.924800,-42.331410,20312.500000,0.000000,221.219400,12.000000,90.000000,nan,3000.000000,3006.084000
21,173.949600,-42.311770,20312.500000,0.000000,221.219400,12.000000,90.000000,nan,3000.000000,3006.084000
21,173.974400,-42.292130,20312.500000,0.000000,221.219400,12.000000,90.000000,nan,3000.000000,3006.084000
21,173.999200,-42.272490,20312.500000,0.000000,221.219400,12.000000,90.000000,nan,3000.000000,3006.084000
21,174.024000,-42.252850,20312.500000,0.000000,221.219400,12.000000,90.000000,nan,3000.000000,3006.084000
21,174.048800,-42.233210,20312.500000,0.000000,221.219400,12.000000,90.000000,nan,3000.000000,3006.084000
21,174.073600,-42.213570,20312.500000,0.000000,221.219400,12.000000,90.000000,nan,3000.000000,3006.084000
21,174.098400,-42.193930,20312.500000,0.000000,221.219400,12.000000,90.000000,nan,3000.000000,3006.084000
21,174.123200,-42.174290,20312.500000,0.000000,221.219400,12.000000,90.000000,nan,3000.000000,3006.084000
21,174.148000,-42.154650,20312.500000,0.000000,221.219400,12.000000,90.000000,nan,3000.000000,3006.084000
21,174.172800,-42.135010,20312.500000,0.000000,221.219400,12.000000,90.000000,nan,3000.000000,3006.084000
21,174.197600,-42.115370,20312.500000,0.000000,221.219400,12.000000,90.000000,nan,3000.000000,3006.084000
21,174.222400,-42.095730,20312.500000,0.000000,221.219400,12.000000,90.000000,nan,3000.000000,3006.084000
21,174.247200,-42.076090,20312.500000,0.000000,221.219400,12.000000,90.000000,nan,3000.000000,3006.084000
21,174.272000,-42.056450,20312.500000,0.000000,221.219400,12.000000,90.000000,nan,3000.000000,3006.084000
21,174.296800,-42.036810,20312.500000,0.000000,221.219400,12.000000,90.000000,nan,3000.000000,3006.084000
21,174.321600,-42.017170,20312.500000,0.000000,221.219400,12.000000,90.000000,nan,3000.000000,3006.084000
21,174.346400,-41.997530,20312.500000,0.000000,221.219400,12.000000,90.000000,nan,3000.000000,3006.084000
21,174.371200,-41.977890,20312.500000,0.000000,221.219400,12.000000,90.000000,nan,3000.000000,3006.084000
21,174.396000,-41.958250,20312.500000,0.000000,221.219400,12.000000,90.000000,nan,3000.000000,3006.084000
21,174.420800,-41.938610,20312.500000,0.000000,221.219400,12.000000,90.000000,nan,3000.000000,3006.084000
21,174.445600,-41.918970,20312.500000,0.000000,221.219400,12.000000,90.000000,nan,3000.000000,3006.084000
21,174.470400,-41.899330,20312.500000,0.000000,221.219400,12.000000,90.000000,nan,3000.000000,3006.084000
21,174.495200,-41.879690,20312.500000,0.000000,221.219400,12.000000,90.000000,nan,3000.000000,3006.084000
21,174.520000,-41.860050,20312.500000,0.000000,221.219400,12.000000,90.000000,nan,3000.000000,3006.084000
21,174.544800,-41.840410,20312.500000,0.000000,221.219400,12.000000,90.000000,nan,3000.000000,3006.084000
21,174.569600,-41.820770,20312.500000,0.000000,221.219400,12.000000,90.000000,nan,3000.000000,3006.084000
21,174.594400,-41.801130,20312.500000,0.000000,221.219400,12.000000,90.000000,nan,3000.000000,3006.084000
21,174.619200,-41.781490,20312.500000,0.000000,221.219400,12.000000,90.000000,nan,3000.000000,3006.084000
21,174.644000,-41.761850,20312.500000,0.000000,221.219400,12.000000,90.000000,nan,3000.000000,3006.084000
21,174.668800,-41.742210,20312.500000,0.000000,221.219400,12.000000,90.000000,nan,3000.000000,3006.084000
21,174.693600,-41.722570,20312.500000,0.000000,221.219400,12.000000,90.000000,nan,3000.000000,3006.084000
21,173.452600,-42.666770,20937.500000,0.000000,221.219400,12.000000,90.000000,nan,3000.000000,3006.084000
21,173.477400,-42.647130,20937.500000,0.000000,221.219400,12.000000,90.000000,nan,3000.000000,3006.084000
21,173.502200,-42.627490,20937.500000,0.000000,221.219400,12.000000,90.000000,nan,3000.000000,3006.084000
21,173.527000,-42.607850,20937.500000,0.000000,221.219400,12.000000,90.000000,nan,3000.000000,3006.084000
21,173.551800,-42.588210,20937.500000,0.000000,221.219400,12.000000,90.000000,nan,3000.000000,3006.084000
21,173.576600,-42.568570,20937.500000,0.000000,221.219400,12.000000,90.000000,nan,3000.000000,3006.084000
21,173.601400,-42.548930,20937.500000,0.000000,221.219400,12.000000,90.000000,nan,3000.000000,3006.084000
21,173.626200,-42.529290,20937.500000,0.000000,221.219400,12.000000,90.000000,nan,3000.000000,3006.084000
21,173.651000,-42.509650,20937.500000,0.000000,221.219400,12.000000,90.000000,nan,3000.000000,3006.084000
21,173.675800,-42.490010,20937.500000,0.000000,221.219400,12.000000,90.000000,nan,3000.000000,3006.084000
21,173.700600,-42.470370,20937.500000,0.000000,221.219400,12.000000,90.000000,nan,3000.000000,3006.084000
21,173.725400,-42.450730,20937.500000,0.000000,221.219400,12.000000,90.000000,nan,3000.000000,3006.084000
21,173.750200,-42.431090,20937.500000,0.000000,221.219400,12.000000,90.000000,nan,3000.000000,3006.084000
21,173.775000,-42.411450,20937.500000,0.000000,221.219400,12.000000,90.000000,nan,3000.000000,3006.084000
21,173.799800,-42.391810,20937.500000,0.000000,221.219400,12.000000,90.000000,nan,3000.000000,3006.084000
21,173.824600,-42.372170,20937.500000,0.000000,221.219400,12.000000,90.000000,nan,3000.000000,3006.084000
21,173.849400,-42.352530,20937.500000,0.000000,221.219400,12.000000,90.000000,nan,3000.000000,3006.084000
21,173.874200,-42.332890,20937.500000,0.000000,221.219400,12.000000,90.000000,nan,3000.000000,3006.084000
21,173.899000,-42.313250,20937.500000,0.000000,221.219400,12.000000,90.000000,nan,3000.000000,3006.084000
21,173.923800,-42.293610,20937.500000,0.000000,221.219400,12.000000,90.000000,nan,3000.000000,3006.084000
21,173.948600,-42.273970,20937.500000,0.000000,221.219400,12.000000,90.000000,nan,3000.000000,3006.084000
21,173.973400,-42.254330,20937.500000,0.000000,221.219400,12.000000,90.000000,nan,3000.000000,3006.084000
21,173.998200,-42.234690,20937.500000,0.000000,221.219400,12.000000,90.000000,nan,3000.000000,3006.084000
21,174.023000,-42.215050,20937.500000,0.000000,221.219400,12.000000,90.000000,nan,3000.000000,3006.084000
21,174.047800,-42.195410,20937.500000,0.000000,221.219400,12.000000,90.000000,nan,3000.000000,3006.084000
21,174.072600,-42.175770,20937.500000,0.000000,221.219400,12.000000,90.000000,nan,3000.000000,3006.084000
21,174.097400,-42.156130,20937.500000,0.000000,221.219400,12.000000,90.000000,nan,3000.000000,3006.084000
21,174.122200,-42.136490,20937.500000,0.000000,221.219400,12.000000,90.000000,nan,3000.000000,3006.084000
21,174.147000,-42.116850,20937.500000,0.000000,221.219400,12.000000,90.000000,nan,3000.000000,3006.084000
21,174.171800,-42.097210,20937.500000,0.000000,221.219400,12.000000,90.000000,nan,3000.000000,3006.084000
21,174.196600,-42.077570,20937.500000,0.000000,221.219400,12.000000,90.000000,nan,3000.000000,3006.084000
21,174.221400,-42.057930,20937.500000,0.000000,221.219400,12.000000,90.000000,nan,3000.000000,3006.084000
21,174.246200,-42.038290,20937.500000,0.000000,221.219400,12.000000,90.000000,nan,3000.000000,3006.084000
21,174.271000,-42.018650,20937.500000,0.000000,221.219400,12.000000,90.000000,nan,3000.000000,3006.084000
21,174.295800,-41.999010,20937.500000,0.000000,221.219400,12.000000,90.000000,nan,3000.000000,3006.084000
21,174.320600,-41.979370,20937.500000,0.000000,221.219400,12.000000,90.000000,nan,3000.000000,3006.084000
21,174.345400,-41.959730,20937.500000,0.000000,221.219400,12.000000,90.000000,nan,3000.000000,3006.084000
21,174.370200,-41.940090,20937.500000,0.000000,221.219400,12.000000,90.000000,nan,3000.000000,3006.084000
21,174.395000,-41.920450,20937.500000,0.000000,221.219400,12.000000,90.000000,nan,3000.000000,3006.084000
21,174.419800,-41.900810,20937.500000,0.000000,221.219400,12.000000,90.000000,nan,3000.000000,3006.084000
21,174.444600,-41.881170,20937.500000,0.000000,221.219400,12.000000,90.000000,nan,3000.000000,3006.084000
21,174.469400,-41.861530,20937.500000,0.000000,221.219400,12.000000,90.000000,nan,3000.000000,3006.084000
21,174.494200,-41.841890,20937.500000,0.000000,221.219400,12.000000,90.000000,nan,3000.000000,3006.084000
21,174.519000,-41.822250,20937.500000,0.000000,221.219400,12.000000,90.000000,nan,3000.000000,3006.084000
21,174.543800,-41.802610,20937.500000,0.000000,221.219400,12.000000,90.000000,nan,3000.000000,3006.084000
21,174.568600,-41.782970,20937.500000,0.000000,221.219400,12.000000,90.000000,nan,3000.000000,3006.084000
21,174.593400,-41.763330,20937.500000,0.000000,221.219400,12.000000,90.000000,nan,3000.000000,3006.084000
21,174.618200,-41.743690,20937.500000,0.000000,221.219400,12.000000,90.000000,nan,3000.000000,3006.084000
21,174.643000,-41.724050,20937.500000,0.000000,221.219400,12.000000,90.000000,nan,3000.000000,3006.084000
21,174.667800,-41.704410,20937.500000,0.000000,221.219400,12.000000,90.000000,nan,3000.000000,3006.084000
21,173.426800,-42.648610,21562.500000,0.000000,221.219400,12.000000,90.000000,nan,3000.000000,3006.084000
21,173.451600,-42.628970,21562.500000,0.000000,221.219400,12.000000,90.000000,nan,3000.000000,3006.084000
21,173.476400,-42.609330,21562.500000,0.000000,221.219400,12.000000,90.000000,nan,3000.000000,3006.084000
21,173.501200,-42.589690,21562.500000,0.000000,221.219400,12.000000,90.000000,nan,3000.000000,3006.084000
21,173.526000,-42.570050,21562.500000,0.000000,221.219400,12.000000,90.000000,nan,3000.000000,3006.084000
21,173.550800,-42.550410,21562.500000,0.000000,221.219400,12.000000,90.000000,nan,3000.000000,3006.084000
21,173.575600,-42.530770,21562.500000,0.000000,221.219400,12.000000,90.000000,nan,3000.000000,3006.084000
21,173.600400,-42.511130,21562.500000,0.000000,221.219400,12.000000,90.000000,nan,3000.000000,3006.084000
21,173.625200,-42.491490,21562.500000,0.000000,221.219400,12.000000,90.000000,nan,3000.000000,3006.084000
21,173.650000,-42.471850,21562.500000,0.000000,221.219400,12.000000,90.000000,nan,3000.000000,3006.084000
21,173.674800,-42.452210,21562.500000,0.000000,221.219400,12.000000,90.000000,nan,3000.000000,3006.084000
21,173.699600,-42.432570,21562.500000,0.000000,221.219400,12.000000,90.000000,nan,3000.000000,3006.084000
21,173.724400,-42.412930,21562.500000,0.000000,221.219400,12.000000,90.000000,nan,3000.000000,3006.084000
21,173.749200,-42.393290,21562.500000,0.000000,221.219400,12.000000,90.000000,nan,3000.000000,3006.084000
21,173.774000,-42.373650,21562.500000,0.000000,221.219400,12.000000,90.000000,nan,3000.000000,3006.084000
21,173.798800,-42.354010,21562.500000,0.000000,221.219400,12.000000,90.000000,nan,3000.000000,3006.084000
21,173.823600,-42.334370,21562.500000,0.000000,221.219400,12.000000,90.000000,nan,3000.000000,3006.084000
21,173.848400,-42.314730,21562.500000,0.000000,221.219400,12.000000,90.000000,nan,3000.000000,3006.084000
21,173.873200,-42.295090,21562.500000,0.000000,221.219400,12.000000,90.000000,nan,3000.000000,3006.084000
21,173.898000,-42.275450,21562.500000,0.000000,221.219400,12.000000,90.000000,nan,3000.000000,3006.084000
21,173.922800,-42.255810,21562.500000,0.000000,221.219400,12.000000,90.000000,nan,3000.000000,3006.084000
21,173.947600,-42.236170,21562.500000,0.000000,221.219400,12.000000,90.000000,nan,3000.000000,3006.084000
21,173.972400,-42.216530,21562.500000,0.000000,221.219400,12.000000,90.000000,nan,3000.000000,3006.084000
21,173.997200,-42.196890,21562.500000,0.000000,221.219400,12.000000,90.000000,nan,3000.000000,3006.084000
21,174.022000,-42.177250,21562.500000,0.000000,221.219400,12.000000,90.000000,nan,3000.000000,3006.084000
21,174.046800,-42.157610,21562.500000,0.000000,221.219400,12.000000,90.000000,nan,3000.000000,3006.084000
21,174.071600,-42.137970,21562.500000,0.000000,221.219400,12.000000,90.000000,nan,3000.000000,3006.084000
21,174.096400,-42.118330,21562.500000,0.000000,221.219400,12.000000,90.000000,nan,3000.000000,3006.084000
21,174.121200,-42.098690,21562.500000,0.000000,221.219400,12.000000,90.000000,nan,3000.000000,3006.084000
21,174.146000,-42.079050,21562.500000,0.000000,221.219400,12.000000,90.000000,nan,3000.000000,3006.084000
21,174.170800,-42.059410,21562.500000,0.000000,221.219400,12.000000,90.000000,nan,3000.000000,3006.084000
21,174.195600,-42.039770,21562.500000,0.000000,221.219400,12.000000,90.000000,nan,3000.000000,3006.084000
21,174.220400,-42.020130,21562.500000,0.000000,221.219400,12.000000,90.000000,nan,3000.000000,3006.084000
21,174.245200,-42.000490,21562.500000,0.000000,221.219400,12.000000,90.000000,nan,3000.000000,3006.084000
21,174.270000,-41.980850,21562.500000,0.000000,221.219400,12.000000,90.000000,nan,3000.000000,3006.084000
21,174.294800,-41.961210,21562.500000,0.000000,221.219400,12.000000,90.000000,nan,3000.000000,3006.084000
21,174.319600,-41.941570,21562.500000,0.000000,221.219400,12.000000,90.000000,nan,3000.000000,3006.084000
21,174.344400,-41.921930,21562.500000,0.000000,221.219400,12.000000,90.000000,nan,3000.000000,3006.084000
21,174.369200,-41.902290,21562.500000,0.000000,221.219400,12.000000,90.000000,nan,3000.000000,3006.084000
21,174.394000,-41.882650,21562.500000,0.000000,221.219400,12.000000,90.000000,nan,3000.000000,3006.084000
21,174.418800,-41.863010,21562.500000,0.000000,221.219400,12.000000,90.000000,nan,3000.000000,3006.084000
21,174.443600,-41.843370,21562.500000,0.000000,221.219400,12.000000,90.000000,nan,3000.000000,3006.084000
21,174.468400,-41.823730,21562.500000,0.000000,221.219400,12.000000,90.000000,nan,3000.000000,3006.084000
21,174.493200,-41.804090,21562.500000,0.000000,221.219400,12.000000,90.000000,nan,3000.000000,3006.084000
21,174.518000,-41.784450,21562.500000,0.000000,221.219400,12.000000,90.000000,nan,3000.000000,3006.084000
21,174.542800,-41.764810,21562.500000,0.000000,221.219400,12.000000,90.000000,nan,3000.000000,3006.084000
21,174.567600,-41.745170,21562.500000,0.000000,221.219400,12.000000,90.000000,nan,3000.000000,3006.084000
21,174.592400,-41.725530,21562.500000,0.000000,221.219400,12.000000,90.000000,nan,3000.000000,3006.084000
21,174.617200,-41.705890,21562.500000,0.000000,221.219400,12.000000,90.000000,nan,3000.000000,3006.084000
21,174.642000,-41.686250,21562.500000,0.000000,221.219400,12.000000,90.000000,nan,3000.000000,3006.084000
21,173.401000,-42.630450,22187.500000,0.000000,221.219400,12.000000,90.000000,nan,3000.000000,3006.084000
21,173.425800,-42.610810,22187.500000,0.000000,221.219400,12.000000,90.000000,nan,3000.000000,3006.084000
21,173.450600,-42.591170,22187.500000,0.000000,221.219400,12.000000,90.000000,nan,3000.000000,3006.084000
21,173.475400,-42.571530,22187.500000,0.000000,221.219400,12.000000,90.000000,nan,3000.000000,3006.084000
21,173.500200,-42.551890,22187.500000,0.000000,221.219400,12.000000,90.000000,nan,3000.000000,3006.084000
21,173.525000,-42.532250,22187.500000,0.000000,221.219400,12.000000,90.000000,nan,3000.000000,3006.084000
21,173.549800,-42.512610,22187.500000,0.000000,221.219400,12.000000,90.000000,nan,3000.000000,3006.084000
21,173.574600,-42.492970,22187.500000,0.000000,221.219400,12.000000,90.000000,nan,3000.000000,3006.084000
21,173.599400,-42.473330,22187.500000,0.000000,221.219400,12.000000,90.000000,nan,3000.000000,3006.084000
21,173.624200,-42.453690,22187.500000,0.000000,221.219400,12.000000,90.000000,nan,3000.000000,3006.084000
21,173.649000,-42.434050,22187.500000,0.000000,221.219400,12.000000,90.000000,nan,3000.000000,3006.084000
21,173.673800,-42.414410,22187.500000,0.000000,221.219400,12.000000,90.000000,nan,3000.000000,3006.084000
21,173.698600,-42.394770,22187.500000,0.000000,221.219400,12.000000,90.000000,nan,3000.000000,3006.084000
21,173.723400,-42.375130,22187.500000,0.000000,221.219400,12.000000,90.000000,nan,3000.000000,3006.084000
21,173.748200,-42.355490,22187.500000,0.000000,221.219400,12.000000,90.000000,nan,3000.000000,3006.084000
21,173.773000,-42.335850,22187.500000,0.000000,221.219400,12.000000,90.000000,nan,3000.000000,3006.084000
21,173.797800,-42.316210,22187.500000,0.000000,221.219400,12.000000,90.000000,nan,3000.000000,3006.084000
21,173.822600,-42.296570,22187.500000,0.000000,221.219400,12.000000,90.000000,nan,3000.000000,3006.084000
21,173.847400,-42.276930,22187.500000,0.000000,221.219400,12.000000,90.000000,nan,3000.000000,3006.084000
21,173.872200,-42.257290,22187.500000,0.000000,221.219400,12.000000,90.000000,nan,3000.000000,3006.084000
21,173.897000,-42.237650,22187.500000,0.000000,221.219400,12.000000,90.000000,nan,3000.000000,3006.084000
21,173.921800,-42.218010,22187.500000,0.000000,221.219400,12.000000,90.000000,nan,3000.000000,3006.084000
21,173.946600,-42.198370,22187.500000,0.000000,221.219400,12.000000,90.000000,nan,3000.000000,3006.084000
21,173.971400,-42.178730,22187.500000,0.000000,221.219400,12.000000,90.000000,nan,3000.000000,3006.084000
21,173.996200,-42.159090,22187.500000,0.000000,221.219400,12.000000,90.000000,nan,3000.000000,3006.084000
21,174.021000,-42.139450,22187.500000,0.000000,221.219400,12.000000,90.000000,nan,3000.000000,3006.084000
21,174.045800,-42.119810,22187.500000,0.000000,221.219400,12.000000,90.000000,nan,3000.000000,3006.084000
21,174.070600,-42.100170,22187.500000,0.000000,221.219400,12.000000,90.000000,nan,3000.000000,3006.084000
21,174.095400,-42.080530,22187.500000,0.000000,221.219400,12.000000,90.000000,nan,3000.000000,3006.084000
21,174.120200,-42.060890,22187.500000,0.000000,221.219400,12.000000,90.000000,nan,3000.000000,3006.084000
21,174.145000,-42.041250,22187.500000,0.000000,221.219400,12.000000,90.000000,nan,3000.000000,3006.084000
21,174.169800,-42.021610,22187.500000,0.000000,221.219400,12.000000,90.000000,nan,3000.000000,3006.084000
21,174.194600,-42.001970,22187.500000,0.000000,221.219400,12.000000,90.000000,nan,3000.000000,3006.084000
21,174.219400,-41.982330,22187.500000,0.000000,221.219400,12.000000,90.000000,nan,3000.000000,3006.084000
21,174.244200,-41.962690,22187.500000,0.000000,221.219400,12.000000,90.000000,nan,3000.000000,3006.084000
21,174.269000,-41.943050,22187.500000,0.000000,221.219400,12.000000,90.000000,nan,3000.000000,3006.084000
21,174.293800,-41.923410,22187.500000,0.000000,221.219400,12.000000,90.000000,nan,3000.000000,3006.084000
21,174.318600,-41.903770,22187.500000,0.000000,221.219400,12.000000,90.000000,nan,3000.000000,3006.084000
21,174.343400,-41.884130,22187.500000,0.000000,221.219400,12.000000,90.000000,nan,3000.000000,3006.084000
21,174.368200,-41.864490,22187.500000,0.000000,221.219400,12.000000,90.000000,nan,3000.000000,3006.084000
21,174.393000,-41.844850,22187.500000,0.000000,221.219400,12.000000,90.000000,nan,3000.000000,3006.084000
21,174.417800,-41.825210,22187.500000,0.000000,221.219400,12.000000,90.000000,nan,3000.000000,3006.084000
21,174.442600,-41.805570,22187.500000,0.000000,221.219400,12.000000,90.000000,nan,3000.000000,3006.084000
21,174.467400,-41.785930,22187.500000,0.000000,221.219400,12.000000,90.000000,nan,3000.000000,3006.084000
21,174.492200,-41.766290,22187.500000,0.000000,221.219400,12.000000,90.000000,nan,3000.000000,3006.084000
21,174.517000,-41.746650,22187.500000,0.000000,221.219400,12.000000,90.000000,nan,3000.000000,3006.084000
21,174.541800,-41.727010,22187.500000,0.000000,221.219400,12.000000,90.000000,nan,3000.000000,3006.084000
21,174.566600,-41.707370,22187.500000,0.000000,221.219400,12.000000,90.000000,nan,3000.000000,3006.084000
21,174.591400,-41.687730,22187.500000,0.000000,221.219400,12.000000,90.000000,nan,3000.000000,3006.084000
21,174.616200,-41.668090,22187.500000,0.000000,221.219400,12.000000,90.000000,nan,3000.000000,3006.084000
21,173.375200,-42.612290,22812.500000,0.000000,221.219400,12.000000,90.000000,nan,3000.000000,3006.084000
21,173.400000,-42.592650,22812.500000,0.000000,221.219400,12.000000,90.000000,nan,3000.000000,3006.084000
21,173.424800,-42.573010,22812.500000,0.000000,221.219400,12.000000,90.000000,nan,3000.000000,3006.084000
21,173.449600,-42.553370,22812.500000,0.000000,221.219400,12.000000,90.000000,nan,3000.000000,3006.084000
21,173.474400,-42.533730,22812.500000,0.000000,221.219400,12.000000,90.000000,nan,3000.000000,3006.084000
21,173.499200,-42.514090,22812.500000,0.000000,221.219400,12.000000,90.000000,nan,3000.000000,3006.084000
21,173.524000,-42.494450,22812.500000,0.000000,221.219400,12.000000,90.000000,nan,3000.000000,3006.084000
21,173.548800,-42.474810,22812.500000,0.000000,221.219400,12.000000,90.000000,nan,3000.000000,3006.084000
21,173.573600,-42.455170,22812.500000,0.000000,221.219400,12.000000,90.000000,nan,3000.000000,3006.084000
21,173.598400,-42.435530,22812.500000,0.000000,221.219400,12.000000,90.000000,nan,3000.000000,3006.084000
21,173.623200,-42.415890,22812.500000,0.000000,221.219400,12.000000,90.000000,nan,3000.000000,3006.084000
21,173.648000,-42.396250,22812.500000,0.000000,221.219400,12.000000,90.000000,nan,3000.000000,3006.084000
21,173.672800,-42.376610,22812.500000,0.000000,221.219400,12.000000,90.000000,nan,3000.000000,3006.084000
21,173.697600,-42.356970,22812.500000,0.000000,221.219400,12.000000,90.000000,nan,3000.000000,3006.084000
21,173.722400,-42.337330,22812.500000,0.000000,221.219400,12.000000,90.000000,nan,3000.000000,3006.084000
21,173.747200,-42.317690,22812.500000,0.000000,221.219400,12.000000,90.000000,nan,3000.000000,3006.084000
21,173.772000,-42.298050,22812.500000,0.000000,221.219400,12.000000,90.000000,nan,3000.000000,3006.084000
21,173.796800,-42.278410,22812.500000,0.000000,221.219400,12.000000,90.000000,nan,3000.000000,3006.084000
21,173.821600,-42.258770,22812.500000,0.000000,221.219400,12.000000,90.000000,nan,3000.000000,3006.084000
21,173.846400,-42.239130,22812.500000,0.000000,221.219400,12.000000,90.000000,nan,3000.000000,3006.084000
21,173.871200,-42.219490,22812.500000,0.000000,221.219400,12.000000,90.000000,nan,3000.000000,3006.084000
21,173.896000,-42.199850,22812.500000,0.000000,221.219400,12.000000,90.000000,nan,3000.000000,3006.084000
21,173.920800,-42.180210,22812.500000,0.000000,221.219400,12.000000,90.000000,nan,3000.000000,3006.084000
21,173.945600,-42.160570,22812.500000,0.000000,221.219400,12.000000,90.000000,nan,3000.000000,3006.084000
21,173.970400,-42.140930,22812.500000,0.000000,221.219400,12.000000,90.000000,nan,3000.000000,3006.084000
21,173.995200,-42.121290,22812.500000,0.000000,221.219400,12.000000,90.000000,nan,3000.000000,3006.084000
21,174.020000,-42.101650,22812.500000,0.000000,221.219400,12.000000,90.000000,nan,3000.000000,3006.084000
21,174.044800,-42.082010,22812.500000,0.000000,221.219400,12.000000,90.000000,nan,3000.000000,3006.084000
21,174.069600,-42.062370,22812.500000,0.000000,221.219400,12.000000,90.000000,nan,3000.000000,3006.084000
21,174.094400,-42.042730,22812.500000,0.000000,221.219400,12.000000,90.000000,nan,3000.000000,3006.084000
21,174.119200,-42.023090,22812.500000,0.000000,221.219400,12.000000,90.000000,nan,3000.000000,3006.084000
21,174.144000,-42.003450,22812.500000,0.000000,221.219400,12.000000,90.000000,nan,3000.000000,3006.084000
21,174.168800,-41.983810,22812.500000,0.000000,221.219400,12.000000,90.000000,nan,3000.000000,3006.084000
21,174.193600,-41.964170,22812.500000,0.000000,221.219400,12.000000,90.000000,nan,3000.000000,3006.084000
21,174.218400,-41.944530,22812.500000,0.000000,221.219400,12.000000,90.000000,nan,3000.000000,3006.084000
21,174.243200,-41.924890,22812.500000,0.000000,221.219400,12.000000,90.000000,nan,3000.000000,3006.084000
21,174.268000,-41.905250,22812.500000,0.000000,221.219400,12.000000,90.000000,nan,3000.000000,3006.084000
21,174.292800,-41.885610,22812.500000,0.000000,221.219400,12.000000,90.000000,nan,3000.000000,3006.084000
21,174.317600,-41.865970,22812.500000,0.000000,221.219400,12.000000,90.000000,nan,3000.000000,3006.084000
21,174.342400,-41.846330,22812.500000,0.000000,221.219400,12.000000,90.000000,nan,3000.000000,3006.084000
21,174.367200,-41.826690,22812.500000,0.000000,221.219400,12.000000,90.000000,nan,3000.000000,3006.084000
21,174.392000,-41.807050,22812.500000,0.000000,221.219400,12.000000,90.000000,nan,3000.000000,3006.084000
21,174.416800,-41.787410,22812.500000,0.000000,221.219400,12.000000,90.000000,nan,3000.000000,3006.084000
21,174.441600,-41.767770,22812.500000,0.000000,221.219400,12.000000,90.000000,nan,3000.000000,3006.084000
21,174.466400,-41.748130,22812.500000,0.000000,221.219400,12.000000,90.000000,nan,3000.000000,3006.084000
21,174.491200,-41.728490,22812.500000,0.000000,221.219400,12.000000,90.000000,nan,3000.000000,3006.084000
21,174.516000,-41.708850,22812.500000,0.000000,221.219400,12.000000,90.000000,nan,3000.000000,3006.084000
21,174.540800,-41.689210,22812.500000,0.000000,221.219400,12.000000,90.000000,nan,3000.000000,3006.084000
21,174.565600,-41.669570,22812.500000,0.000000,221.219400,12.000000,90.000000,nan,3000.000000,3006.084000
21,174.590400,-41.649930,22812.500000,0.000000,221.219400,12.000000,90.000000,nan,3000.000000,3006.084000
21,173.349400,-42.594130,23437.500000,0.000000,221.219400,12.000000,90.000000,nan,3000.000000,3006.084000
21,173.374200,-42.574490,23437.500000,0.000000,221.219400,12.000000,90.000000,nan,3000.000000,3006.084000
21,173.399000,-42.554850,23437.500000,0.000000,221.219400,12.000000,90.000000,nan,3000.000000,3006.084000
21,173.423800,-42.535210,23437.500000,0.000000,221.219400,12.000000,90.000000,nan,3000.000000,3006.084000
21,173.448600,-42.515570,23437.500000,0.000000,221.219400,12.000000,90.000000,nan,3000.000000,3006.084000
21,173.473400,-42.495930,23437.500000,0.000000,221.219400,12.000000,90.000000,nan,3000.000000,3006.084000
21,173.498200,-42.476290,23437.500000,0.000000,221.219400,12.000000,90.000000,nan,3000.000000,3006.084000
21,173.523000,-42.456650,23437.500000,0.000000,221.219400,12.000000,90.000000,nan,3000.000000,3006.084000
21,173.547800,-42.437010,23437.500000,0.000000,221.219400,12.000000,90.000000,nan,3000.000000,3006.084000
21,173.572600,-42.417370,23437.500000,0.000000,221.219400,12.000000,90.000000,nan,3000.000000,3006.084000
21,173.597400,-42.397730,23437.500000,0.000000,221.219400,12.000000,90.000000,nan,3000.000000,3006.084000
21,173.622200,-42.378090,23437.500000,0.000000,221.219400,12.000000,90.000000,nan,3000.000000,3006.084000
21,173.647000,-42.358450,23437.500000,0.000000,221.219400,12.000000,90.000000,nan,3000.000000,3006.084000
21,173.671800,-42.338810,23437.500000,0.000000,221.219400,12.000000,90.000000,nan,3000.000000,3006.084000
21,173.696600,-42.319170,23437.500000,0.000000,221.219400,12.000000,90.000000,nan,3000.000000,3006.084000
21,173.721400,-42.299530,23437.500000,0.000000,221.219400,12.000000,90.000000,nan,3000.000000,3006.084000
21,173.746200,-42.279890,23437.500000,0.000000,221.219400,12.000000,90.000000,nan,3000.000000,3006.084000
21,173.771000,-42.260250,23437.500000,0.000000,221.219400,12.000000,90.000000,nan,3000.000000,3006.084000
21,173.795800,-42.240610,23437.500000,0.000000,221.219400,12.000000,90.000000,nan,3000.000000,3006.084000
21,173.820600,-42.220970,23437.500000,0.000000,221.219400,12.000000,90.000000,nan,3000.000000,3006.084000
21,173.845400,-42.201330,23437.500000,0.000000,221.219400,12.000000,90.000000,nan,3000.000000,3006.084000
21,173.870200,-42.181690,23437.500000,0.000000,221.219400,12.000000,90.000000,nan,3000.000000,3006.084000
21,173.895000,-42.162050,23437.500000,0.000000,221.219400,12.000000,90.000000,nan,3000.000000,3006.084000
21,173.919800,-42.142410,23437.500000,0.000000,221.219400,12.000000,90.000000,nan,3000.000000,3006.084000
21,173.944600,-42.122770,23437.500000,0.000000,221.219400,12.000000,90.000000,nan,3000.000000,3006.084000
21,173.969400,-42.103130,23437.500000,0.000000,221.219400,12.000000,90.000000,nan,3000.000000,3006.084000
21,173.994200,-42.083490,23437.500000,0.000000,221.219400,12.000000,90.000000,nan,3000.000000,3006.084000
21,174.019000,-42.063850,23437.500000,0.000000,221.219400,12.000000,90.000000,nan,3000.000000,3006.084000
21,174.043800,-42.044210,23437.500000,0.000000,221.219400,12.000000,90.000000,nan,3000.000000,3006.084000
21,174.068600,-42.024570,23437.500000,0.000000,221.219400,12.000000,90.000000,nan,3000.000000,3006.084000
21,174.093400,-42.004930,23437.500000,0.000000,221.219400,12.000000,90.000000,nan,3000.000000,3006.084000
21,174.118200,-41.985290,23437.500000,0.000000,221.219400,12.000000,90.000000,nan,3000.000000,3006.084000
21,174.143000,-41.965650,23437.500000,0.000000,221.219400,12.000000,90.000000,nan,3000.000000,3006.084000
21,174.167800,-41.946010,23437.500000,0.000000,221.219400,12.000000,90.000000,nan,3000.000000,3006.084000
21,174.192600,-41.926370,23437.500000,0.000000,221.219400,12.000000,90.000000,nan,3000.000000,3006.084000
21,174.217400,-41.906730,23437.500000,0.000000,221.219400,12.000000,90.000000,nan,3000.000000,3006.084000
21,174.242200,-41.887090,23437.500000,0.000000,221.219400,12.000000,90.000000,nan,3000.000000,3006.084000
21,174.267000,-41.867450,23437.500000,0.000000,221.219400,12.000000,90.000000,nan,3000.000000,3006.084000
21,174.291800,-41.847810,23437.500000,0.000000,221.219400,12.000000,90.000000,nan,3000.000000,3006.084000
21,174.316600,-41.828170,23437.500000,0.000000,221.219400,12.000000,90.000000,nan,3000.000000,3006.084000
21,174.341400,-41.808530,23437.500000,0.000000,221.219400,12.000000,90.000000,nan,3000.000000,3006.084000
21,174.366200,-41.788890,23437.500000,0.000000,221.219400,12.000000,90.000000,nan,3000.000000,3006.084000
21,174.391000,-41.769250,23437.500000,0.000000,221.219400,12.000000,90.000000,nan,3000.000000,3006.084000
21,174.415800,-41.749610,23437.500000,0.000000,221.219400,12.000000,90.000000,nan,3000.000000,3006.084000
21,174.440600,-41.729970,23437.500000,0.000000,221.219400,12.000000,90.000000,nan,3000.000000,3006.084000
21,174.465400,-41.710330,23437.500000,0.000000,221.219400,12.000000,90.000000,nan,3000.000000,3006.084000
21,174.490200,-41.690690,23437.500000,0.000000,221.219400,12.000000,90.000000,nan,3000.000000,3006.084000
21,174.515000,-41.671050,23437.500000,0.000000,221.219400,12.000000,90.000000,nan,3000.000000,3006.084000
21,174.539800,-41.651410,23437.500000,0.000000,221.219400,12.000000,90.000000,nan,3000.000000,3006.084000
21,174.564600,-41.631770,23437.500000,0.000000,221.219400,12.000000,90.000000,nan,3000.000000,3006.084000
21,173.323600,-42.575970,24062.500000,0.000000,221.219400,12.000000,90.000000,nan,3000.000000,3006.084000
21,173.348400,-42.556330,24062.500000,0.000000,221.219400,12.000000,90.000000,nan,3000.000000,3006.084000
21,173.373200,-42.536690,24062.500000,0.000000,221.219400,12.000000,90.000000,nan,3000.000000,3006.084000
21,173.398000,-42.517050,24062.500000,0.000000,221.219400,12.000000,90.000000,nan,3000.000000,3006.084000
21,173.422800,-42.497410,24062.500000,0.000000,221.219400,12.000000,90.000000,nan,3000.000000,3006.084000
21,173.447600,-42.477770,24062.500000,0.000000,221.219400,12.000000,90.000000,nan,3000.000000,3006.084000
21,173.472400,-42.458130,24062.500000,0.000000,221.219400,12.000000,90.000000,nan,3000.000000,3006.084000
21,173.497200,-42.438490,24062.500000,0.000000,221.219400,12.000000,90.000000,nan,3000.000000,3006.084000
21,173.522000,-42.418850,24062.500000,0.000000,221.219400,12.000000,90.000000,nan,3000.000000,3006.084000
21,173.546800,-42.399210,24062.500000,0.000000,221.219400,12.000000,90.000000,nan,3000.000000,3006.084000
21,173.571600,-42.379570,24062.500000,0.000000,221.219400,12.000000,90.000000,nan,3000.000000,3006.084000
21,173.596400,-42.359930,24062.500000,0.000000,221.219400,12.000000,90.000000,nan,3000.000000,3006.084000
21,173.621200,-42.340290,24062.500000,0.000000,221.219400,12.000000,90.000000,nan,3000.000000,3006.084000
21,173.646000,-42.320650,24062.500000,0.000000,221.219400,12.000000,90.000000,nan,3000.000000,3006.084000
21,173.670800,-42.301010,24062.500000,0.000000,221.219400,12.000000,90.000000,nan,3000.000000,3006.084000
21,173.695600,-42.281370,24062.500000,0.000000,221.219400,12.000000,90.000000,nan,3000.000000,3006.084000
21,173.720400,-42.261730,24062.500000,0.000000,221.219400,12.000000,90.000000,nan,3000.000000,3006.084000
21,173.745200,-42.242090,24062.500000,0.000000,221.219400,12.000000,90.000000,nan,3000.000000,3006.084000
21,173.770000,-42.222450,24062.500000,0.000000,221.219400,12.000000,90.000000,nan,3000.000000,3006.084000
21,173.794800,-42.202810,24062.500000,0.000000,221.219400,12.000000,90.000000,nan,3000.000000,3006.084000
21,173.819600,-42.183170,24062.500000,0.000000,221.219400,12.000000,90.000000,nan,3000.000000,3006.084000
21,173.844400,-42.163530,24062.500000,0.000000,221.219400,12.000000,90.000000,nan,3000.000000,3006.084000
21,173.869200,-42.143890,24062.500000,0.000000,221.219400,12.000000,90.000000,nan,3000.000000,3006.084000
21,173.894000,-42.124250,24062.500000,0.000000,221.219400,12.000000,90.000000,nan,3000.000000,3006.084000
21,173.918800,-42.104610,24062.500000,0.000000,221.219400,12.000000,90.000000,nan,3000.000000,3006.084000
21,173.943600,-42.084970,24062.500000,0.000000,221.219400,12.000000,90.000000,nan,3000.000000,3006.084000
21,173.968400,-42.065330,24062.500000,0.000000,221.219400,12.000000,90.000000,nan,3000.000000,3006.084000
21,173.993200,-42.045690,24062.500000,0.000000,221.219400,12.000000,90.000000,nan,3000.000000,3006.084000
21,174.018000,-42.026050,24062.500000,0.000000,221.219400,12.000000,90.000000,nan,3000.000000,3006.084000
21,174.042800,-42.006410,24062.500000,0.000000,221.219400,12.000000,90.000000,nan,3000.000000,3006.084000
21,174.067600,-41.986770,24062.500000,0.000000,221.219400,12.000000,90.000000,nan,3000.000000,3006.084000
21,174.092400,-41.967130,24062.500000,0.000000,221.219400,12.000000,90.000000,nan,3000.000000,3006.084000
21,174.117200,-41.947490,24062.500000,0.000000,221.219400,12.000000,90.000000,nan,3000.000000,3006.084000
21,174.142000,-41.927850,24062.500000,0.000000,221.219400,12.000000,90.000000,nan,3000.000000,3006.084000
21,174.166800,-41.908210,24062.500000,0.000000,221.219400,12.000000,90.000000,nan,3000.000000,3006.084000
21,174.191600,-41.888570,24062.500000,0.000000,221.219400,12.000000,90.000000,nan,3000.000000,3006.084000
21,174.216400,-41.868930,24062.500000,0.000000,221.219400,12.000000,90.000000,nan,3000.000000,3006.084000
21,174.241200,-41.849290,24062.500000,0.000000,221.219400,12.000000,90.000000,nan,3000.000000,3006.084000
21,174.266000,-41.829650,24062.500000,0.000000,221.219400,12.000000,90.000000,nan,3000.000000,3006.084000
21,174.290800,-41.810010,24062.500000,0.000000,221.219400,12.000000,90.000000,nan,3000.000000,3006.084000
21,174.315600,-41.790370,24062.500000,0.000000,221.219400,12.000000,90.000000,nan,3000.000000,3006.084000
21,174.340400,-41.770730,24062.500000,0.000000,221.219400,12.000000,90.000000,nan,3000.000000,3006.084000
21,174.365200,-41.751090,24062.500000,0.000000,221.219400,12.000000,90.000000,nan,3000.000000,3006.084000
21,174.390000,-41.731450,24062.500000,0.000000,221.219400,12.000000,90.000000,nan,3000.000000,3006.084000
21,174.414800,-41.711810,24062.500000,0.000000,221.219400,12.000000,90.000000,nan,3000.000000,3006.084000
21,174.439600,-41.692170,24062.500000,0.000000,221.219400,12.000000,90.000000,nan,3000.000000,3006.084000
21,174.464400,-41.672530,24062.500000,0.000000,221.219400,12.000000,90.000000,nan,3000.000000,3006.084000
21,174.489200,-41.652890,24062.500000,0.000000,221.219400,12.000000,90.000000,nan,3000.000000,3006.084000
21,174.514000,-41.633250,24062.500000,0.000000,221.219400,12.000000,90.000000,nan,3000.000000,3006.084000
21,174.538800,-41.613610,24062.500000,0.000000,221.219400,12.000000,90.000000,nan,3000.000000,3006.084000
21,173.297800,-42.557810,24687.500000,0.000000,221.219400,12.000000,90.000000,nan,3000.000000,3006.084000
21,173.322600,-42.538170,24687.500000,0.000000,221.219400,12.000000,90.000000,nan,3000.000000,3006.084000
21,173.347400,-42.518530,24687.500000,0.000000,221.219400,12.000000,90.000000,nan,3000.000000,3006.084000
21,173.372200,-42.498890,24687.500000,0.000000,221.219400,12.000000,90.000000,nan,3000.000000,3006.084000
21,173.397000,-42.479250,24687.500000,0.000000,221.219400,12.000000,90.000000,nan,3000.000000,3006.084000
21,173.421800,-42.459610,24687.500000,0.000000,221.219400,12.000000,90.000000,nan,3000.000000,3006.084000
21,173.446600,-42.439970,24687.500000,0.000000,221.219400,12.000000,90.000000,nan,3000.000000,3006.084000
21,173.471400,-42.420330,24687.500000,0.000000,221.219400,12.000000,90.000000,nan,3000.000000,3006.084000
21,173.496200,-42.400690,24687.500000,0.000000,221.219400,12.000000,90.000000,nan,3000.000000,3006.084000
21,173.521000,-42.381050,24687.500000,0.000000,221.219400,12.000000,90.000000,nan,3000.000000,3006.084000
21,173.545800,-42.361410,24687.500000,0.000000,221.219400,12.000000,90.000000,nan,3000.000000,3006.084000
21,173.570600,-42.341770,24687.500000,0.000000,221.219400,12.000000,90.000000,nan,3000.000000,3006.084000
21,173.595400,-42.322130,24687.500000,0.000000,221.219400,12.000000,90.000000,nan,3000.000000,3006.084000
21,173.620200,-42.302490,24687.500000,0.000000,221.219400,12.000000,90.000000,nan,3000.000000,3006.084000
21,173.645000,-42.282850,24687.500000,0.000000,221.219400,12.000000,90.000000,nan,3000.000000,3006.084000
21,173.669800,-42.263210,24687.500000,0.000000,221.219400,12.000000,90.000000,nan,3000.000000,3006.084000
21,173.694600,-42.243570,24687.500000,0.000000,221.219400,12.000000,90.000000,nan,3000.000000,3006.084000
21,173.719400,-42.223930,24687.500000,0.000000,221.219400,12.000000,90.000000,nan,3000.000000,3006.084000
21,173.744200,-42.204290,24687.500000,0.000000,221.219400,12.000000,90.000000,nan,3000.000000,3006.084000
21,173.769000,-42.184650,24687.500000,0.000000,221.219400,12.000000,90.000000,nan,3000.000000,3006.084000
21,173.793800,-42.165010,24687.500000,0.000000,221.219400,12.000000,90.000000,nan,3000.000000,3006.084000
21,173.818600,-42.145370,24687.500000,0.000000,221.219400,12.000000,90.000000,nan,3000.000000,3006.084000
21,173.843400,-42.125730,24687.500000,0.000000,221.219400,12.000000,90.000000,nan,3000.000000,3006.084000
21,173.868200,-42.106090,24687.500000,0.000000,221.219400,12.000000,90.000000,nan,3000.000000,3006.084000
21,173.893000,-42.086450,24687.500000,0.019870,221.219400,12.000000,180.000000,nan,3000.000000,3006.084000
21,173.917800,-42.066810,24687.500000,0.041310,221.219400,12.000000,180.000000,nan,3000.000000,3006.084000
21,173.942600,-42.047170,24687.500000,0.039940,221.219400,12.000000,180.000000,nan,3000.000000,3006.084000
21,173.967400,-42.027530,24687.500000,0.017890,221.219400,12.000000,180.000000,nan,3000.000000,3006.084000
21,173.992200,-42.007890,24687.500000,0.000000,221.219400,12.000000,90.000000,nan,3000.000000,3006.084000
21,174.017000,-41.988250,24687.500000,0.000000,221.219400,12.000000,90.000000,nan,3000.000000,3006.084000
21,174.041800,-41.968610,24687.500000,0.000000,221.219400,12.000000,90.000000,nan,3000.000000,3006.084000
21,174.066600,-41.948970,24687.500000,0.000000,221.219400,12.000000,90.000000,nan,3000.000000,3006.084000
21,174.091400,-41.929330,24687.500000,0.000000,221.219400,12.000000,90.000000,nan,3000.000000,3006.084000
21,174.116200,-41.909690,24687.500000,0.000000,221.219400,12.000000,90.000000,nan,3000.000000,3006.084000
21,174.141000,-41.890050,24687.500000,0.000000,221.219400,12.000000,90.000000,nan,3000.000000,3006.084000
21,174.165800,-41.870410,24687.500000,0.000000,221.219400,12.000000,90.000000,nan,3000.000000,3006.084000
21,174.190600,-41.850770,24687.500000,0.000000,221.219400,12.000000,90.000000,nan,3000.000000,3006.084000
21,174.215400,-41.831130,24687.500000,0.000000,221.219400,12.000000,90.000000,nan,3000.000000,3006.084000
21,174.240200,-41.811490,24687.500000,0.000000,221.219400,12.000000,90.000000,nan,3000.000000,3006.084000
21,174.265000,-41.791850,24687.500000,0.000000,221.219400,12.000000,90.000000,nan,3000.000000,3006.084000
21,174.289800,-41.772210,24687.500000,0.000000,221.219400,12.000000,90.000000,nan,3000.000000,3006.084000
21,174.314600,-41.752570,24687.500000,0.000000,221.219400,12.000000,90.000000,nan,3000.000000,3006.084000
21,174.339400,-41.732930,24687.500000,0.000000,221.219400,12.000000,90.000000,nan,3000.000000,3006.084000
21,174.364200,-41.713290,24687.500000,0.000000,221.219400,12.000000,90.000000,nan,3000.000000,3006.084000
21,174.389000,-41.693650,24687.500000,0.000000,221.219400,12.000000,90.000000,nan,3000.000000,3006.084000
21,174.413800,-41.674010,24687.500000,0.000000,221.219400,12.000000,90.000000,nan,3000.000000,3006.084000
21,174.438600,-41.654370,24687.500000,0.000000,221.219400,12.000000,90.000000,nan,3000.000000,3006.084000
21,174.463400,-41.634730,24687.500000,0.000000,221.219400,12.000000,90.000000,nan,3000.000000,3006.084000
21,174.488200,-41.615090,24687.500000,0.000000,221.219400,12.000000,90.000000,nan,3000.000000,3006.084000
21,174.513000,-41.595450,24687.500000,0.000000,221.219400,12.000000,90.000000,nan,3000.000000,3006.084000
21,173.272000,-42.539650,25312.500000,0.000000,221.219400,12.000000,90.000000,nan,3000.000000,3006.084000
21,173.296800,-42.520010,25312.500000,0.000000,221.219400,12.000000,90.000000,nan,3000.000000,3006.084000
21,173.321600,-42.500370,25312.500000,0.000000,221.219400,12.000000,90.000000,nan,3000.000000,3006.084000
21,173.346400,-42.480730,25312.500000,0.000000,221.219400,12.000000,90.000000,nan,3000.000000,3006.084000
21,173.371200,-42.461090,25312.500000,0.000000,221.219400,12.000000,90.000000,nan,3000.000000,3006.084000
21,173.396000,-42.441450,25312.500000,0.000000,221.219400,12.000000,90.000000,nan,3000.000000,3006.084000
21,173.420800,-42.421810,25312.500000,0.011200,221.219400,12.000000,90.000000,nan,3000.000000,3006.084000
21,173.445600,-42.402170,25312.500000,0.037830,221.219400,12.000000,90.000000,nan,3000.000000,3006.084000
21,173.470400,-42.382530,25312.500000,0.066200,221.219400,12.000000,90.000000,nan,3000.000000,3006.084000
21,173.495200,-42.362890,25312.500000,0.087310,221.219400,12.000000,90.000000,nan,3000.000000,3006.084000
21,173.520000,-42.343250,25312.500000,0.097430,221.219400,12.000000,90.000000,nan,3000.000000,3006.084000
21,173.544800,-42.323610,25312.500000,0.095440,221.219400,12.000000,90.000000,nan,3000.000000,3006.084000
21,173.569600,-42.303970,25312.500000,0.081150,221.219400,12.000000,90.000000,nan,3000.000000,3006.084000
21,173.594400,-42.284330,25312.500000,0.055870,221.219400,12.000000,90.000000,nan,3000.000000,3006.084000
21,173.619200,-42.264690,25312.500000,0.024930,221.219400,12.000000,90.000000,nan,3000.000000,3006.084000
21,173.644000,-42.245050,25312.500000,0.000780,221.219400,12.000000,90.000000,nan,3000.000000,3006.084000
21,173.668800,-42.225410,25312.500000,0.000000,221.219400,12.000000,90.000000,nan,3000.000000,3006.084000
21,173.693600,-42.205770,25312.500000,0.000000,221.219400,12.000000,90.000000,nan,3000.000000,3006.084000
21,173.718400,-42.186130,25312.500000,0.000000,221.219400,12.000000,90.000000,nan,3000.000000,3006.084000
21,173.743200,-42.166490,25312.500000,0.000000,221.219400,12.000000,90.000000,nan,3000.000000,3006.084000
21,173.768000,-42.146850,25312.500000,0.000000,221.219400,12.000000,90.000000,nan,3000.000000,3006.084000
21,173.792800,-42.127210,25312.500000,0.000000,221.219400,12.000000,90.000000,nan,3000.000000,3006.084000
21,173.817600,-42.107570,25312.500000,0.018070,221.219400,12.000000,180.000000,nan,3000.000000,3006.084000
21,173.842400,-42.087930,25312.500000,0.096390,221.219400,12.000000,180.000000,nan,3000.000000,3006.084000
21,173.867200,-42.068290,25312.500000,0.194900,221.219400,12.000000,180.000000,nan,3000.000000,3006.084000
21,173.892000,-42.048650,25312.500000,0.259600,221.219400,12.000000,180.000000,nan,3000.000000,3006.084000
21,173.916800,-42.029010,25312.500000,0.255180,221.219400,12.000000,180.000000,nan,3000.000000,3006.084000
21,173.941600,-42.009370,25312.500000,0.186620,221.219400,12.000000,180.000000,nan,3000.000000,3006.084000
21,173.966400,-41.989730,25312.500000,0.093230,221.219400,12.000000,180.000000,nan,3000.000000,3006.084000
21,173.991200,-41.970090,25312.500000,0.021400,221.219400,12.000000,180.000000,nan,3000.000000,3006.084000
21,174.016000,-41.950450,25312.500000,0.000000,221.219400,12.000000,90.000000,nan,3000.000000,3006.084000
21,174.040800,-41.930810,25312.500000,0.000000,221.219400,12.000000,90.000000,nan,3000.000000,3006.084000
21,174.065600,-41.911170,25312.500000,0.000000,221.219400,12.000000,90.000000,nan,3000.000000,3006.084000
21,174.090400,-41.891530,25312.500000,0.000000,221.219400,12.000000,90.000000,nan,3000.000000,3006.084000
21,174.115200,-41.871890,25312.500000,0.000000,221.219400,12.000000,90.000000,nan,3000.000000,3006.084000
21,174.140000,-41.852250,25312.500000,0.000000,221.219400,12.000000,90.000000,nan,3000.000000,3006.084000
21,174.164800,-41.832610,25312.500000,0.000000,221.219400,12.000000,90.000000,nan,3000.000000,3006.084000
21,174.189600,-41.812970,25312.500000,0.000000,221.219400,12.000000,90.000000,nan,3000.000000,3006.084000
21,174.214400,-41.793330,25312.500000,0.000000,221.219400,12.000000,90.000000,nan,3000.000000,3006.084000
21,174.239200,-41.773690,25312.500000,0.000000,221.219400,12.000000,90.000000,nan,3000.000000,3006.084000
21,174.264000,-41.754050,25312.500000,0.000000,221.219400,12.000000,90.000000,nan,3000.000000,3006.084000
21,174.288800,-41.734410,25312.500000,0.000000,221.219400,12.000000,90.000000,nan,3000.000000,3006.084000
21,174.313600,-41.714770,25312.500000,0.000000,221.219400,12.000000,90.000000,nan,3000.000000,3006.084000
21,174.338400,-41.695130,25312.500000,0.000000,221.219400,12.000000,90.000000,nan,3000.000000,3006.084000
21,174.363200,-41.675490,25312.500000,0.000000,221.219400,12.000000,90.000000,nan,3000.000000,3006.084000
21,174.388000,-41.655850,25312.500000,0.000000,221.219400,12.000000,90.000000,nan,3000.000000,3006.084000
21,174.412800,-41.636210,25312.500000,0.000000,221.219400,12.000000,90.000000,nan,3000.000000,3006.084000
21,174.437600,-41.616570,25312.500000,0.000000,221.219400,12.000000,90.000000,nan,3000.000000,3006.084000
21,174.462400,-41.596930,25312.500000,0.000000,221.219400,12.000000,90.000000,nan,3000.000000,3006.084000
21,174.487200,-41.577290,25312.500000,0.000000,221.219400,12.000000,90.000000,nan,3000.000000,3006.084000
21,173.246200,-42.521490,25937.500000,0.000000,221.219400,12.000000,90.000000,nan,3000.000000,3006.084000
21,173.271000,-42.501850,25937.500000,0.000000,221.219400,12.000000,90.000000,nan,3000.000000,3006.084000
21,173.295800,-42.482210,25937.500000,0.000000,221.219400,12.000000,90.000000,nan,3000.000000,3006.084000
21,173.320600,-42.462570,25937.500000,0.000000,221.219400,12.000000,90.000000,nan,3000.000000,3006.084000
21,173.345400,-42.442930,25937.500000,0.000000,221.219400,12.000000,90.000000,nan,3000.000000,3006.084000
21,173.370200,-42.423290,25937.500000,0.030810,221.219400,12.000000,90.000000,nan,3000.000000,3006.084000
21,173.395000,-42.403650,25937.500000,0.094310,221.219400,12.000000,90.000000,nan,3000.000000,3006.084000
21,173.419800,-42.384010,25937.500000,0.175700,221.219400,12.000000,90.000000,nan,3000.000000,3006.084000
21,173.444600,-42.364370,25937.500000,0.253260,221.219400,12.000000,90.000000,nan,3000.000000,3006.084000
21,173.469400,-42.344730,25937.500000,0.311550,221.219400,12.000000,90.000000,nan,3000.000000,3006.084000
21,173.494200,-42.325090,25937.500000,0.342930,221.219400,12.000000,90.000000,nan,3000.000000,3006.084000
21,173.519000,-42.305450,25937.500000,0.344570,221.219400,12.000000,90.000000,nan,3000.000000,3006.084000
21,173.543800,-42.285810,25937.500000,0.315890,221.219400,12.000000,90.000000,nan,3000.000000,3006.084000
21,173.568600,-42.266170,25937.500000,0.259090,221.219400,12.000000,90.000000,nan,3000.000000,3006.084000
21,173.593400,-42.246530,25937.500000,0.182130,221.219400,12.000000,90.000000,nan,3000.000000,3006.084000
21,173.618200,-42.226890,25937.500000,0.101350,221.219400,12.000000,90.000000,nan,3000.000000,3006.084000
21,173.643000,-42.207250,25937.500000,0.037690,221.219400,12.000000,90.000000,nan,3000.000000,3006.084000
21,173.667800,-42.187610,25937.500000,0.000000,221.219400,12.000000,90.000000,nan,3000.000000,3006.084000
21,173.692600,-42.167970,25937.500000,0.000000,221.219400,12.000000,90.000000,nan,3000.000000,3006.084000
21,173.717400,-42.148330,25937.500000,0.000000,221.219400,12.000000,90.000000,nan,3000.000000,3006.084000
21,173.742200,-42.128690,25937.500000,0.000000,221.219400,12.000000,90.000000,nan,3000.000000,3006.084000
21,173.767000,-42.109050,25937.500000,0.029910,221.219400,12.000000,180.000000,nan,3000.000000,3006.084000
21,173.791800,-42.089410,25937.500000,0.150420,221.219400,12.000000,180.000000,nan,3000.000000,3006.084000
21,173.816600,-42.069770,25937.500000,0.338590,221.219400,12.000000,180.000000,nan,3000.000000,3006.084000
21,173.841400,-42.050130,25937.500000,0.520790,221.219400,12.000000,180.000000,nan,3000.000000,3006.084000
21,173.866200,-42.030490,25937.500000,0.623570,221.219400,12.000000,180.000000,nan,3000.000000,3006.084000
21,173.891000,-42.010850,25937.500000,0.606840,221.219400,12.000000,180.000000,nan,3000.000000,3006.084000
21,173.915800,-41.991210,25937.500000,0.479610,221.219400,12.000000,180.000000,nan,3000.000000,3006.084000
21,173.940600,-41.971570,25937.500000,0.293330,221.219400,12.000000,180.000000,nan,3000.000000,3006.084000
21,173.965400,-41.951930,25937.500000,0.118730,221.219400,12.000000,180.000000,nan,3000.000000,3006.084000
21,173.990200,-41.932290,25937.500000,0.016720,221.219400,12.000000,180.000000,nan,3000.000000,3006.084000
21,174.015000,-41.912650,25937.500000,0.000000,221.219400,12.000000,90.000000,nan,3000.000000,3006.084000
21,174.039800,-41.893010,25937.500000,0.000000,221.219400,12.000000,90.000000,nan,3000.000000,3006.084000
21,174.064600,-41.873370,25937.500000,0.000000,221.219400,12.000000,90.000000,nan,3000.000000,3006.084000
21,174.089400,-41.853730,25937.500000,0.000000,221.219400,12.000000,90.000000,nan,3000.000000,3006.084000
21,174.114200,-41.834090,25937.500000,0.000000,221.219400,12.000000,90.000000,nan,3000.000000,3006.084000
21,174.139000,-41.814450,25937.500000,0.000000,221.219400,12.000000,90.000000,nan,3000.000000,3006.084000
21,174.163800,-41.794810,25937.500000,0.000000,221.219400,12.000000,90.000000,nan,3000.000000,3006.084000
21,174.188600,-41.775170,25937.500000,0.000000,221.219400,12.000000,90.000000,nan,3000.000000,3006.084000
21,174.213400,-41.755530,25937.500000,0.000000,221.219400,12.000000,90.000000,nan,3000.000000,3006.084000
21,174.238200,-41.735890,25937.500000,0.000000,221.219400,12.000000,90.000000,nan,3000.000000,3006.084000
21,174.263000,-41.716250,25937.500000,0.000000,221.219400,12.000000,90.000000,nan,3000.000000,3006.084000
21,174.287800,-41.696610,25937.500000,0.000000,221.219400,12.000000,90.000000,nan,3000.000000,3006.084000
21,174.312600,-41.676970,25937.500000,0.000000,221.219400,12.000000,90.000000,nan,3000.000000,3006.084000
21,174.337400,-41.657330,25937.500000,0.000000,221.219400,12.000000,90.000000,nan,3000.000000,3006.084000
21,174.362200,-41.637690,25937.500000,0.000000,221.219400,12.000000,90.000000,nan,3000.000000,3006.084000
21,174.387000,-41.618050,25937.500000,0.000000,221.219400,12.000000,90.000000,nan,3000.000000,3006.084000
21,174.411800,-41.598410,25937.500000,0.000000,221.219400,12.000000,90.000000,nan,3000.000000,3006.084000
21,174.436600,-41.578770,25937.500000,0.000000,221.219400,12.000000,90.000000,nan,3000.000000,3006.084000
21,174.461400,-41.559130,25937.500000,0.000000,221.219400,12.000000,90.000000,nan,3000.000000,3006.084000
21,173.220400,-42.503330,26562.500000,0.000000,221.219400,12.000000,90.000000,nan,3000.000000,3006.084000
21,173.245200,-42.483690,26562.500000,0.000000,221.219400,12.000000,90.000000,nan,3000.000000,3006.084000
21,173.270000,-42.464050,26562.500000,0.000000,221.219400,12.000000,90.000000,nan,3000.000000,3006.084000
21,173.294800,-42.444410,26562.500000,0.000000,221.219400,12.000000,90.000000,nan,3000.000000,3006.084000
21,173.319600,-42.424770,26562.500000,0.018570,221.219400,12.000000,90.000000,nan,3000.000000,3006.084000
21,173.344400,-42.405130,26562.500000,0.094670,221.219400,12.000000,90.000000,nan,3000.000000,3006.084000
21,173.369200,-42.385490,26562.500000,0.218530,221.219400,12.000000,90.000000,nan,3000.000000,3006.084000
21,173.394000,-42.365850,26562.500000,0.362660,221.219400,12.000000,90.000000,nan,3000.000000,3006.084000
21,173.418800,-42.346210,26562.500000,0.497840,221.219400,12.000000,90.000000,nan,3000.000000,3006.084000
21,173.443600,-42.326570,26562.500000,0.602990,221.219400,12.000000,90.000000,nan,3000.000000,3006.084000
21,173.468400,-42.306930,26562.500000,0.666560,221.219400,12.000000,90.000000,nan,3000.000000,3006.084000
21,173.493200,-42.287290,26562.500000,0.683430,221.219400,12.000000,90.000000,nan,3000.000000,3006.084000
21,173.518000,-42.267650,26562.500000,0.652130,221.219400,12.000000,90.000000,nan,3000.000000,3006.084000
21,173.542800,-42.248010,26562.500000,0.574770,221.219400,12.000000,90.000000,nan,3000.000000,3006.084000
21,173.567600,-42.228370,26562.500000,0.459580,221.219400,12.000000,90.000000,nan,3000.000000,3006.084000
21,173.592400,-42.208730,26562.500000,0.323330,221.219400,12.000000,90.000000,nan,3000.000000,3006.084000
21,173.617200,-42.189090,26562.500000,0.189520,221.219400,12.000000,90.000000,nan,3000.000000,3006.084000
21,173.642000,-42.169450,26562.500000,0.081290,221.219400,12.000000,90.000000,nan,3000.000000,3006.084000
21,173.666800,-42.149810,26562.500000,0.019210,221.219400,12.000000,90.000000,nan,3000.000000,3006.084000
21,173.691600,-42.130170,26562.500000,0.000000,221.219400,12.000000,90.000000,nan,3000.000000,3006.084000
21,173.716400,-42.110530,26562.500000,0.030040,221.219400,12.000000,180.000000,nan,3000.000000,3006.084000
21,173.741200,-42.090890,26562.500000,0.159770,221.219400,12.000000,180.000000,nan,3000.000000,3006.084000
21,173.766000,-42.071250,26562.500000,0.392760,221.219400,12.000000,180.000000,nan,3000.000000,3006.084000
21,173.790800,-42.051610,26562.500000,0.671420,221.219400,12.000000,180.000000,nan,3000.000000,3006.084000
21,173.815600,-42.031970,26562.500000,0.907550,221.219400,12.000000,180.000000,nan,3000.000000,3006.084000
21,173.840400,-42.012330,26562.500000,1.022950,221.219400,12.000000,180.000000,nan,3000.000000,3006.084000
21,173.865200,-41.992690,26562.500000,0.979410,221.219400,12.000000,180.000000,nan,3000.000000,3006.084000
21,173.890000,-41.973050,26562.500000,0.791380,221.219400,12.000000,180.000000,nan,3000.000000,3006.084000
21,173.914800,-41.953410,26562.500000,0.519510,221.219400,12.000000,180.000000,nan,3000.000000,3006.084000
21,173.939600,-41.933770,26562.500000,0.249830,221.219400,12.000000,180.000000,nan,3000.000000,3006.084000
21,173.964400,-41.914130,26562.500000,0.063980,221.219400,12.000000,180.000000,nan,3000.000000,3006.084000
21,173.989200,-41.894490,26562.500000,0.000000,221.219400,12.000000,90.000000,nan,3000.000000,3006.084000
21,174.014000,-41.874850,26562.500000,0.000000,221.219400,12.000000,90.000000,nan,3000.000000,3006.084000
21,174.038800,-41.855210,26562.500000,0.000000,221.219400,12.000000,90.000000,nan,3000.000000,3006.084000
21,174.063600,-41.835570,26562.500000,0.000000,221.219400,12.000000,90.000000,nan,3000.000000,3006.084000
21,174.088400,-41.815930,26562.500000,0.000000,221.219400,12.000000,90.000000,nan,3000.000000,3006.084000
21,174.113200,-41.796290,26562.500000,0.000000,221.219400,12.000000,90.000000,nan,3000.000000,3006.084000
21,174.138000,-41.776650,26562.500000,0.000000,221.219400,12.000000,90.000000,nan,3000.000000,3006.084000
21,174.162800,-41.757010,26562.500000,0.000000,221.219400,12.000000,90.000000,nan,3000.000000,3006.084000
21,174.187600,-41.737370,26562.500000,0.000000,221.219400,12.000000,90.000000,nan,3000.000000,3006.084000
21,174.212400,-41.717730,26562.500000,0.000000,221.219400,12.000000,90.000000,nan,3000.000000,3006.084000
21,174.237200,-41.698090,26562.500000,0.000000,221.219400,12.000000,90.000000,nan,3000.000000,3006.084000
21,174.262000,-41.678450,26562.500000,0.000000,221.219400,12.000000,90.000000,nan,3000.000000,3006.084000
21,174.286800,-41.658810,26562.500000,0.000000,221.219400,12.000000,90.000000,nan,3000.000000,3006.084000
21,174.311600,-41.639170,26562.500000,0.000000,221.219400,12.000000,90.000000,nan,3000.000000,3006.084000
21,174.336400,-41.619530,26562.500000,0.000000,221.219400,12.000000,90.000000,nan,3000.000000,3006.084000
21,174.361200,-41.599890,26562.500000,0.000000,221.219400,12.000000,90.000000,nan,3000.000000,3006.084000
21,174.386000,-41.580250,26562.500000,0.000000,221.219400,12.000000,90.000000,nan,3000.000000,3006.084000
21,174.410800,-41.560610,26562.500000,0.000000,221.219400,12.000000,90.000000,nan,3000.000000,3006.084000
21,174.435600,-41.540970,26562.500000,0.000000,221.219400,12.000000,90.000000,nan,3000.000000,3006.084000
21,173.194600,-42.485170,27187.500000,0.000000,221.219400,12.000000,90.000000,nan,3000.000000,3006.084000
21,173.219400,-42.465530,27187.500000,0.000000,221.219400,12.000000,90.000000,nan,3000.000000,3006.084000
21,173.244200,-42.445890,27187.500000,0.000000,221.219400,12.000000,90.000000,nan,3000.000000,3006.084000
21,173.269000,-42.426250,27187.500000,0.000000,221.219400,12.000000,90.000000,nan,3000.000000,3006.084000
21,173.293800,-42.406610,27187.500000,0.037640,221.219400,12.000000,90.000000,nan,3000.000000,3006.084000
21,173.318600,-42.386970,27187.500000,0.148250,221.219400,12.000000,90.000000,nan,3000.000000,3006.084000
21,173.343400,-42.367330,27187.500000,0.317980,221.219400,12.000000,90.000000,nan,3000.000000,3006.084000
21,173.368200,-42.347690,27187.500000,0.513450,221.219400,12.000000,90.000000,nan,3000.000000,3006.084000
21,173.393000,-42.328050,27187.500000,0.700250,221.219400,12.000000,90.000000,nan,3000.000000,3006.084000
21,173.417800,-42.308410,27187.500000,0.852610,221.219400,12.000000,90.000000,nan,3000.000000,3006.084000
21,173.442600,-42.288770,27187.500000,0.955060,221.219400,12.000000,90.000000,nan,3000.000000,3006.084000
21,173.467400,-42.269130,27187.500000,0.999760,221.219400,12.000000,90.000000,nan,3000.000000,3006.084000
21,173.492200,-42.249490,27187.500000,0.983690,221.219400,12.000000,90.000000,nan,3000.000000,3006.084000
21,173.517000,-42.229850,27187.500000,0.908010,221.219400,12.000000,90.000000,nan,3000.000000,3006.084000
21,173.541800,-42.210210,27187.500000,0.779970,221.219400,12.000000,90.000000,nan,3000.000000,3006.084000
21,173.566600,-42.190570,27187.500000,0.614980,221.219400,12.000000,90.000000,nan,3000.000000,3006.084000
21,173.591400,-42.170930,27187.500000,0.436220,221.219400,12.000000,90.000000,nan,3000.000000,3006.084000
21,173.616200,-42.151290,27187.500000,0.270460,221.219400,12.000000,90.000000,nan,3000.000000,3006.084000
21,173.641000,-42.131650,27187.500000,0.141840,221.219400,12.000000,90.000000,nan,3000.000000,3006.084000
21,173.665800,-42.112010,27187.500000,0.066750,221.219400,12.000000,116.423000,nan,3000.000000,3006.084000
21,173.690600,-42.092370,27187.500000,0.145530,221.219400,12.000000,173.667900,nan,3000.000000,3006.084000
21,173.715400,-42.072730,27187.500000,0.369180,221.219400,12.000000,180.000000,nan,3000.000000,3006.084000
21,173.740200,-42.053090,27187.500000,0.676400,221.219400,12.000000,180.000000,nan,3000.000000,3006.084000
21,173.765000,-42.033450,27187.500000,0.995560,221.219400,12.000000,179.886900,nan,3000.000000,3006.084000
21,173.789800,-42.013810,27187.500000,1.238940,221.219400,12.000000,179.048600,nan,3000.000000,3006.084000
21,173.814600,-41.994170,27187.500000,1.334950,221.219400,12.000000,177.865000,nan,3000.000000,3006.084000
21,173.839400,-41.974530,27187.500000,1.253170,221.219400,12.000000,176.320700,nan,3000.000000,3006.084000
21,173.864200,-41.954890,27187.500000,1.014660,221.219400,12.000000,174.099000,nan,3000.000000,3006.084000
21,173.889000,-41.935250,27187.500000,0.686090,221.219400,12.000000,170.335700,nan,3000.000000,3006.084000
21,173.913800,-41.915610,27187.500000,0.361230,221.219400,12.000000,162.325900,nan,3000.000000,3006.084000
21,173.938600,-41.895970,27187.500000,0.135110,221.219400,12.000000,139.295800,nan,3000.000000,3006.084000
21,173.963400,-41.876330,27187.500000,0.055250,221.219400,12.000000,90.000000,nan,3000.000000,3006.084000
21,173.988200,-41.856690,27187.500000,0.021010,221.219400,12.000000,90.000000,nan,3000.000000,3006.084000
21,174.013000,-41.837050,27187.500000,0.000000,221.219400,12.000000,90.000000,nan,3000.000000,3006.084000
21,174.037800,-41.817410,27187.500000,0.000000,221.219400,12.000000,90.000000,nan,3000.000000,3006.084000
21,174.062600,-41.797770,27187.500000,0.000000,221.219400,12.000000,90.000000,nan,3000.000000,3006.084000
21,174.087400,-41.778130,27187.500000,0.000000,221.219400,12.000000,90.000000,nan,3000.000000,3006.084000
21,174.112200,-41.758490,27187.500000,0.000000,221.219400,12.000000,90.000000,nan,3000.000000,3006.084000
21,174.137000,-41.738850,27187.500000,0.000000,221.219400,12.000000,90.000000,nan,3000.000000,3006.084000
21,174.161800,-41.719210,27187.500000,0.000000,221.219400,12.000000,90.000000,nan,3000.000000,3006.084000
21,174.186600,-41.699570,27187.500000,0.000000,221.219400,12.000000,90.000000,nan,3000.000000,3006.084000
21,174.211400,-41.679930,27187.500000,0.000000,221.219400,12.000000,90.000000,nan,3000.000000,3006.084000
21,174.236200,-41.660290,27187.500000,0.000000,221.219400,12.000000,90.000000,nan,3000.000000,3006.084000
21,174.261000,-41.640650,27187.500000,0.000000,221.219400,12.000000,90.000000,nan,3000.000000,3006.084000
21,174.285800,-41.621010,27187.500000,0.000000,221.219400,12.000000,90.000000,nan,3000.000000,3006.084000
21,174.310600,-41.601370,27187.500000,0.000000,221.219400,12.000000,90.000000,nan,3000.000000,3006.084000
21,174.335400,-41.581730,27187.500000,0.000000,221.219400,12.000000,90.000000,nan,3000.000000,3006.084000
21,174.360200,-41.562090,27187.500000,0.000000,221.219400,12.000000,90.000000,nan,3000.000000,3006.084000
21,174.385000,-41.542450,27187.500000,0.000000,221.219400,12.000000,90.000000,nan,3000.000000,3006.084000
21,174.409800,-41.522810,27187.500000,0.000000,221.219400,12.000000,90.000000,nan,3000.000000,3006.084000
21,173.168800,-42.467010,27812.500000,0.000000,221.219400,12.000000,90.000000,nan,3000.000000,3006.084000
21,173.193600,-42.447370,27812.500000,0.000000,221.219400,12.000000,90.000000,nan,3000.000000,3006.084000
21,173.218400,-42.427730,27812.500000,0.000000,221.219400,12.000000,90.000000,nan,3000.000000,3006.084000
21,173.243200,-42.408090,27812.500000,0.000000,221.219400,12.000000,90.000000,nan,3000.000000,3006.084000
21,173.268000,-42.388450,27812.500000,0.038580,221.219400,12.000000,90.000000,nan,3000.000000,3006.084000
21,173.292800,-42.368810,27812.500000,0.156410,221.219400,12.000000,90.000000,nan,3000.000000,3006.084000
21,173.317600,-42.349170,27812.500000,0.342250,221.219400,12.000000,90.000000,nan,3000.000000,3006.084000
21,173.342400,-42.329530,27812.500000,0.562780,221.219400,12.000000,90.000000,nan,3000.000000,3006.084000
21,173.367200,-42.309890,27812.500000,0.781830,221.219400,12.000000,90.000000,nan,3000.000000,3006.084000
21,173.392000,-42.290250,27812.500000,0.970640,221.219400,12.000000,90.000000,nan,3000.000000,3006.084000
21,173.416800,-42.270610,27812.500000,1.110390,221.219400,12.000000,90.000000,nan,3000.000000,3006.084000
21,173.441600,-42.250970,27812.500000,1.190420,221.219400,12.000000,90.000000,nan,3000.000000,3006.084000
21,173.466400,-42.231330,27812.500000,1.205700,221.219400,12.000000,90.000000,nan,3000.000000,3006.084000
21,173.491200,-42.211690,27812.500000,1.155880,221.219400,12.000000,90.000000,nan,3000.000000,3006.084000
21,173.516000,-42.192050,27812.500000,1.046470,221.219400,12.000000,90.000000,nan,3000.000000,3006.084000
21,173.540800,-42.172410,27812.500000,0.890550,221.219400,12.000000,90.000000,nan,3000.000000,3006.084000
21,173.565600,-42.152770,27812.500000,0.708890,221.219400,12.000000,90.000000,nan,3000.000000,3006.084000
21,173.590400,-42.133130,27812.500000,0.527150,221.219400,12.000000,90.000000,nan,3000.000000,3006.084000
21,173.615200,-42.113490,27812.500000,0.371530,221.219400,12.000000,94.666690,nan,3000.000000,3006.084000
21,173.640000,-42.093850,27812.500000,0.284070,221.219400,12.000000,116.261800,nan,3000.000000,3006.084000
21,173.664800,-42.074210,27812.500000,0.362810,221.219400,12.000000,149.340200,nan,3000.000000,3006.084000
21,173.689600,-42.054570,27812.500000,0.607900,221.219400,12.000000,164.903700,nan,3000.000000,3006.084000
21,173.714400,-42.034930,27812.500000,0.925230,221.219400,12.000000,169.654000,nan,3000.000000,3006.084000
21,173.739200,-42.015290,27812.500000,1.228600,221.219400,12.000000,170.716800,nan,3000.000000,3006.084000
21,173.764000,-41.995650,27812.500000,1.439560,221.219400,12.000000,169.820100,nan,3000.000000,3006.084000
21,173.788800,-41.976010,27812.500000,1.500370,221.219400,12.000000,167.521800,nan,3000.000000,3006.084000
21,173.813600,-41.956370,27812.500000,1.393240,221.219400,12.000000,163.676100,nan,3000.000000,3006.084000
21,173.838400,-41.936730,27812.500000,1.148490,221.219400,12.000000,157.432600,nan,3000.000000,3006.084000
21,173.863200,-41.917090,27812.500000,0.839960,221.219400,12.000000,146.863300,nan,3000.000000,3006.084000
21,173.888000,-41.897450,27812.500000,0.566230,221.219400,12.000000,129.015800,nan,3000.000000,3006.084000
21,173.912800,-41.877810,27812.500000,0.398030,221.219400,12.000000,105.535000,nan,3000.000000,3006.084000
21,173.937600,-41.858170,27812.500000,0.298160,221.219400,12.000000,90.000000,nan,3000.000000,3006.084000
21,173.962400,-41.838530,27812.500000,0.200030,221.219400,12.000000,90.000000,nan,3000.000000,3006.084000
21,173.987200,-41.818890,27812.500000,0.109760,221.219400,12.000000,90.000000,nan,3000.000000,3006.084000
21,174.012000,-41.799250,27812.500000,0.043360,221.219400,12.000000,90.000000,nan,3000.000000,3006.084000
21,174.036800,-41.779610,27812.500000,0.004090,221.219400,12.000000,90.000000,nan,3000.000000,3006.084000
21,174.061600,-41.759970,27812.500000,0.000000,221.219400,12.000000,90.000000,nan,3000.000000,3006.084000
21,174.086400,-41.740330,27812.500000,0.000000,221.219400,12.000000,90.000000,nan,3000.000000,3006.084000
21,174.111200,-41.720690,27812.500000,0.000000,221.219400,12.000000,90.000000,nan,3000.000000,3006.084000
21,174.136000,-41.701050,27812.500000,0.000000,221.219400,12.000000,90.000000,nan,3000.000000,3006.084000
21,174.160800,-41.681410,27812.500000,0.000000,221.219400,12.000000,90.000000,nan,3000.000000,3006.084000
21,174.185600,-41.661770,27812.500000,0.000000,221.219400,12.000000,90.000000,nan,3000.000000,3006.084000
21,174.210400,-41.642130,27812.500000,0.000000,221.219400,12.000000,90.000000,nan,3000.000000,3006.084000
21,174.235200,-41.622490,27812.500000,0.000000,221.219400,12.000000,90.000000,nan,3000.000000,3006.084000
21,174.260000,-41.602850,27812.500000,0.000000,221.219400,12.000000,90.000000,nan,3000.000000,3006.084000
21,174.284800,-41.583210,27812.500000,0.000000,221.219400,12.000000,90.000000,nan,3000.000000,3006.084000
21,174.309600,-41.563570,27812.500000,0.000000,221.219400,12.000000,90.000000,nan,3000.000000,3006.084000
21,174.334400,-41.543930,27812.500000,0.000000,221.219400,12.000000,90.000000,nan,3000.000000,3006.084000
21,174.359200,-41.524290,27812.500000,0.000000,221.219400,12.000000,90.000000,nan,3000.000000,3006.084000
21,174.384000,-41.504650,27812.500000,0.000000,221.219400,12.000000,90.000000,nan,3000.000000,3006.084000
21,173.143000,-42.448850,28437.500000,0.000000,221.219400,12.000000,90.000000,nan,3000.000000,3006.084000
21,173.167800,-42.429210,28437.500000,0.000000,221.219400,12.000000,90.000000,nan,3000.000000,3006.084000
21,173.192600,-42.409570,28437.500000,0.000000,221.219400,12.000000,90.000000,nan,3000.000000,3006.084000
21,173.217400,-42.389930,28437.500000,0.000000,221.219400,12.000000,90.000000,nan,3000.000000,3006.084000
21,173.242200,-42.370290,28437.500000,0.020420,221.219400,12.000000,90.000000,nan,3000.000000,3006.084000
21,173.267000,-42.350650,28437.500000,0.115080,221.219400,12.000000,90.000000,nan,3000.000000,3006.084000
21,173.291800,-42.331010,28437.500000,0.281690,221.219400,12.000000,90.000000,nan,3000.000000,3006.084000
21,173.316600,-42.311370,28437.500000,0.493050,221.219400,12.000000,90.000000,nan,3000.000000,3006.084000
21,173.341400,-42.291730,28437.500000,0.715340,221.219400,12.000000,90.000000,nan,3000.000000,3006.084000
21,173.366200,-42.272090,28437.500000,0.919450,221.219400,12.000000,90.000000,nan,3000.000000,3006.084000
21,173.391000,-42.252450,28437.500000,1.084550,221.219400,12.000000,90.000000,nan,3000.000000,3006.084000
21,173.415800,-42.232810,28437.500000,1.197610,221.219400,12.000000,90.000000,nan,3000.000000,3006.084000
21,173.440600,-42.213170,28437.500000,1.251580,221.219400,12.000000,90.000000,nan,3000.000000,3006.084000
21,173.465400,-42.193530,28437.500000,1.244320,221.219400,12.000000,90.000000,nan,3000.000000,3006.084000
21,173.490200,-42.173890,28437.500000,1.179240,221.219400,12.000000,90.000000,nan,3000.000000,3006.084000
21,173.515000,-42.154250,28437.500000,1.066520,221.219400,12.000000,90.000000,nan,3000.000000,3006.084000
21,173.539800,-42.134610,28437.500000,0.923360,221.219400,12.000000,90.000000,nan,3000.000000,3006.084000
21,173.564600,-42.114970,28437.500000,0.772470,221.219400,12.000000,91.733600,nan,3000.000000,3006.084000
21,173.589400,-42.095330,28437.500000,0.643860,221.219400,12.000000,98.878240,nan,3000.000000,3006.084000
21,173.614200,-42.075690,28437.500000,0.587480,221.219400,12.000000,114.535200,nan,3000.000000,3006.084000
21,173.639000,-42.056050,28437.500000,0.663880,221.219400,12.000000,133.937700,nan,3000.000000,3006.084000
21,173.663800,-42.036410,28437.500000,0.870280,221.219400,12.000000,147.295000,nan,3000.000000,3006.084000
21,173.688600,-42.016770,28437.500000,1.136690,221.219400,12.000000,153.517400,nan,3000.000000,3006.084000
21,173.713400,-41.997130,28437.500000,1.384190,221.219400,12.000000,155.258200,nan,3000.000000,3006.084000
21,173.738200,-41.977490,28437.500000,1.548260,221.219400,12.000000,154.021900,nan,3000.000000,3006.084000
21,173.763000,-41.957850,28437.500000,1.589340,221.219400,12.000000,150.314600,nan,3000.000000,3006.084000
21,173.787800,-41.938210,28437.500000,1.504830,221.219400,12.000000,143.972500,nan,3000.000000,3006.084000
21,173.812600,-41.918570,28437.500000,1.332460,221.219400,12.000000,134.445400,nan,3000.000000,3006.084000
21,173.837400,-41.898930,28437.500000,1.136860,221.219400,12.000000,121.527900,nan,3000.000000,3006.084000
21,173.862200,-41.879290,28437.500000,0.971720,221.219400,12.000000,106.980300,nan,3000.000000,3006.084000
21,173.887000,-41.859650,28437.500000,0.836000,221.219400,12.000000,95.160720,nan,3000.000000,3006.084000
21,173.911800,-41.840010,28437.500000,0.689270,221.219400,12.000000,90.000000,nan,3000.000000,3006.084000
21,173.936600,-41.820370,28437.500000,0.518740,221.219400,12.000000,90.000000,nan,3000.000000,3006.084000
21,173.961400,-41.800730,28437.500000,0.345740,221.219400,12.000000,90.000000,nan,3000.000000,3006.084000
21,173.986200,-41.781090,28437.500000,0.193840,221.219400,12.000000,90.000000,nan,3000.000000,3006.084000
21,174.011000,-41.761450,28437.500000,0.080690,221.219400,12.000000,90.000000,nan,3000.000000,3006.084000
21,174.035800,-41.741810,28437.500000,0.019080,221.219400,12.000000,90.000000,nan,3000.000000,3006.084000
21,174.060600,-41.722170,28437.500000,0.000000,221.219400,12.000000,90.000000,nan,3000.000000,3006.084000
21,174.085400,-41.702530,28437.500000,0.000000,221.219400,12.000000,90.000000,nan,3000.000000,3006.084000
21,174.110200,-41.682890,28437.500000,0.000000,221.219400,12.000000,90.000000,nan,3000.000000,3006.084000
21,174.135000,-41.663250,28437.500000,0.000000,221.219400,12.000000,90.000000,nan,3000.000000,3006.084000
21,174.159800,-41.643610,28437.500000,0.000000,221.219400,12.000000,90.000000,nan,3000.000000,3006.084000
21,174.184600,-41.623970,28437.500000,0.000000,221.219400,12.000000,90.000000,nan,3000.000000,3006.084000
21,174.209400,-41.604330,28437.500000,0.000000,221.219400,12.000000,90.000000,nan,3000.000000,3006.084000
21,174.234200,-41.584690,28437.500000,0.000000,221.219400,12.000000,90.000000,nan,3000.000000,3006.084000
21,174.259000,-41.565050,28437.500000,0.000000,221.219400,12.000000,90.000000,nan,3000.000000,3006.084000
21,174.283800,-41.545410,28437.500000,0.000000,221.219400,12.000000,90.000000,nan,3000.000000,3006.084000
21,174.308600,-41.525770,28437.500000,0.000000,221.219400,12.000000,90.000000,nan,3000.000000,3006.084000
21,174.333400,-41.506130,28437.500000,0.000000,221.219400,12.000000,90.000000,nan,3000.000000,3006.084000
21,174.358200,-41.486490,28437.500000,0.000000,221.219400,12.000000,90.000000,nan,3000.000000,3006.084000
21,173.117200,-42.430690,29062.500000,0.000000,221.219400,12.000000,90.000000,nan,3000.000000,3006.084000
21,173.142000,-42.411050,29062.500000,0.000000,221.219400,12.000000,90.000000,nan,3000.000000,3006.084000
21,173.166800,-42.391410,29062.500000,0.000000,221.219400,12.000000,90.000000,nan,3000.000000,3006.084000
21,173.191600,-42.371770,29062.500000,0.000000,221.219400,12.000000,90.000000,nan,3000.000000,3006.084000
21,173.216400,-42.352130,29062.500000,0.000000,221.219400,12.000000,90.000000,nan,3000.000000,3006.084000
21,173.241200,-42.332490,29062.500000,0.051480,221.219400,12.000000,90.000000,nan,3000.000000,3006.084000
21,173.266000,-42.312850,29062.500000,0.168520,221.219400,12.000000,90.000000,nan,3000.000000,3006.084000
21,173.290800,-42.293210,29062.500000,0.337190,221.219400,12.000000,90.000000,nan,3000.000000,3006.084000
21,173.315600,-42.273570,29062.500000,0.530330,221.219400,12.000000,90.000000,nan,3000.000000,3006.084000
21,173.340400,-42.253930,29062.500000,0.721860,221.219400,12.000000,90.000000,nan,3000.000000,3006.084000
21,173.365200,-42.234290,29062.500000,0.891010,221.219400,12.000000,90.000000,nan,3000.000000,3006.084000
21,173.390000,-42.214650,29062.500000,1.023510,221.219400,12.000000,90.000000,nan,3000.000000,3006.084000
21,173.414800,-42.195010,29062.500000,1.110810,221.219400,12.000000,90.000000,nan,3000.000000,3006.084000
21,173.439600,-42.175370,29062.500000,1.149050,221.219400,12.000000,90.000000,nan,3000.000000,3006.084000
21,173.464400,-42.155730,29062.500000,1.139470,221.219400,12.000000,90.000000,nan,3000.000000,3006.084000
21,173.489200,-42.136090,29062.500000,1.089190,221.219400,12.000000,90.000000,nan,3000.000000,3006.084000
21,173.514000,-42.116450,29062.500000,1.011410,221.219400,12.000000,90.369980,nan,3000.000000,3006.084000
21,173.538800,-42.096810,29062.500000,0.925560,221.219400,12.000000,93.425950,nan,3000.000000,3006.084000
21,173.563600,-42.077170,29062.500000,0.861430,221.219400,12.000000,100.690800,nan,3000.000000,3006.084000
21,173.588400,-42.057530,29062.500000,0.858610,221.219400,12.000000,111.859400,nan,3000.000000,3006.084000
21,173.613200,-42.037890,29062.500000,0.946120,221.219400,12.000000,123.647200,nan,3000.000000,3006.084000
21,173.638000,-42.018250,29062.500000,1.114650,221.219400,12.000000,132.312500,nan,3000.000000,3006.084000
21,173.662800,-41.998610,29062.500000,1.320800,221.219400,12.000000,136.756400,nan,3000.000000,3006.084000
21,173.687600,-41.978970,29062.500000,1.512590,221.219400,12.000000,137.553200,nan,3000.000000,3006.084000
21,173.712400,-41.959330,29062.500000,1.648420,221.219400,12.000000,135.356400,nan,3000.000000,3006.084000
21,173.737200,-41.939690,29062.500000,1.707330,221.219400,12.000000,130.543600,nan,3000.000000,3006.084000
21,173.762000,-41.920050,29062.500000,1.693930,221.219400,12.000000,123.376200,nan,3000.000000,3006.084000
21,173.786800,-41.900410,29062.500000,1.632580,221.219400,12.000000,114.389000,nan,3000.000000,3006.084000
21,173.811600,-41.880770,29062.500000,1.547900,221.219400,12.000000,104.801000,nan,3000.000000,3006.084000
21,173.836400,-41.861130,29062.500000,1.443190,221.219400,12.000000,96.469420,nan,3000.000000,3006.084000
21,173.861200,-41.841490,29062.500000,1.300470,221.219400,12.000000,91.262360,nan,3000.000000,3006.084000
21,173.886000,-41.821850,29062.500000,1.106650,221.219400,12.000000,90.000000,nan,3000.000000,3006.084000
21,173.910800,-41.802210,29062.500000,0.874420,221.219400,12.000000,90.000000,nan,3000.000000,3006.084000
21,173.935600,-41.782570,29062.500000,0.630240,221.219400,12.000000,90.000000,nan,3000.000000,3006.084000
21,173.960400,-41.762930,29062.500000,0.401860,221.219400,12.000000,90.000000,nan,3000.000000,3006.084000
21,173.985200,-41.743290,29062.500000,0.213720,221.219400,12.000000,90.000000,nan,3000.000000,3006.084000
21,174.010000,-41.723650,29062.500000,0.083840,221.219400,12.000000,90.000000,nan,3000.000000,3006.084000
21,174.034800,-41.704010,29062.500000,0.016330,221.219400,12.000000,90.000000,nan,3000.000000,3006.084000
21,174.059600,-41.684370,29062.500000,0.000000,221.219400,12.000000,90.000000,nan,3000.000000,3006.084000
21,174.084400,-41.664730,29062.500000,0.000000,221.219400,12.000000,90.000000,nan,3000.000000,3006.084000
21,174.109200,-41.645090,29062.500000,0.000000,221.219400,12.000000,90.000000,nan,3000.000000,3006.084000
21,174.134000,-41.625450,29062.500000,0.000000,221.219400,12.000000,90.000000,nan,3000.000000,3006.084000
21,174.158800,-41.605810,29062.500000,0.000000,221.219400,12.000000,90.000000,nan,3000.000000,3006.084000
21,174.183600,-41.586170,29062.500000,0.000000,221.219400,12.000000,90.000000,nan,3000.000000,3006.084000
21,174.208400,-41.566530,29062.500000,0.000000,221.219400,12.000000,90.000000,nan,3000.000000,3006.084000
21,174.233200,-41.546890,29062.500000,0.000000,221.219400,12.000000,90.000000,nan,3000.000000,3006.084000
21,174.258000,-41.527250,29062.500000,0.000000,221.219400,12.000000,90.000000,nan,3000.000000,3006.084000
21,174.282800,-41.507610,29062.500000,0.000000,221.219400,12.000000,90.000000,nan,3000.000000,3006.084000
21,174.307600,-41.487970,29062.500000,0.000000,221.219400,12.000000,90.000000,nan,3000.000000,3006.084000
21,174.332400,-41.468330,29062.500000,0.000000,221.219400,12.000000,90.000000,nan,3000.000000,3006.084000
21,173.091400,-42.412530,29687.500000,0.000000,221.219400,12.000000,90.000000,nan,3000.000000,3006.084000
21,173.116200,-42.392890,29687.500000,0.000000,221.219400,12.000000,90.000000,nan,3000.000000,3006.084000
21,173.141000,-42.373250,29687.500000,0.000000,221.219400,12.000000,90.000000,nan,3000.000000,3006.084000
21,173.165800,-42.353610,29687.500000,0.000000,221.219400,12.000000,90.000000,nan,3000.000000,3006.084000
21,173.190600,-42.333970,29687.500000,0.000000,221.219400,12.000000,90.000000,nan,3000.000000,3006.084000
21,173.215400,-42.314330,29687.500000,0.006750,221.219400,12.000000,90.000000,nan,3000.000000,3006.084000
21,173.240200,-42.294690,29687.500000,0.058800,221.219400,12.000000,90.000000,nan,3000.000000,3006.084000
21,173.265000,-42.275050,29687.500000,0.161890,221.219400,12.000000,90.000000,nan,3000.000000,3006.084000
21,173.289800,-42.255410,29687.500000,0.298290,221.219400,12.000000,90.000000,nan,3000.000000,3006.084000
21,173.314600,-42.235770,29687.500000,0.449200,221.219400,12.000000,90.000000,nan,3000.000000,3006.084000
21,173.339400,-42.216130,29687.500000,0.596250,221.219400,12.000000,90.000000,nan,3000.000000,3006.084000
21,173.364200,-42.196490,29687.500000,0.725740,221.219400,12.000000,90.000000,nan,3000.000000,3006.084000
21,173.389000,-42.176850,29687.500000,0.828820,221.219400,12.000000,90.000000,nan,3000.000000,3006.084000
21,173.413800,-42.157210,29687.500000,0.900360,221.219400,12.000000,90.000000,nan,3000.000000,3006.084000
21,173.438600,-42.137570,29687.500000,0.939590,221.219400,12.000000,90.000000,nan,3000.000000,3006.084000
21,173.463400,-42.117930,29687.500000,0.950940,221.219400,12.000000,90.000000,nan,3000.000000,3006.084000
21,173.488200,-42.098290,29687.500000,0.943680,221.219400,12.000000,90.633700,nan,3000.000000,3006.084000
21,173.513000,-42.078650,29687.500000,0.932930,221.219400,12.000000,94.047730,nan,3000.000000,3006.084000
21,173.537800,-42.059010,29687.500000,0.942240,221.219400,12.000000,100.402400,nan,3000.000000,3006.084000
21,173.562600,-42.039370,29687.500000,0.996390,221.219400,12.000000,108.277600,nan,3000.000000,3006.084000
21,173.587400,-42.019730,29687.500000,1.106130,221.219400,12.000000,115.407800,nan,3000.000000,3006.084000
21,173.612200,-42.000090,29687.500000,1.261000,221.219400,12.000000,120.137900,nan,3000.000000,3006.084000
21,173.637000,-41.980450,29687.500000,1.436380,221.219400,12.000000,122.000200,nan,3000.000000,3006.084000
21,173.661800,-41.960810,29687.500000,1.604980,221.219400,12.000000,121.214300,nan,3000.000000,3006.084000
21,173.686600,-41.941170,29687.500000,1.745630,221.219400,12.000000,118.190000,nan,3000.000000,3006.084000
21,173.711400,-41.921530,29687.500000,1.847010,221.219400,12.000000,113.400700,nan,3000.000000,3006.084000
21,173.736200,-41.901890,29687.500000,1.906560,221.219400,12.000000,107.448000,nan,3000.000000,3006.084000
21,173.761000,-41.882250,29687.500000,1.924220,221.219400,12.000000,101.171300,nan,3000.000000,3006.084000
21,173.785800,-41.862610,29687.500000,1.894220,221.219400,12.000000,95.598390,nan,3000.000000,3006.084000
21,173.810600,-41.842970,29687.500000,1.803600,221.219400,12.000000,91.654840,nan,3000.000000,3006.084000
21,173.835400,-41.823330,29687.500000,1.642710,221.219400,12.000000,90.000000,nan,3000.000000,3006.084000
21,173.860200,-41.803690,29687.500000,1.417030,221.219400,12.000000,90.000000,nan,3000.000000,3006.084000
21,173.885000,-41.784050,29687.500000,1.146900,221.219400,12.000000,90.000000,nan,3000.000000,3006.084000
21,173.909800,-41.764410,29687.500000,0.859090,221.219400,12.000000,90.000000,nan,3000.000000,3006.084000
21,173.934600,-41.744770,29687.500000,0.582140,221.219400,12.000000,90.000000,nan,3000.000000,3006.084000
21,173.959400,-41.725130,29687.500000,0.342510,221.219400,12.000000,90.000000,nan,3000.000000,3006.084000
21,173.984200,-41.705490,29687.500000,0.161070,221.219400,12.000000,90.000000,nan,3000.000000,3006.084000
21,174.009000,-41.685850,29687.500000,0.048620,221.219400,12.000000,90.000000,nan,3000.000000,3006.084000
21,174.033800,-41.666210,29687.500000,0.002290,221.219400,12.000000,90.000000,nan,3000.000000,3006.084000
21,174.058600,-41.646570,29687.500000,0.000000,221.219400,12.000000,90.000000,nan,3000.000000,3006.084000
21,174.083400,-41.626930,29687.500000,0.000000,221.219400,12.000000,90.000000,nan,3000.000000,3006.084000
21,174.108200,-41.607290,29687.500000,0.000000,221.219400,12.000000,90.000000,nan,3000.000000,3006.084000
21,174.133000,-41.587650,29687.500000,0.000000,221.219400,12.000000,90.000000,nan,3000.000000,3006.084000
21,174.157800,-41.568010,29687.500000,0.000000,221.219400,12.000000,90.000000,nan,3000.000000,3006.084000
21,174.182600,-41.548370,29687.500000,0.000000,221.219400,12.000000,90.000000,nan,3000.000000,3006.084000
21,174.207400,-41.528730,29687.500000,0.000000,221.219400,12.000000,90.000000,nan,3000.000000,3006.084000
21,174.232200,-41.509090,29687.500000,0.000000,221.219400,12.000000,90.000000,nan,3000.000000,3006.084000
21,174.257000,-41.489450,29687.500000,0.000000,221.219400,12.000000,90.000000,nan,3000.000000,3006.084000
21,174.281800,-41.469810,29687.500000,0.000000,221.219400,12.000000,90.000000,nan,3000.000000,3006.084000
21,174.306600,-41.450170,29687.500000,0.000000,221.219400,12.000000,90.000000,nan,3000.000000,3006.084000
21,173.065600,-42.394370,30312.500000,0.000000,221.219400,12.000000,90.000000,nan,3000.000000,3006.084000
21,173.090400,-42.374730,30312.500000,0.000000,221.219400,12.000000,90.000000,nan,3000.000000,3006.084000
21,173.115200,-42.355090,30312.500000,0.000000,221.219400,12.000000,90.000000,nan,3000.000000,3006.084000
21,173.140000,-42.335450,30312.500000,0.000000,221.219400,12.000000,90.000000,nan,3000.000000,3006.084000
21,173.164800,-42.315810,30312.500000,0.000000,221.219400,12.000000,90.000000,nan,3000.000000,3006.084000
21,173.189600,-42.296170,30312.500000,0.000000,221.219400,12.000000,90.000000,nan,3000.000000,3006.084000
21,173.214400,-42.276530,30312.500000,0.000400,221.219400,12.000000,90.000000,nan,3000.000000,3006.084000
21,173.239200,-42.256890,30312.500000,0.037410,221.219400,12.000000,90.000000,nan,3000.000000,3006.084000
21,173.264000,-42.237250,30312.500000,0.103720,221.219400,12.000000,90.000000,nan,3000.000000,3006.084000
21,173.288800,-42.217610,30312.500000,0.194680,221.219400,12.000000,90.000000,nan,3000.000000,3006.084000
21,173.313600,-42.197970,30312.500000,0.296240,221.219400,12.000000,90.000000,nan,3000.000000,3006.084000
21,173.338400,-42.178330,30312.500000,0.397680,221.219400,12.000000,90.000000,nan,3000.000000,3006.084000
21,173.363200,-42.158690,30312.500000,0.491990,221.219400,12.000000,90.000000,nan,3000.000000,3006.084000
21,173.388000,-42.139050,30312.500000,0.573320,221.219400,12.000000,90.000000,nan,3000.000000,3006.084000
21,173.412800,-42.119410,30312.500000,0.639410,221.219400,12.000000,90.000000,nan,3000.000000,3006.084000
21,173.437600,-42.099770,30312.500000,0.692880,221.219400,12.000000,90.000000,nan,3000.000000,3006.084000
21,173.462400,-42.080130,30312.500000,0.739760,221.219400,12.000000,90.391910,nan,3000.000000,3006.084000
21,173.487200,-42.060490,30312.500000,0.789720,221.219400,12.000000,93.331440,nan,3000.000000,3006.084000
21,173.512000,-42.040850,30312.500000,0.857760,221.219400,12.000000,98.337560,nan,3000.000000,3006.084000
21,173.536800,-42.021210,30312.500000,0.957350,221.219400,12.000000,103.714400,nan,3000.000000,3006.084000
21,173.561600,-42.001570,30312.500000,1.091220,221.219400,12.000000,107.791300,nan,3000.000000,3006.084000
21,173.586400,-41.981930,30312.500000,1.251450,221.219400,12.000000,109.779600,nan,3000.000000,3006.084000
21,173.611200,-41.962290,30312.500000,1.425140,221.219400,12.000000,109.673900,nan,3000.000000,3006.084000
21,173.636000,-41.942650,30312.500000,1.598760,221.219400,12.000000,107.841100,nan,3000.000000,3006.084000
21,173.660800,-41.923010,30312.500000,1.759900,221.219400,12.000000,104.778200,nan,3000.000000,3006.084000
21,173.685600,-41.903370,30312.500000,1.896620,221.219400,12.000000,101.020400,nan,3000.000000,3006.084000
21,173.710400,-41.883730,30312.500000,1.995910,221.219400,12.000000,97.089830,nan,3000.000000,3006.084000
21,173.735200,-41.864090,30312.500000,2.043670,221.219400,12.000000,93.587760,nan,3000.000000,3006.084000
21,173.760000,-41.844450,30312.500000,2.025370,221.219400,12.000000,91.161430,nan,3000.000000,3006.084000
21,173.784800,-41.824810,30312.500000,1.930670,221.219400,12.000000,90.000000,nan,3000.000000,3006.084000
21,173.809600,-41.805170,30312.500000,1.760160,221.219400,12.000000,90.000000,nan,3000.000000,3006.084000
21,173.834400,-41.785530,30312.500000,1.525890,221.219400,12.000000,90.000000,nan,3000.000000,3006.084000
21,173.859200,-41.765890,30312.500000,1.247930,221.219400,12.000000,90.000000,nan,3000.000000,3006.084000
21,173.884000,-41.746250,30312.500000,0.951350,221.219400,12.000000,90.000000,nan,3000.000000,3006.084000
21,173.908800,-41.726610,30312.500000,0.662880,221.219400,12.000000,90.000000,nan,3000.000000,3006.084000
21,173.933600,-41.706970,30312.500000,0.407760,221.219400,12.000000,90.000000,nan,3000.000000,3006.084000
21,173.958400,-41.687330,30312.500000,0.206890,221.219400,12.000000,90.000000,nan,3000.000000,3006.084000
21,173.983200,-41.667690,30312.500000,0.073580,221.219400,12.000000,90.000000,nan,3000.000000,3006.084000
21,174.008000,-41.648050,30312.500000,0.009790,221.219400,12.000000,90.000000,nan,3000.000000,3006.084000
21,174.032800,-41.628410,30312.500000,0.000000,221.219400,12.000000,90.000000,nan,3000.000000,3006.084000
21,174.057600,-41.608770,30312.500000,0.000000,221.219400,12.000000,90.000000,nan,3000.000000,3006.084000
21,174.082400,-41.589130,30312.500000,0.000000,221.219400,12.000000,90.000000,nan,3000.000000,3006.084000
21,174.107200,-41.569490,30312.500000,0.000000,221.219400,12.000000,90.000000,nan,3000.000000,3006.084000
21,174.132000,-41.549850,30312.500000,0.000000,221.219400,12.000000,90.000000,nan,3000.000000,3006.084000
21,174.156800,-41.530210,30312.500000,0.000000,221.219400,12.000000,90.000000,nan,3000.000000,3006.084000
21,174.181600,-41.510570,30312.500000,0.000000,221.219400,12.000000,90.000000,nan,3000.000000,3006.084000
21,174.206400,-41.490930,30312.500000,0.000000,221.219400,12.000000,90.000000,nan,3000.000000,3006.084000
21,174.231200,-41.471290,30312.500000,0.000000,221.219400,12.000000,90.000000,nan,3000.000000,3006.084000
21,174.256000,-41.451650,30312.500000,0.000000,221.219400,12.000000,90.000000,nan,3000.000000,3006.084000
21,174.280800,-41.432010,30312.500000,0.000000,221.219400,12.000000,90.000000,nan,3000.000000,3006.084000
21,173.039800,-42.376210,30937.500000,0.000000,221.219400,12.000000,90.000000,nan,3000.000000,3006.084000
21,173.064600,-42.356570,30937.500000,0.000000,221.219400,12.000000,90.000000,nan,3000.000000,3006.084000
21,173.089400,-42.336930,30937.500000,0.000000,221.219400,12.000000,90.000000,nan,3000.000000,3006.084000
21,173.114200,-42.317290,30937.500000,0.000000,221.219400,12.000000,90.000000,nan,3000.000000,3006.084000
21,173.139000,-42.297650,30937.500000,0.000000,221.219400,12.000000,90.000000,nan,3000.000000,3006.084000
21,173.163800,-42.278010,30937.500000,0.000000,221.219400,12.000000,90.000000,nan,3000.000000,3006.084000
21,173.188600,-42.258370,30937.500000,0.000000,221.219400,12.000000,90.000000,nan,3000.000000,3006.084000
21,173.213400,-42.238730,30937.500000,0.000000,221.219400,12.000000,90.000000,nan,3000.000000,3006.084000
21,173.238200,-42.219090,30937.500000,0.006350,221.219400,12.000000,90.000000,nan,3000.000000,3006.084000
21,173.263000,-42.199450,30937.500000,0.037290,221.219400,12.000000,90.000000,nan,3000.000000,3006.084000
21,173.287800,-42.179810,30937.500000,0.082350,221.219400,12.000000,90.000000,nan,3000.000000,3006.084000
21,173.312600,-42.160170,30937.500000,0.137390,221.219400,12.000000,90.000000,nan,3000.000000,3006.084000
21,173.337400,-42.140530,30937.500000,0.200500,221.219400,12.000000,90.000000,nan,3000.000000,3006.084000
21,173.362200,-42.120890,30937.500000,0.265350,221.219400,12.000000,90.000000,nan,3000.000000,3006.084000
21,173.387000,-42.101250,30937.500000,0.328790,221.219400,12.000000,90.000000,nan,3000.000000,3006.084000
21,173.411800,-42.081610,30937.500000,0.393510,221.219400,12.000000,90.000000,nan,3000.000000,3006.084000
21,173.436600,-42.061970,30937.500000,0.463610,221.219400,12.000000,90.000000,nan,3000.000000,3006.084000
21,173.461400,-42.042330,30937.500000,0.543830,221.219400,12.000000,91.557140,nan,3000.000000,3006.084000
21,173.486200,-42.022690,30937.500000,0.641790,221.219400,12.000000,94.807890,nan,3000.000000,3006.084000
21,173.511000,-42.003050,30937.500000,0.764480,221.219400,12.000000,98.208060,nan,3000.000000,3006.084000
21,173.535800,-41.983410,30937.500000,0.912210,221.219400,12.000000,100.299100,nan,3000.000000,3006.084000
21,173.560600,-41.963770,30937.500000,1.079710,221.219400,12.000000,100.688100,nan,3000.000000,3006.084000
21,173.585400,-41.944130,30937.500000,1.259000,221.219400,12.000000,99.660640,nan,3000.000000,3006.084000
21,173.610200,-41.924490,30937.500000,1.440170,221.219400,12.000000,97.733170,nan,3000.000000,3006.084000
21,173.635000,-41.904850,30937.500000,1.610920,221.219400,12.000000,95.453270,nan,3000.000000,3006.084000
21,173.659800,-41.885210,30937.500000,1.756220,221.219400,12.000000,93.293000,nan,3000.000000,3006.084000
21,173.684600,-41.865570,30937.500000,1.859220,221.219400,12.000000,91.459130,nan,3000.000000,3006.084000
21,173.709400,-41.845930,30937.500000,1.904590,221.219400,12.000000,90.207090,nan,3000.000000,3006.084000
21,173.734200,-41.826290,30937.500000,1.881340,221.219400,12.000000,90.000000,nan,3000.000000,3006.084000
21,173.759000,-41.806650,30937.500000,1.785870,221.219400,12.000000,90.000000,nan,3000.000000,3006.084000
21,173.783800,-41.787010,30937.500000,1.622820,221.219400,12.000000,90.000000,nan,3000.000000,3006.084000
21,173.808600,-41.767370,30937.500000,1.404290,221.219400,12.000000,90.000000,nan,3000.000000,3006.084000
21,173.833400,-41.747730,30937.500000,1.148460,221.219400,12.000000,90.000000,nan,3000.000000,3006.084000
21,173.858200,-41.728090,30937.500000,0.877390,221.219400,12.000000,90.000000,nan,3000.000000,3006.084000
21,173.883000,-41.708450,30937.500000,0.614310,221.219400,12.000000,90.000000,nan,3000.000000,3006.084000
21,173.907800,-41.688810,30937.500000,0.381100,221.219400,12.000000,90.000000,nan,3000.000000,3006.084000
21,173.932600,-41.669170,30937.500000,0.196020,221.219400,12.000000,90.000000,nan,3000.000000,3006.084000
21,173.957400,-41.649530,30937.500000,0.071590,221.219400,12.000000,90.000000,nan,3000.000000,3006.084000
21,173.982200,-41.629890,30937.500000,0.010570,221.219400,12.000000,90.000000,nan,3000.000000,3006.084000
21,174.007000,-41.610250,30937.500000,0.000000,221.219400,12.000000,90.000000,nan,3000.000000,3006.084000
21,174.031800,-41.590610,30937.500000,0.000000,221.219400,12.000000,90.000000,nan,3000.000000,3006.084000
21,174.056600,-41.570970,30937.500000,0.000000,221.219400,12.000000,90.000000,nan,3000.000000,3006.084000
21,174.081400,-41.551330,30937.500000,0.000000,221.219400,12.000000,90.000000,nan,3000.000000,3006.084000
21,174.106200,-41.531690,30937.500000,0.000000,221.219400,12.000000,90.000000,nan,3000.000000,3006.084000
21,174.131000,-41.512050,30937.500000,0.000000,221.219400,12.000000,90.000000,nan,3000.000000,3006.084000
21,174.155800,-41.492410,30937.500000,0.000000,221.219400,12.000000,90.000000,nan,3000.000000,3006.084000
21,174.180600,-41.472770,30937.500000,0.000000,221.219400,12.000000,90.000000,nan,3000.000000,3006.084000
21,174.205400,-41.453130,30937.500000,0.000000,221.219400,12.000000,90.000000,nan,3000.000000,3006.084000
21,174.230200,-41.433490,30937.500000,0.000000,221.219400,12.000000,90.000000,nan,3000.000000,3006.084000
21,174.255000,-41.413850,30937.500000,0.000000,221.219400,12.000000,90.000000,nan,3000.000000,3006.084000
21,173.014000,-42.358050,31562.500000,0.000000,221.219400,12.000000,90.000000,nan,3000.000000,3006.084000
21,173.038800,-42.338410,31562.500000,0.000000,221.219400,12.000000,90.000000,nan,3000.000000,3006.084000
21,173.063600,-42.318770,31562.500000,0.000000,221.219400,12.000000,90.000000,nan,3000.000000,3006.084000
21,173.088400,-42.299130,31562.500000,0.000000,221.219400,12.000000,90.000000,nan,3000.000000,3006.084000
21,173.113200,-42.279490,31562.500000,0.000000,221.219400,12.000000,90.000000,nan,3000.000000,3006.084000
21,173.138000,-42.259850,31562.500000,0.000000,221.219400,12.000000,90.000000,nan,3000.000000,3006.084000
21,173.162800,-42.240210,31562.500000,0.000000,221.219400,12.000000,90.000000,nan,3000.000000,3006.084000
21,173.187600,-42.220570,31562.500000,0.000000,221.219400,12.000000,90.000000,nan,3000.000000,3006.084000
21,173.212400,-42.200930,31562.500000,0.000000,221.219400,12.000000,90.000000,nan,3000.000000,3006.084000
21,173.237200,-42.181290,31562.500000,0.000000,221.219400,12.000000,90.000000,nan,3000.000000,3006.084000
21,173.262000,-42.161650,31562.500000,0.000000,221.219400,12.000000,90.000000,nan,3000.000000,3006.084000
21,173.286800,-42.142010,31562.500000,0.008760,221.219400,12.000000,90.000000,nan,3000.000000,3006.084000
21,173.311600,-42.122370,31562.500000,0.032270,221.219400,12.000000,90.000000,nan,3000.000000,3006.084000
21,173.336400,-42.102730,31562.500000,0.063140,221.219400,12.000000,90.000000,nan,3000.000000,3006.084000
21,173.361200,-42.083090,31562.500000,0.098380,221.219400,12.000000,90.000000,nan,3000.000000,3006.084000
21,173.386000,-42.063450,31562.500000,0.144080,221.219400,12.000000,90.000000,nan,3000.000000,3006.084000
21,173.410800,-42.043810,31562.500000,0.203620,221.219400,12.000000,90.000000,nan,3000.000000,3006.084000
21,173.435600,-42.024170,31562.500000,0.278280,221.219400,12.000000,90.000000,nan,3000.000000,3006.084000
21,173.460400,-42.004530,31562.500000,0.372440,221.219400,12.000000,90.710610,nan,3000.000000,3006.084000
21,173.485200,-41.984890,31562.500000,0.489690,221.219400,12.000000,92.491210,nan,3000.000000,3006.084000
21,173.510000,-41.965250,31562.500000,0.629320,221.219400,12.000000,93.467050,nan,3000.000000,3006.084000
21,173.534800,-41.945610,31562.500000,0.787340,221.219400,12.000000,93.345520,nan,3000.000000,3006.084000
21,173.559600,-41.925970,31562.500000,0.956390,221.219400,12.000000,92.480320,nan,3000.000000,3006.084000
21,173.584400,-41.906330,31562.500000,1.125540,221.219400,12.000000,91.332050,nan,3000.000000,3006.084000
21,173.609200,-41.886690,31562.500000,1.281170,221.219400,12.000000,90.360230,nan,3000.000000,3006.084000
21,173.634000,-41.867050,31562.500000,1.408490,221.219400,12.000000,90.000000,nan,3000.000000,3006.084000
21,173.658800,-41.847410,31562.500000,1.493720,221.219400,12.000000,90.000000,nan,3000.000000,3006.084000
21,173.683600,-41.827770,31562.500000,1.526290,221.219400,12.000000,90.000000,nan,3000.000000,3006.084000
21,173.708400,-41.808130,31562.500000,1.500140,221.219400,12.000000,90.000000,nan,3000.000000,3006.084000
21,173.733200,-41.788490,31562.500000,1.414750,221.219400,12.000000,90.000000,nan,3000.000000,3006.084000
21,173.758000,-41.768850,31562.500000,1.275530,221.219400,12.000000,90.000000,nan,3000.000000,3006.084000
21,173.782800,-41.749210,31562.500000,1.093510,221.219400,12.000000,90.000000,nan,3000.000000,3006.084000
21,173.807600,-41.729570,31562.500000,0.884210,221.219400,12.000000,90.000000,nan,3000.000000,3006.084000
21,173.832400,-41.709930,31562.500000,0.665890,221.219400,12.000000,90.000000,nan,3000.000000,3006.084000
21,173.857200,-41.690290,31562.500000,0.457460,221.219400,12.000000,90.000000,nan,3000.000000,3006.084000
21,173.882000,-41.670650,31562.500000,0.276040,221.219400,12.000000,90.000000,nan,3000.000000,3006.084000
21,173.906800,-41.651010,31562.500000,0.135260,221.219400,12.000000,90.000000,nan,3000.000000,3006.084000
21,173.931600,-41.631370,31562.500000,0.044500,221.219400,12.000000,90.000000,nan,3000.000000,3006.084000
21,173.956400,-41.611730,31562.500000,0.003970,221.219400,12.000000,90.000000,nan,3000.000000,3006.084000
21,173.981200,-41.592090,31562.500000,0.000000,221.219400,12.000000,90.000000,nan,3000.000000,3006.084000
21,174.006000,-41.572450,31562.500000,0.000000,221.219400,12.000000,90.000000,nan,3000.000000,3006.084000
21,174.030800,-41.552810,31562.500000,0.000000,221.219400,12.000000,90.000000,nan,3000.000000,3006.084000
21,174.055600,-41.533170,31562.500000,0.000000,221.219400,12.000000,90.000000,nan,3000.000000,3006.084000
21,174.080400,-41.513530,31562.500000,0.000000,221.219400,12.000000,90.000000,nan,3000.000000,3006.084000
21,174.105200,-41.493890,31562.500000,0.000000,221.219400,12.000000,90.000000,nan,3000.000000,3006.084000
21,174.130000,-41.474250,31562.500000,0.000000,221.219400,12.000000,90.000000,nan,3000.000000,3006.084000
21,174.154800,-41.454610,31562.500000,0.000000,221.219400,12.000000,90.000000,nan,3000.000000,3006.084000
21,174.179600,-41.434970,31562.500000,0.000000,221.219400,12.000000,90.000000,nan,3000.000000,3006.084000
21,174.204400,-41.415330,31562.500000,0.000000,221.219400,12.000000,90.000000,nan,3000.000000,3006.084000
21,174.229200,-41.395690,31562.500000,0.000000,221.219400,12.000000,90.000000,nan,3000.000000,3006.084000
21,172.988200,-42.339890,32187.500000,0.000000,221.219400,12.000000,90.000000,nan,3000.000000,3006.084000
21,173.013000,-42.320250,32187.500000,0.000000,221.219400,12.000000,90.000000,nan,3000.000000,3006.084000
21,173.037800,-42.300610,32187.500000,0.000000,221.219400,12.000000,90.000000,nan,3000.000000,3006.084000
21,173.062600,-42.280970,32187.500000,0.000000,221.219400,12.000000,90.000000,nan,3000.000000,3006.084000
21,173.087400,-42.261330,32187.500000,0.000000,221.219400,12.000000,90.000000,nan,3000.000000,3006.084000
21,173.112200,-42.241690,32187.500000,0.000000,221.219400,12.000000,90.000000,nan,3000.000000,3006.084000
21,173.137000,-42.222050,32187.500000,0.000000,221.219400,12.000000,90.000000,nan,3000.000000,3006.084000
21,173.161800,-42.202410,32187.500000,0.000000,221.219400,12.000000,90.000000,nan,3000.000000,3006.084000
21,173.186600,-42.182770,32187.500000,0.000000,221.219400,12.000000,90.000000,nan,3000.000000,3006.084000
21,173.211400,-42.163130,32187.500000,0.000000,221.219400,12.000000,90.000000,nan,3000.000000,3006.084000
21,173.236200,-42.143490,32187.500000,0.000000,221.219400,12.000000,90.000000,nan,3000.000000,3006.084000
21,173.261000,-42.123850,32187.500000,0.000000,221.219400,12.000000,90.000000,nan,3000.000000,3006.084000
21,173.285800,-42.104210,32187.500000,0.000000,221.219400,12.000000,90.000000,nan,3000.000000,3006.084000
21,173.310600,-42.084570,32187.500000,0.000000,221.219400,12.000000,90.000000,nan,3000.000000,3006.084000
21,173.335400,-42.064930,32187.500000,0.000000,221.219400,12.000000,90.000000,nan,3000.000000,3006.084000
21,173.360200,-42.045290,32187.500000,0.012530,221.219400,12.000000,90.000000,nan,3000.000000,3006.084000
21,173.385000,-42.025650,32187.500000,0.039880,221.219400,12.000000,90.000000,nan,3000.000000,3006.084000
21,173.409800,-42.006010,32187.500000,0.080070,221.219400,12.000000,90.000000,nan,3000.000000,3006.084000
21,173.434600,-41.986370,32187.500000,0.139850,221.219400,12.000000,90.000000,nan,3000.000000,3006.084000
21,173.459400,-41.966730,32187.500000,0.223190,221.219400,12.000000,90.000000,nan,3000.000000,3006.084000
21,173.484200,-41.947090,32187.500000,0.327370,221.219400,12.000000,90.000000,nan,3000.000000,3006.084000
21,173.509000,-41.927450,32187.500000,0.449630,221.219400,12.000000,90.000000,nan,3000.000000,3006.084000
21,173.533800,-41.907810,32187.500000,0.583080,221.219400,12.000000,90.000000,nan,3000.000000,3006.084000
21,173.558600,-41.888170,32187.500000,0.716360,221.219400,12.000000,90.000000,nan,3000.000000,3006.084000
21,173.583400,-41.868530,32187.500000,0.836780,221.219400,12.000000,90.000000,nan,3000.000000,3006.084000
21,173.608200,-41.848890,32187.500000,0.932560,221.219400,12.000000,90.000000,nan,3000.000000,3006.084000
21,173.633000,-41.829250,32187.500000,0.994040,221.219400,12.000000,90.000000,nan,3000.000000,3006.084000
21,173.657800,-41.809610,32187.500000,1.014640,221.219400,12.000000,90.000000,nan,3000.000000,3006.084000
21,173.682600,-41.789970,32187.500000,0.991400,221.219400,12.000000,90.000000,nan,3000.000000,3006.084000
21,173.707400,-41.770330,32187.500000,0.925450,221.219400,12.000000,90.000000,nan,3000.000000,3006.084000
21,173.732200,-41.750690,32187.500000,0.822010,221.219400,12.000000,90.000000,nan,3000.000000,3006.084000
21,173.757000,-41.731050,32187.500000,0.690170,221.219400,12.000000,90.000000,nan,3000.000000,3006.084000
21,173.781800,-41.711410,32187.500000,0.542130,221.219400,12.000000,90.000000,nan,3000.000000,3006.084000
21,173.806600,-41.691770,32187.500000,0.392050,221.219400,12.000000,90.000000,nan,3000.000000,3006.084000
21,173.831400,-41.672130,32187.500000,0.254340,221.219400,12.000000,90.000000,nan,3000.000000,3006.084000
21,173.856200,-41.652490,32187.500000,0.140860,221.219400,12.000000,90.000000,nan,3000.000000,3006.084000
21,173.881000,-41.632850,32187.500000,0.058730,221.219400,12.000000,90.000000,nan,3000.000000,3006.084000
21,173.905800,-41.613210,32187.500000,0.013440,221.219400,12.000000,90.000000,nan,3000.000000,3006.084000
21,173.930600,-41.593570,32187.500000,0.000000,221.219400,12.000000,90.000000,nan,3000.000000,3006.084000
21,173.955400,-41.573930,32187.500000,0.000000,221.219400,12.000000,90.000000,nan,3000.000000,3006.084000
21,173.980200,-41.554290,32187.500000,0.000000,221.219400,12.000000,90.000000,nan,3000.000000,3006.084000
21,174.005000,-41.534650,32187.500000,0.000000,221.219400,12.000000,90.000000,nan,3000.000000,3006.084000
21,174.029800,-41.515010,32187.500000,0.000000,221.219400,12.000000,90.000000,nan,3000.000000,3006.084000
21,174.054600,-41.495370,32187.500000,0.000000,221.219400,12.000000,90.000000,nan,3000.000000,3006.084000
21,174.079400,-41.475730,32187.500000,0.000000,221.219400,12.000000,90.000000,nan,3000.000000,3006.084000
21,174.104200,-41.456090,32187.500000,0.000000,221.219400,12.000000,90.000000,nan,3000.000000,3006.084000
21,174.129000,-41.436450,32187.500000,0.000000,221.219400,12.000000,90.000000,nan,3000.000000,3006.084000
21,174.153800,-41.416810,32187.500000,0.000000,221.219400,12.000000,90.000000,nan,3000.000000,3006.084000
21,174.178600,-41.397170,32187.500000,0.000000,221.219400,12.000000,90.000000,nan,3000.000000,3006.084000
21,174.203400,-41.377530,32187.500000,0.000000,221.219400,12.000000,90.000000,nan,3000.000000,3006.084000
21,172.962400,-42.321730,32812.500000,0.000000,221.219400,12.000000,90.000000,nan,3000.000000,3006.084000
21,172.987200,-42.302090,32812.500000,0.000000,221.219400,12.000000,90.000000,nan,3000.000000,3006.084000
21,173.012000,-42.282450,32812.500000,0.000000,221.219400,12.000000,90.000000,nan,3000.000000,3006.084000
21,173.036800,-42.262810,32812.500000,0.000000,221.219400,12.000000,90.000000,nan,3000.000000,3006.084000
21,173.061600,-42.243170,32812.500000,0.000000,221.219400,12.000000,90.000000,nan,3000.000000,3006.084000
21,173.086400,-42.223530,32812.500000,0.000000,221.219400,12.000000,90.000000,nan,3000.000000,3006.084000
21,173.111200,-42.203890,32812.500000,0.000000,221.219400,12.000000,90.000000,nan,3000.000000,3006.084000
21,173.136000,-42.184250,32812.500000,0.000000,221.219400,12.000000,90.000000,nan,3000.000000,3006.084000
21,173.160800,-42.164610,32812.500000,0.000000,221.219400,12.000000,90.000000,nan,3000.000000,3006.084000
21,173.185600,-42.144970,32812.500000,0.000000,221.219400,12.000000,90.000000,nan,3000.000000,3006.084000
21,173.210400,-42.125330,32812.500000,0.000000,221.219400,12.000000,90.000000,nan,3000.000000,3006.084000
21,173.235200,-42.105690,32812.500000,0.000000,221.219400,12.000000,90.000000,nan,3000.000000,3006.084000
21,173.260000,-42.086050,32812.500000,0.000000,221.219400,12.000000,90.000000,nan,3000.000000,3006.084000
21,173.284800,-42.066410,32812.500000,0.000000,221.219400,12.000000,90.000000,nan,3000.000000,3006.084000
21,173.309600,-42.046770,32812.500000,0.000000,221.219400,12.000000,90.000000,nan,3000.000000,3006.084000
21,173.334400,-42.027130,32812.500000,0.000000,221.219400,12.000000,90.000000,nan,3000.000000,3006.084000
21,173.359200,-42.007490,32812.500000,0.000000,221.219400,12.000000,90.000000,nan,3000.000000,3006.084000
21,173.384000,-41.987850,32812.500000,0.000000,221.219400,12.000000,90.000000,nan,3000.000000,3006.084000
21,173.408800,-41.968210,32812.500000,0.014040,221.219400,12.000000,90.000000,nan,3000.000000,3006.084000
21,173.433600,-41.948570,32812.500000,0.048190,221.219400,12.000000,90.000000,nan,3000.000000,3006.084000
21,173.458400,-41.928930,32812.500000,0.097670,221.219400,12.000000,90.000000,nan,3000.000000,3006.084000
21,173.483200,-41.909290,32812.500000,0.165050,221.219400,12.000000,90.000000,nan,3000.000000,3006.084000
21,173.508000,-41.889650,32812.500000,0.246050,221.219400,12.000000,90.000000,nan,3000.000000,3006.084000
21,173.532800,-41.870010,32812.500000,0.329880,221.219400,12.000000,90.000000,nan,3000.000000,3006.084000
21,173.557600,-41.850370,32812.500000,0.405750,221.219400,12.000000,90.000000,nan,3000.000000,3006.084000
21,173.582400,-41.830730,32812.500000,0.465100,221.219400,12.000000,90.000000,nan,3000.000000,3006.084000
21,173.607200,-41.811090,32812.500000,0.501950,221.219400,12.000000,90.000000,nan,3000.000000,3006.084000
21,173.632000,-41.791450,32812.500000,0.512880,221.219400,12.000000,90.000000,nan,3000.000000,3006.084000
21,173.656800,-41.771810,32812.500000,0.496950,221.219400,12.000000,90.000000,nan,3000.000000,3006.084000
21,173.681600,-41.752170,32812.500000,0.455750,221.219400,12.000000,90.000000,nan,3000.000000,3006.084000
21,173.706400,-41.732530,32812.500000,0.393260,221.219400,12.000000,90.000000,nan,3000.000000,3006.084000
21,173.731200,-41.712890,32812.500000,0.315740,221.219400,12.000000,90.000000,nan,3000.000000,3006.084000
21,173.756000,-41.693250,32812.500000,0.231460,221.219400,12.000000,90.000000,nan,3000.000000,3006.084000
21,173.780800,-41.673610,32812.500000,0.150350,221.219400,12.000000,90.000000,nan,3000.000000,3006.084000
21,173.805600,-41.653970,32812.500000,0.082820,221.219400,12.000000,90.000000,nan,3000.000000,3006.084000
21,173.830400,-41.634330,32812.500000,0.036050,221.219400,12.000000,90.000000,nan,3000.000000,3006.084000
21,173.855200,-41.614690,32812.500000,0.007570,221.219400,12.000000,90.000000,nan,3000.000000,3006.084000
21,173.880000,-41.595050,32812.500000,0.000000,221.219400,12.000000,90.000000,nan,3000.000000,3006.084000
21,173.904800,-41.575410,32812.500000,0.000000,221.219400,12.000000,90.000000,nan,3000.000000,3006.084000
21,173.929600,-41.555770,32812.500000,0.000000,221.219400,12.000000,90.000000,nan,3000.000000,3006.084000
21,173.954400,-41.536130,32812.500000,0.000000,221.219400,12.000000,90.000000,nan,3000.000000,3006.084000
21,173.979200,-41.516490,32812.500000,0.000000,221.219400,12.000000,90.000000,nan,3000.000000,3006.084000
21,174.004000,-41.496850,32812.500000,0.000000,221.219400,12.000000,90.000000,nan,3000.000000,3006.084000
21,174.028800,-41.477210,32812.500000,0.000000,221.219400,12.000000,90.000000,nan,3000.000000,3006.084000
21,174.053600,-41.457570,32812.500000,0.000000,221.219400,12.000000,90.000000,nan,3000.000000,3006.084000
21,174.078400,-41.437930,32812.500000,0.000000,221.219400,12.000000,90.000000,nan,3000.000000,3006.084000
21,174.103200,-41.418290,32812.500000,0.000000,221.219400,12.000000,90.000000,nan,3000.000000,3006.084000
21,174.128000,-41.398650,32812.500000,0.000000,221.219400,12.000000,90.000000,nan,3000.000000,3006.084000
21,174.152800,-41.379010,32812.500000,0.000000,221.219400,12.000000,90.000000,nan,3000.000000,3006.084000
21,174.177600,-41.359370,32812.500000,0.000000,221.219400,12.000000,90.000000,nan,3000.000000,3006.084000
21,172.936600,-42.303570,33437.500000,0.000000,221.219400,12.000000,90.000000,nan,3000.000000,3006.084000
21,172.961400,-42.283930,33437.500000,0.000000,221.219400,12.000000,90.000000,nan,3000.000000,3006.084000
21,172.986200,-42.264290,33437.500000,0.000000,221.219400,12.000000,90.000000,nan,3000.000000,3006.084000
21,173.011000,-42.244650,33437.500000,0.000000,221.219400,12.000000,90.000000,nan,3000.000000,3006.084000
21,173.035800,-42.225010,33437.500000,0.000000,221.219400,12.000000,90.000000,nan,3000.000000,3006.084000
21,173.060600,-42.205370,33437.500000,0.000000,221.219400,12.000000,90.000000,nan,3000.000000,3006.084000
21,173.085400,-42.185730,33437.500000,0.000000,221.219400,12.000000,90.000000,nan,3000.000000,3006.084000
21,173.110200,-42.166090,33437.500000,0.000000,221.219400,12.000000,90.000000,nan,3000.000000,3006.084000
21,173.135000,-42.146450,33437.500000,0.000000,221.219400,12.000000,90.000000,nan,3000.000000,3006.084000
21,173.159800,-42.126810,33437.500000,0.000000,221.219400,12.000000,90.000000,nan,3000.000000,3006.084000
21,173.184600,-42.107170,33437.500000,0.000000,221.219400,12.000000,90.000000,nan,3000.000000,3006.084000
21,173.209400,-42.087530,33437.500000,0.000000,221.219400,12.000000,90.000000,nan,3000.000000,3006.084000
21,173.234200,-42.067890,33437.500000,0.000000,221.219400,12.000000,90.000000,nan,3000.000000,3006.084000
21,173.259000,-42.048250,33437.500000,0.000000,221.219400,12.000000,90.000000,nan,3000.000000,3006.084000
21,173.283800,-42.028610,33437.500000,0.000000,221.219400,12.000000,90.000000,nan,3000.000000,3006.084000
21,173.308600,-42.008970,33437.500000,0.000000,221.219400,12.000000,90.000000,nan,3000.000000,3006.084000
21,173.333400,-41.989330,33437.500000,0.000000,221.219400,12.000000,90.000000,nan,3000.000000,3006.084000
21,173.358200,-41.969690,33437.500000,0.000000,221.219400,12.000000,90.000000,nan,3000.000000,3006.084000
21,173.383000,-41.950050,33437.500000,0.000000,221.219400,12.000000,90.000000,nan,3000.000000,3006.084000
21,173.407800,-41.930410,33437.500000,0.000000,221.219400,12.000000,90.000000,nan,3000.000000,3006.084000
21,173.432600,-41.910770,33437.500000,0.000000,221.219400,12.000000,90.000000,nan,3000.000000,3006.084000
21,173.457400,-41.891130,33437.500000,0.014830,221.219400,12.000000,90.000000,nan,3000.000000,3006.084000
21,173.482200,-41.871490,33437.500000,0.044030,221.219400,12.000000,90.000000,nan,3000.000000,3006.084000
21,173.507000,-41.851850,33437.500000,0.077980,221.219400,12.000000,90.000000,nan,3000.000000,3006.084000
21,173.531800,-41.832210,33437.500000,0.109430,221.219400,12.000000,90.000000,nan,3000.000000,3006.084000
21,173.556600,-41.812570,33437.500000,0.133820,221.219400,12.000000,90.000000,nan,3000.000000,3006.084000
21,173.581400,-41.792930,33437.500000,0.148570,221.219400,12.000000,90.000000,nan,3000.000000,3006.084000
21,173.606200,-41.773290,33437.500000,0.152490,221.219400,12.000000,90.000000,nan,3000.000000,3006.084000
21,173.631000,-41.753650,33437.500000,0.145550,221.219400,12.000000,90.000000,nan,3000.000000,3006.084000
21,173.655800,-41.734010,33437.500000,0.128730,221.219400,12.000000,90.000000,nan,3000.000000,3006.084000
21,173.680600,-41.714370,33437.500000,0.103950,221.219400,12.000000,90.000000,nan,3000.000000,3006.084000
21,173.705400,-41.694730,33437.500000,0.074090,221.219400,12.000000,90.000000,nan,3000.000000,3006.084000
21,173.730200,-41.675090,33437.500000,0.043030,221.219400,12.000000,90.000000,nan,3000.000000,3006.084000
21,173.755000,-41.655450,33437.500000,0.016050,221.219400,12.000000,90.000000,nan,3000.000000,3006.084000
21,173.779800,-41.635810,33437.500000,0.000000,221.219400,12.000000,90.000000,nan,3000.000000,3006.084000
21,173.804600,-41.616170,33437.500000,0.000000,221.219400,12.000000,90.000000,nan,3000.000000,3006.084000
21,173.829400,-41.596530,33437.500000,0.000000,221.219400,12.000000,90.000000,nan,3000.000000,3006.084000
21,173.854200,-41.576890,33437.500000,0.000000,221.219400,12.000000,90.000000,nan,3000.000000,3006.084000
21,173.879000,-41.557250,33437.500000,0.000000,221.219400,12.000000,90.000000,nan,3000.000000,3006.084000
21,173.903800,-41.537610,33437.500000,0.000000,221.219400,12.000000,90.000000,nan,3000.000000,3006.084000
21,173.928600,-41.517970,33437.500000,0.000000,221.219400,12.000000,90.000000,nan,3000.000000,3006.084000
21,173.953400,-41.498330,33437.500000,0.000000,221.219400,12.000000,90.000000,nan,3000.000000,3006.084000
21,173.978200,-41.478690,33437.500000,0.000000,221.219400,12.000000,90.000000,nan,3000.000000,3006.084000
21,174.003000,-41.459050,33437.500000,0.000000,221.219400,12.000000,90.000000,nan,3000.000000,3006.084000
21,174.027800,-41.439410,33437.500000,0.000000,221.219400,12.000000,90.000000,nan,3000.000000,3006.084000
21,174.052600,-41.419770,33437.500000,0.000000,221.219400,12.000000,90.000000,nan,3000.000000,3006.084000
21,174.077400,-41.400130,33437.500000,0.000000,221.219400,12.000000,90.000000,nan,3000.000000,3006.084000
21,174.102200,-41.380490,33437.500000,0.000000,221.219400,12.000000,90.000000,nan,3000.000000,3006.084000
21,174.127000,-41.360850,33437.500000,0.000000,221.219400,12.000000,90.000000,nan,3000.000000,3006.084000
21,174.151800,-41.341210,33437.500000,0.000000,221.219400,12.000000,90.000000,nan,3000.000000,3006.084000
21,172.910800,-42.285410,34062.500000,0.000000,221.219400,12.000000,90.000000,nan,3000.000000,3006.084000
21,172.935600,-42.265770,34062.500000,0.000000,221.219400,12.000000,90.000000,nan,3000.000000,3006.084000
21,172.960400,-42.246130,34062.500000,0.000000,221.219400,12.000000,90.000000,nan,3000.000000,3006.084000
21,172.985200,-42.226490,34062.500000,0.000000,221.219400,12.000000,90.000000,nan,3000.000000,3006.084000
21,173.010000,-42.206850,34062.500000,0.000000,221.219400,12.000000,90.000000,nan,3000.000000,3006.084000
21,173.034800,-42.187210,34062.500000,0.000000,221.219400,12.000000,90.000000,nan,3000.000000,3006.084000
21,173.059600,-42.167570,34062.500000,0.000000,221.219400,12.000000,90.000000,nan,3000.000000,3006.084000
21,173.084400,-42.147930,34062.500000,0.000000,221.219400,12.000000,90.000000,nan,3000.000000,3006.084000
21,173.109200,-42.128290,34062.500000,0.000000,221.219400,12.000000,90.000000,nan,3000.000000,3006.084000
21,173.134000,-42.108650,34062.500000,0.000000,221.219400,12.000000,90.000000,nan,3000.000000,3006.084000
21,173.158800,-42.089010,34062.500000,0.000000,221.219400,12.000000,90.000000,nan,3000.000000,3006.084000
21,173.183600,-42.069370,34062.500000,0.000000,221.219400,12.000000,90.000000,nan,3000.000000,3006.084000
21,173.208400,-42.049730,34062.500000,0.000000,221.219400,12.000000,90.000000,nan,3000.000000,3006.084000
21,173.233200,-42.030090,34062.500000,0.000000,221.219400,12.000000,90.000000,nan,3000.000000,3006.084000
21,173.258000,-42.010450,34062.500000,0.000000,221.219400,12.000000,90.000000,nan,3000.000000,3006.084000
21,173.282800,-41.990810,34062.500000,0.000000,221.219400,12.000000,90.000000,nan,3000.000000,3006.084000
21,173.307600,-41.971170,34062.500000,0.000000,221.219400,12.000000,90.000000,nan,3000.000000,3006.084000
21,173.332400,-41.951530,34062.500000,0.000000,221.219400,12.000000,90.000000,nan,3000.000000,3006.084000
21,173.357200,-41.931890,34062.500000,0.000000,221.219400,12.000000,90.000000,nan,3000.000000,3006.084000
21,173.382000,-41.912250,34062.500000,0.000000,221.219400,12.000000,90.000000,nan,3000.000000,3006.084000
21,173.406800,-41.892610,34062.500000,0.000000,221.219400,12.000000,90.000000,nan,3000.000000,3006.084000
21,173.431600,-41.872970,34062.500000,0.000000,221.219400,12.000000,90.000000,nan,3000.000000,3006.084000
21,173.456400,-41.853330,34062.500000,0.000000,221.219400,12.000000,90.000000,nan,3000.000000,3006.084000
21,173.481200,-41.833690,34062.500000,0.000000,221.219400,12.000000,90.000000,nan,3000.000000,3006.084000
21,173.506000,-41.814050,34062.500000,0.000000,221.219400,12.000000,90.000000,nan,3000.000000,3006.084000
21,173.530800,-41.794410,34062.500000,0.000000,221.219400,12.000000,90.000000,nan,3000.000000,3006.084000
21,173.555600,-41.774770,34062.500000,0.000000,221.219400,12.000000,90.000000,nan,3000.000000,3006.084000
21,173.580400,-41.755130,34062.500000,0.000000,221.219400,12.000000,90.000000,nan,3000.000000,3006.084000
21,173.605200,-41.735490,34062.500000,0.000000,221.219400,12.000000,90.000000,nan,3000.000000,3006.084000
21,173.630000,-41.715850,34062.500000,0.000000,221.219400,12.000000,90.000000,nan,3000.000000,3006.084000
21,173.654800,-41.696210,34062.500000,0.000000,221.219400,12.000000,90.000000,nan,3000.000000,3006.084000
21,173.679600,-41.676570,34062.500000,0.000000,221.219400,12.000000,90.000000,nan,3000.000000,3006.084000
21,173.704400,-41.656930,34062.500000,0.000000,221.219400,12.000000,90.000000,nan,3000.000000,3006.084000
21,173.729200,-41.637290,34062.500000,0.000000,221.219400,12.000000,90.000000,nan,3000.000000,3006.084000
21,173.754000,-41.617650,34062.500000,0.000000,221.219400,12.000000,90.000000,nan,3000.000000,3006.084000
21,173.778800,-41.598010,34062.500000,0.000000,221.219400,12.000000,90.000000,nan,3000.000000,3006.084000
21,173.803600,-41.578370,34062.500000,0.000000,221.219400,12.000000,90.000000,nan,3000.000000,3006.084000
21,173.828400,-41.558730,34062.500000,0.000000,221.219400,12.000000,90.000000,nan,3000.000000,3006.084000
21,173.853200,-41.539090,34062.500000,0.000000,221.219400,12.000000,90.000000,nan,3000.000000,3006.084000
21,173.878000,-41.519450,34062.500000,0.000000,221.219400,12.000000,90.000000,nan,3000.000000,3006.084000
21,173.902800,-41.499810,34062.500000,0.000000,221.219400,12.000000,90.000000,nan,3000.000000,3006.084000
21,173.927600,-41.480170,34062.500000,0.000000,221.219400,12.000000,90.000000,nan,3000.000000,3006.084000
21,173.952400,-41.460530,34062.500000,0.000000,221.219400,12.000000,90.000000,nan,3000.000000,3006.084000
21,173.977200,-41.440890,34062.500000,0.000000,221.219400,12.000000,90.000000,nan,3000.000000,3006.084000
21,174.002000,-41.421250,34062.500000,0.000000,221.219400,12.000000,90.000000,nan,3000.000000,3006.084000
21,174.026800,-41.401610,34062.500000,0.000000,221.219400,12.000000,90.000000,nan,3000.000000,3006.084000
21,174.051600,-41.381970,34062.500000,0.000000,221.219400,12.000000,90.000000,nan,3000.000000,3006.084000
21,174.076400,-41.362330,34062.500000,0.000000,221.219400,12.000000,90.000000,nan,3000.000000,3006.084000
21,174.101200,-41.342690,34062.500000,0.000000,221.219400,12.000000,90.000000,nan,3000.000000,3006.084000
21,174.126000,-41.323050,34062.500000,0.000000,221.219400,12.000000,90.000000,nan,3000.000000,3006.084000
21,172.885000,-42.267250,34687.500000,0.000000,221.219400,12.000000,90.000000,nan,3000.000000,3006.084000
21,172.909800,-42.247610,34687.500000,0.000000,221.219400,12.000000,90.000000,nan,3000.000000,3006.084000
21,172.934600,-42.227970,34687.500000,0.000000,221.219400,12.000000,90.000000,nan,3000.000000,3006.084000
21,172.959400,-42.208330,34687.500000,0.000000,221.219400,12.000000,90.000000,nan,3000.000000,3006.084000
21,172.984200,-42.188690,34687.500000,0.000000,221.219400,12.000000,90.000000,nan,3000.000000,3006.084000
21,173.009000,-42.169050,34687.500000,0.000000,221.219400,12.000000,90.000000,nan,3000.000000,3006.084000
21,173.033800,-42.149410,34687.500000,0.000000,221.219400,12.000000,90.000000,nan,3000.000000,3006.084000
21,173.058600,-42.129770,34687.500000,0.000000,221.219400,12.000000,90.000000,nan,3000.000000,3006.084000
21,173.083400,-42.110130,34687.500000,0.000000,221.219400,12.000000,90.000000,nan,3000.000000,3006.084000
21,173.108200,-42.090490,34687.500000,0.000000,221.219400,12.000000,90.000000,nan,3000.000000,3006.084000
21,173.133000,-42.070850,34687.500000,0.000000,221.219400,12.000000,90.000000,nan,3000.000000,3006.084000
21,173.157800,-42.051210,34687.500000,0.000000,221.219400,12.000000,90.000000,nan,3000.000000,3006.084000
21,173.182600,-42.031570,34687.500000,0.000000,221.219400,12.000000,90.000000,nan,3000.000000,3006.084000
21,173.207400,-42.011930,34687.500000,0.000000,221.219400,12.000000,90.000000,nan,3000.000000,3006.084000
21,173.232200,-41.992290,34687.500000,0.000000,221.219400,12.000000,90.000000,nan,3000.000000,3006.084000
21,173.257000,-41.972650,34687.500000,0.000000,221.219400,12.000000,90.000000,nan,3000.000000,3006.084000
21,173.281800,-41.953010,34687.500000,0.000000,221.219400,12.000000,90.000000,nan,3000.000000,3006.084000
21,173.306600,-41.933370,34687.500000,0.000000,221.219400,12.000000,90.000000,nan,3000.000000,3006.084000
21,173.331400,-41.913730,34687.500000,0.000000,221.219400,12.000000,90.000000,nan,3000.000000,3006.084000
21,173.356200,-41.894090,34687.500000,0.000000,221.219400,12.000000,90.000000,nan,3000.000000,3006.084000
21,173.381000,-41.874450,34687.500000,0.000000,221.219400,12.000000,90.000000,nan,3000.000000,3006.084000
21,173.405800,-41.854810,34687.500000,0.000000,221.219400,12.000000,90.000000,nan,3000.000000,3006.084000
21,173.430600,-41.835170,34687.500000,0.000000,221.219400,12.000000,90.000000,nan,3000.000000,3006.084000
21,173.455400,-41.815530,34687.500000,0.000000,221.219400,12.000000,90.000000,nan,3000.000000,3006.084000
21,173.480200,-41.795890,34687.500000,0.000000,221.219400,12.000000,90.000000,nan,3000.000000,3006.084000
21,173.505000,-41.776250,34687.500000,0.000000,221.219400,12.000000,90.000000,nan,3000.000000,3006.084000
21,173.529800,-41.756610,34687.500000,0.000000,221.219400,12.000000,90.000000,nan,3000.000000,3006.084000
21,173.554600,-41.736970,34687.500000,0.000000,221.219400,12.000000,90.000000,nan,3000.000000,3006.084000
21,173.579400,-41.717330,34687.500000,0.000000,221.219400,12.000000,90.000000,nan,3000.000000,3006.084000
21,173.604200,-41.697690,34687.500000,0.000000,221.219400,12.000000,90.000000,nan,3000.000000,3006.084000
21,173.629000,-41.678050,34687.500000,0.000000,221.219400,12.000000,90.000000,nan,3000.000000,3006.084000
21,173.653800,-41.658410,34687.500000,0.000000,221.219400,12.000000,90.000000,nan,3000.000000,3006.084000
21,173.678600,-41.638770,34687.500000,0.000000,221.219400,12.000000,90.000000,nan,3000.000000,3006.084000
21,173.703400,-41.619130,34687.500000,0.000000,221.219400,12.000000,90.000000,nan,3000.000000,3006.084000
21,173.728200,-41.599490,34687.500000,0.000000,221.219400,12.000000,90.000000,nan,3000.000000,3006.084000
21,173.753000,-41.579850,34687.500000,0.000000,221.219400,12.000000,90.000000,nan,3000.000000,3006.084000
21,173.777800,-41.560210,34687.500000,0.000000,221.219400,12.000000,90.000000,nan,3000.000000,3006.084000
21,173.802600,-41.540570,34687.500000,0.000000,221.219400,12.000000,90.000000,nan,3000.000000,3006.084000
21,173.827400,-41.520930,34687.500000,0.000000,221.219400,12.000000,90.000000,nan,3000.000000,3006.084000
21,173.852200,-41.501290,34687.500000,0.000000,221.219400,12.000000,90.000000,nan,3000.000000,3006.084000
21,173.877000,-41.481650,34687.500000,0.000000,221.219400,12.000000,90.000000,nan,3000.000000,3006.084000
21,173.901800,-41.462010,34687.500000,0.000000,221.219400,12.000000,90.000000,nan,3000.000000,3006.084000
21,173.926600,-41.442370,34687.500000,0.000000,221.219400,12.000000,90.000000,nan,3000.000000,3006.084000
21,173.951400,-41.422730,34687.500000,0.000000,221.219400,12.000000,90.000000,nan,3000.000000,3006.084000
21,173.976200,-41.403090,34687.500000,0.000000,221.219400,12.000000,90.000000,nan,3000.000000,3006.084000
21,174.001000,-41.383450,34687.500000,0.000000,221.219400,12.000000,90.000000,nan,3000.000000,3006.084000
21,174.025800,-41.363810,34687.500000,0.000000,221.219400,12.000000,90.000000,nan,3000.000000,3006.084000
21,174.050600,-41.344170,34687.500000,0.000000,221.219400,12.000000,90.000000,nan,3000.000000,3006.084000
21,174.075400,-41.324530,34687.500000,0.000000,221.219400,12.000000,90.000000,nan,3000.000000,3006.084000
21,174.100200,-41.304890,34687.500000,0.000000,221.219400,12.000000,90.000000,nan,3000.000000,3006.084000
31,174.077200,-41.950640,1562.500000,7.339220,223.340000,70.000000,177.177700,nan,2000.000000,3325.556000
31,174.094300,-41.937980,1562.500000,6.988090,223.340000,70.000000,174.359500,nan,2000.000000,3325.556000
31,174.111400,-41.925320,1562.500000,5.925890,223.340000,70.000000,168.752800,nan,2000.000000,3325.556000
31,174.128500,-41.912660,1562.500000,5.341520,223.340000,70.000000,160.610800,nan,2000.000000,3325.556000
31,174.145600,-41.900000,1562.500000,4.714590,223.340000,70.000000,155.024400,nan,2000.000000,3325.556000
31,174.162700,-41.887340,1562.500000,4.431720,223.340000,70.000000,156.236800,nan,2000.000000,3325.556000
31,174.179800,-41.874680,1562.500000,4.903350,223.340000,70.000000,167.791000,nan,2000.000000,3325.556000
31,174.196900,-41.862020,1562.500000,4.355590,223.340000,70.000000,169.359000,nan,2000.000000,3325.556000
31,174.214000,-41.849360,1562.500000,4.347020,223.340000,70.000000,173.953500,nan,2000.000000,3325.556000
31,174.231100,-41.836700,1562.500000,4.726130,223.340000,70.000000,178.630300,nan,2000.000000,3325.556000
31,174.248200,-41.824040,1562.500000,5.081330,223.340000,70.000000,170.953400,nan,2000.000000,3325.556000
31,174.265300,-41.811380,1562.500000,4.877950,223.340000,70.000000,168.757300,nan,2000.000000,3325.556000
31,174.282400,-41.798720,1562.500000,4.125760,223.340000,70.000000,170.700900,nan,2000.000000,3325.556000
31,174.299500,-41.786060,1562.500000,4.641710,223.340000,70.000000,173.038700,nan,2000.000000,3325.556000
31,174.316600,-41.773400,1562.500000,5.056700,223.340000,70.000000,179.462900,nan,2000.000000,3325.556000
31,174.333700,-41.760740,1562.500000,5.878600,223.340000,70.000000,180.000000,nan,2000.000000,3325.556000
31,174.350800,-41.748080,1562.500000,6.267630,223.340000,70.000000,180.000000,nan,2000.000000,3325.556000
31,174.367900,-41.735420,1562.500000,5.917270,223.340000,70.000000,180.000000,nan,2000.000000,3325.556000
31,174.385000,-41.722760,1562.500000,4.571740,223.340000,70.000000,180.000000,nan,2000.000000,3325.556000
31,174.402100,-41.710100,1562.500000,2.478780,223.340000,70.000000,180.000000,nan,2000.000000,3325.556000
31,174.067600,-41.943370,4687.500000,8.151780,223.340000,70.000000,172.964100,nan,2000.000000,3325.556000
31,174.084700,-41.930710,4687.500000,7.569000,223.340000,70.000000,170.475300,nan,2000.000000,3325.556000
31,174.101800,-41.918050,4687.500000,6.801390,223.340000,70.000000,167.633900,nan,2000.000000,3325.556000
31,174.118900,-41.905390,4687.500000,6.142530,223.340000,70.000000,164.973800,nan,2000.000000,3325.556000
31,174.136000,-41.892730,4687.500000,5.633170,223.340000,70.000000,163.194800,nan,2000.000000,3325.556000
31,174.153100,-41.880070,4687.500000,5.272090,223.340000,70.000000,162.635100,nan,2000.000000,3325.556000
31,174.170200,-41.867410,4687.500000,4.966810,223.340000,70.000000,162.892400,nan,2000.000000,3325.556000
31,174.187300,-41.854750,4687.500000,4.380640,223.340000,70.000000,161.929400,nan,2000.000000,3325.556000
31,174.204400,-41.842090,4687.500000,3.818670,223.340000,70.000000,162.353700,nan,2000.000000,3325.556000
31,174.221500,-41.829430,4687.500000,3.616200,223.340000,70.000000,164.857000,nan,2000.000000,3325.556000
31,174.238600,-41.816770,4687.500000,3.805130,223.340000,70.000000,165.543700,nan,2000.000000,3325.556000
31,174.255700,-41.804110,4687.500000,3.863440,223.340000,70.000000,164.196400,nan,2000.000000,3325.556000
31,174.272800,-41.791450,4687.500000,3.391230,223.340000,70.000000,160.894200,nan,2000.000000,3325.556000
31,174.289900,-41.778790,4687.500000,2.590040,223.340000,70.000000,157.277700,nan,2000.000000,3325.556000
31,174.307000,-41.766130,4687.500000,1.940490,223.340000,70.000000,160.669300,nan,2000.000000,3325.556000
31,174.324100,-41.753470,4687.500000,1.888810,223.340000,70.000000,171.133900,nan,2000.000000,3325.556000
31,174.341200,-41.740810,4687.500000,2.070920,223.340000,70.000000,178.027400,nan,2000.000000,3325.556000
31,174.358300,-41.728150,4687.500000,2.041830,223.340000,70.000000,180.000000,nan,2000.000000,3325.556000
31,174.375400,-41.715490,4687.500000,1.622650,223.340000,70.000000,180.000000,nan,2000.000000,3325.556000
31,174.392500,-41.702830,4687.500000,0.886380,223.340000,70.000000,180.000000,nan,2000.000000,3325.556000
31,174.058000,-41.936100,7812.500000,3.822300,223.340000,70.000000,170.793500,nan,2000.000000,3325.556000
31,174.075100,-41.923440,7812.500000,3.422710,223.340000,70.000000,169.581600,nan,2000.000000,3325.556000
31,174.092200,-41.910780,7812.500000,3.053820,223.340000,70.000000,168.544700,nan,2000.000000,3325.556000
31,174.109300,-41.898120,7812.500000,2.746000,223.340000,70.000000,167.674100,nan,2000.000000,3325.556000
31,174.126400,-41.885460,7812.500000,2.496560,223.340000,70.000000,166.759500,nan,2000.000000,3325.556000
31,174.143500,-41.872800,7812.500000,2.274550,223.340000,70.000000,165.440400,nan,2000.000000,3325.556000
31,174.160600,-41.860140,7812.500000,2.038500,223.340000,70.000000,163.349900,nan,2000.000000,3325.556000
31,174.177700,-41.847480,7812.500000,1.765170,223.340000,70.000000,160.314500,nan,2000.000000,3325.556000
31,174.194800,-41.834820,7812.500000,1.519120,223.340000,70.000000,157.298100,nan,2000.000000,3325.556000
31,174.211900,-41.822160,7812.500000,1.379780,223.340000,70.000000,155.294400,nan,2000.000000,3325.556000
31,174.229000,-41.809500,7812.500000,1.340230,223.340000,70.000000,153.293500,nan,2000.000000,3325.556000
31,174.246100,-41.796840,7812.500000,1.271030,223.340000,70.000000,148.856100,nan,2000.000000,3325.556000
31,174.263200,-41.784180,7812.500000,1.058110,223.340000,70.000000,139.354500,nan,2000.000000,3325.556000
31,174.280300,-41.771520,7812.500000,0.750610,223.340000,70.000000,122.398200,nan,2000.000000,3325.556000
31,174.297400,-41.758860,7812.500000,0.486160,223.340000,70.000000,101.325600,nan,2000.000000,3325.556000
31,174.314500,-41.746200,7812.500000,0.282240,223.340000,70.000000,90.000000,nan,2000.000000,3325.556000
31,174.331600,-41.733540,7812.500000,0.124360,223.340000,70.000000,101.362100,nan,2000.000000,3325.556000
31,174.348700,-41.720880,7812.500000,0.072700,223.340000,70.000000,155.596700,nan,2000.000000,3325.556000
31,174.365800,-41.708220,7812.500000,0.069810,223.340000,70.000000,180.000000,nan,2000.000000,3325.556000
31,174.382900,-41.695560,7812.500000,0.038110,223.340000,70.000000,180.000000,nan,2000.000000,3325.556000
32,173.988400,-41.973250,1562.500000,4.070790,255.793200,70.000000,180.000000,nan,2025.000000,3325.556000
32,174.012200,-41.969400,1562.500000,4.147870,255.793200,70.000000,180.000000,nan,2025.000000,3325.556000
32,174.036000,-41.965550,1562.500000,4.842820,255.793200,70.000000,180.000000,nan,2025.000000,3325.556000
32,174.059800,-41.961700,1562.500000,6.145530,255.793200,70.000000,179.554800,nan,2025.000000,3325.556000
32,173.985500,-41.963250,4687.500000,10.125220,255.793200,70.000000,179.773200,nan,2025.000000,3325.556000
32,174.009300,-41.959400,4687.500000,9.509810,255.793200,70.000000,178.778800,nan,2025.000000,3325.556000
32,174.033100,-41.955550,4687.500000,8.858050,255.793200,70.000000,177.057100,nan,2025.000000,3325.556000
32,174.056900,-41.951700,4687.500000,8.441260,255.793200,70.000000,175.080300,nan,2025.000000,3325.556000
32,173.982600,-41.953250,7812.500000,6.033530,255.793200,70.000000,176.688800,nan,2025.000000,3325.556000
32,174.006400,-41.949400,7812.500000,5.474340,255.793200,70.000000,175.560300,nan,2025.000000,3325.556000
32,174.030200,-41.945550,7812.500000,4.819300,255.793200,70.000000,173.899600,nan,2025.000000,3325.556000
32,174.054000,-41.941700,7812.500000,4.252330,255.793200,70.000000,172.186800,nan,2025.000000,3325.556000
33,173.889400,-42.026970,1250.000000,5.726820,230.013100,60.000000,162.549400,nan,1916.797000,2886.751000
33,173.907700,-42.016370,1250.000000,6.085110,230.013100,60.000000,172.721900,nan,1916.797000,2886.751000
33,173.926000,-42.005770,1250.000000,5.887950,230.013100,60.000000,178.163000,nan,1916.797000,2886.751000
33,173.944300,-41.995170,1250.000000,5.300940,230.013100,60.000000,180.000000,nan,1916.797000,2886.751000
33,173.962600,-41.984570,1250.000000,4.624350,230.013100,60.000000,180.000000,nan,1916.797000,2886.751000
33,173.878700,-42.016720,3750.000000,8.773480,230.013100,60.000000,165.427000,nan,1916.797000,2886.751000
33,173.897000,-42.006120,3750.000000,9.714030,230.013100,60.000000,171.556400,nan,1916.797000,2886.751000
33,173.915300,-41.995520,3750.000000,10.294520,230.013100,60.000000,175.692300,nan,1916.797000,2886.751000
33,173.933600,-41.984920,3750.000000,10.605360,230.013100,60.000000,178.276300,nan,1916.797000,2886.751000
33,173.951900,-41.974320,3750.000000,10.676190,230.013100,60.000000,179.555100,nan,1916.797000,2886.751000
33,173.868000,-42.006470,6250.000000,7.958780,230.013100,60.000000,166.205100,nan,1916.797000,2886.751000
33,173.886300,-41.995870,6250.000000,8.873200,230.013100,60.000000,170.563300,nan,1916.797000,2886.751000
33,173.904600,-41.985270,6250.000000,9.511320,230.013100,60.000000,173.762600,nan,1916.797000,2886.751000
33,173.922900,-41.974670,6250.000000,9.880270,230.013100,60.000000,175.885000,nan,1916.797000,2886.751000
33,173.941200,-41.964070,6250.000000,9.921000,230.013100,60.000000,176.854200,nan,1916.797000,2886.751000
33,173.857300,-41.996220,8750.000000,3.558100,230.013100,60.000000,164.937400,nan,1916.797000,2886.751000
33,173.875600,-41.985620,8750.000000,3.930810,230.013100,60.000000,168.271700,nan,1916.797000,2886.751000
33,173.893900,-41.975020,8750.000000,4.164120,230.013100,60.000000,170.737000,nan,1916.797000,2886.751000
33,173.912200,-41.964420,8750.000000,4.242100,230.013100,60.000000,172.309600,nan,1916.797000,2886.751000
33,173.930500,-41.953820,8750.000000,4.139670,230.013100,60.000000,172.850200,nan,1916.797000,2886.751000
34,173.842900,-42.067060,961.540000,5.149950,216.964300,55.000000,106.492700,nan,1917.123000,2347.644000
34,173.857500,-42.053670,961.540000,4.829580,216.964300,55.000000,123.824300,nan,1917.123000,2347.644000
34,173.872100,-42.040280,961.540000,5.084360,216.964300,55.000000,145.642400,nan,1917.123000,2347.644000
34,173.830300,-42.059410,2884.620000,5.882190,216.964300,55.000000,132.672900,nan,1917.123000,2347.644000
34,173.844900,-42.046020,2884.620000,6.520260,216.964300,55.000000,144.728500,nan,1917.123000,2347.644000
34,173.859500,-42.032630,2884.620000,7.552320,216.964300,55.000000,156.405100,nan,1917.123000,2347.644000
34,173.817700,-42.051760,4807.690000,6.599110,216.964300,55.000000,144.686300,nan,1917.123000,2347.644000
34,173.832300,-42.038370,4807.690000,7.720400,216.964300,55.000000,152.822400,nan,1917.123000,2347.644000
34,173.846900,-42.024980,4807.690000,9.115510,216.964300,55.000000,160.220700,nan,1917.123000,2347.644000
34,173.805100,-42.044110,6730.770000,4.721580,216.964300,55.000000,148.937400,nan,1917.123000,2347.644000
34,173.819700,-42.030720,6730.770000,5.608680,216.964300,55.000000,155.074000,nan,1917.123000,2347.644000
34,173.834300,-42.017330,6730.770000,6.612400,216.964300,55.000000,160.490900,nan,1917.123000,2347.644000
34,173.792500,-42.036460,8653.850000,2.259660,216.964300,55.000000,149.182800,nan,1917.123000,2347.644000
34,173.807100,-42.023070,8653.850000,2.683620,216.964300,55.000000,154.349400,nan,1917.123000,2347.644000
34,173.821700,-42.009680,8653.850000,3.131630,216.964300,55.000000,158.759000,nan,1917.123000,2347.644000