segment,lon (deg),lat (deg),depth (m),slip (m),strike (deg),dip (deg),rake (deg),rupturetime (s),length (m),width (m)
1,174.672000,-41.460500,0.000000,0.000000,234.000000,74.900000,180.000000,nan,1000.000000,1035.762000
1,174.670200,-41.458500,1000.000000,0.000000,234.000000,74.900000,180.000000,nan,1000.000000,1035.762000
1,174.668400,-41.456500,2000.000000,0.000000,234.000000,74.900000,180.000000,nan,1000.000000,1035.762000
1,174.666500,-41.454500,3000.000000,0.000000,234.000000,74.900000,180.000000,nan,1000.000000,1035.762000
1,174.664700,-41.452500,4000.000000,0.000000,234.000000,74.900000,180.000000,nan,1000.000000,1035.762000
1,174.662900,-41.450500,5000.000000,0.000000,234.000000,74.900000,180.000000,nan,1000.000000,1035.762000
1,174.661100,-41.448400,6000.000000,0.000000,234.000000,74.900000,180.000000,nan,1000.000000,1035.762000
1,174.659300,-41.446400,7000.000000,0.000000,234.000000,74.900000,180.000000,nan,1000.000000,1035.762000
1,174.657400,-41.444400,8000.000000,0.000000,234.000000,74.900000,180.000000,nan,1000.000000,1035.762000
1,174.655600,-41.442400,9000.000000,0.000000,234.000000,74.900000,180.000000,nan,1000.000000,1035.762000
1,174.653800,-41.440400,10000.000000,0.000000,234.000000,74.900000,180.000000,nan,1000.000000,1035.762000
1,174.652000,-41.438400,11000.000000,0.000000,234.000000,74.900000,180.000000,nan,1000.000000,1035.762000
1,174.650100,-41.436400,12000.000000,0.000000,234.000000,74.900000,180.000000,nan,1000.000000,1035.762000
1,174.648300,-41.434400,13000.000000,0.000000,234.000000,74.900000,180.000000,nan,1000.000000,1035.762000
1,174.646500,-41.432400,14000.000000,0.000000,234.000000,74.900000,180.000000,nan,1000.000000,1035.762000
1,174.644700,-41.430400,15000.000000,0.000000,234.000000,74.900000,180.000000,nan,1000.000000,1035.762000
1,174.642900,-41.428400,16000.000000,0.000000,234.000000,74.900000,180.000000,nan,1000.000000,1035.762000
1,174.641000,-41.426400,17000.000000,0.000000,234.000000,74.900000,180.000000,nan,1000.000000,1035.762000
1,174.639200,-41.424400,18000.000000,0.000000,234.000000,74.900000,180.000000,nan,1000.000000,1035.762000
1,174.637400,-41.422400,19000.000000,0.000000,234.000000,74.900000,180.000000,nan,1000.000000,1035.762000
1,174.635600,-41.420400,20000.000000,0.000000,234.000000,74.900000,180.000000,nan,1000.000000,1035.762000
1,174.633800,-41.418400,21000.000000,0.000000,234.000000,74.900000,180.000000,nan,1000.000000,1035.762000
1,174.631900,-41.416400,22000.000000,0.000000,234.000000,74.900000,180.000000,nan,1000.000000,1035.762000
1,174.630100,-41.414300,23000.000000,0.000000,234.000000,74.900000,180.000000,nan,1000.000000,1035.762000
1,174.628300,-41.412300,24000.000000,0.000000,234.000000,74.900000,180.000000,nan,1000.000000,1035.762000
1,174.662100,-41.465600,0.000000,0.000000,234.000000,74.900000,180.000000,nan,1000.000000,1035.762000
1,174.660300,-41.463600,1000.000000,0.000000,234.000000,74.900000,180.000000,nan,1000.000000,1035.762000
1,174.658500,-41.461500,2000.000000,0.000000,234.000000,74.900000,180.000000,nan,1000.000000,1035.762000
1,174.656700,-41.459500,3000.000000,0.000000,234.000000,74.900000,180.000000,nan,1000.000000,1035.762000
1,174.654800,-41.457500,4000.000000,0.000000,234.000000,74.900000,180.000000,nan,1000.000000,1035.762000
1,174.653000,-41.455500,5000.000000,0.000000,234.000000,74.900000,180.000000,nan,1000.000000,1035.762000
1,174.651200,-41.453500,6000.000000,0.000000,234.000000,74.900000,180.000000,nan,1000.000000,1035.762000
1,174.649400,-41.451500,7000.000000,0.000000,234.000000,74.900000,180.000000,nan,1000.000000,1035.762000
1,174.647600,-41.449500,8000.000000,0.000000,234.000000,74.900000,180.000000,nan,1000.000000,1035.762000
1,174.645700,-41.447500,9000.000000,0.000000,234.000000,74.900000,180.000000,nan,1000.000000,1035.762000
1,174.643900,-41.445500,10000.000000,0.000000,234.000000,74.900000,180.000000,nan,1000.000000,1035.762000
1,174.642100,-41.443500,11000.000000,0.000000,234.000000,74.900000,180.000000,nan,1000.000000,1035.762000
1,174.640300,-41.441500,12000.000000,0.000000,234.000000,74.900000,180.000000,nan,1000.000000,1035.762000
1,174.638400,-41.439500,13000.000000,0.000000,234.000000,74.900000,180.000000,nan,1000.000000,1035.762000
1,174.636600,-41.437500,14000.000000,0.000000,234.000000,74.900000,180.000000,nan,1000.000000,1035.762000
1,174.634800,-41.435500,15000.000000,0.000000,234.000000,74.900000,180.000000,nan,1000.000000,1035.762000
1,174.633000,-41.433500,16000.000000,0.000000,234.000000,74.900000,180.000000,nan,1000.000000,1035.762000
1,174.631200,-41.431500,17000.000000,0.000000,234.000000,74.900000,180.000000,nan,1000.000000,1035.762000
1,174.629300,-41.429500,18000.000000,0.000000,234.000000,74.900000,180.000000,nan,1000.000000,1035.762000
1,174.627500,-41.427400,19000.000000,0.000000,234.000000,74.900000,180.000000,nan,1000.000000,1035.762000
1,174.625700,-41.425400,20000.000000,0.000000,234.000000,74.900000,180.000000,nan,1000.000000,1035.762000
1,174.623900,-41.423400,21000.000000,0.000000,234.000000,74.900000,180.000000,nan,1000.000000,1035.762000
1,174.622100,-41.421400,22000.000000,0.000000,234.000000,74.900000,180.000000,nan,1000.000000,1035.762000
1,174.620200,-41.419400,23000.000000,0.000000,234.000000,74.900000,180.000000,nan,1000.000000,1035.762000
1,174.618400,-41.417400,24000.000000,0.000000,234.000000,74.900000,180.000000,nan,1000.000000,1035.762000
1,174.652200,-41.470600,0.000000,0.000000,234.000000,74.900000,180.000000,nan,1000.000000,1035.762000
1,174.650400,-41.468600,1000.000000,0.000000,234.000000,74.900000,180.000000,nan,1000.000000,1035.762000
1,174.648600,-41.466600,2000.000000,0.000000,234.000000,74.900000,180.000000,nan,1000.000000,1035.762000
1,174.646800,-41.464600,3000.000000,0.000000,234.000000,74.900000,180.000000,nan,1000.000000,1035.762000
1,174.645000,-41.462600,4000.000000,0.000000,234.000000,74.900000,180.000000,nan,1000.000000,1035.762000
1,174.643100,-41.460600,5000.000000,0.000000,234.000000,74.900000,180.000000,nan,1000.000000,1035.762000
1,174.641300,-41.458600,6000.000000,0.000000,234.000000,74.900000,180.000000,nan,1000.000000,1035.762000
1,174.639500,-41.456600,7000.000000,0.000000,234.000000,74.900000,180.000000,nan,1000.000000,1035.762000
1,174.637700,-41.454600,8000.000000,0.000000,234.000000,74.900000,180.000000,nan,1000.000000,1035.762000
1,174.635900,-41.452600,9000.000000,0.000000,234.000000,74.900000,180.000000,nan,1000.000000,1035.762000
1,174.634000,-41.450600,10000.000000,0.000000,234.000000,74.900000,180.000000,nan,1000.000000,1035.762000
1,174.632200,-41.448600,11000.000000,0.000000,234.000000,74.900000,180.000000,nan,1000.000000,1035.762000
1,174.630400,-41.446600,12000.000000,0.000000,234.000000,74.900000,180.000000,nan,1000.000000,1035.762000
1,174.628600,-41.444600,13000.000000,0.000000,234.000000,74.900000,180.000000,nan,1000.000000,1035.762000
1,174.626700,-41.442600,14000.000000,0.000000,234.000000,74.900000,180.000000,nan,1000.000000,1035.762000
1,174.624900,-41.440600,15000.000000,0.000000,234.000000,74.900000,180.000000,nan,1000.000000,1035.762000
1,174.623100,-41.438500,16000.000000,0.000000,234.000000,74.900000,180.000000,nan,1000.000000,1035.762000
1,174.621300,-41.436500,17000.000000,0.000000,234.000000,74.900000,180.000000,nan,1000.000000,1035.762000
1,174.619500,-41.434500,18000.000000,0.000000,234.000000,74.900000,180.000000,nan,1000.000000,1035.762000
1,174.617600,-41.432500,19000.000000,0.000000,234.000000,74.900000,180.000000,nan,1000.000000,1035.762000
1,174.615800,-41.430500,20000.000000,0.000000,234.000000,74.900000,180.000000,nan,1000.000000,1035.762000
1,174.614000,-41.428500,21000.000000,0.000000,234.000000,74.900000,180.000000,nan,1000.000000,1035.762000
1,174.612200,-41.426500,22000.000000,0.000000,234.000000,74.900000,180.000000,nan,1000.000000,1035.762000
1,174.610400,-41.424500,23000.000000,0.000000,234.000000,74.900000,180.000000,nan,1000.000000,1035.762000
1,174.608500,-41.422500,24000.000000,0.000000,234.000000,74.900000,180.000000,nan,1000.000000,1035.762000
1,174.642400,-41.475700,0.000000,0.000000,234.000000,74.900000,180.000000,nan,1000.000000,1035.762000
1,174.640500,-41.473700,1000.000000,0.000000,234.000000,74.900000,180.000000,nan,1000.000000,1035.762000
1,174.638700,-41.471700,2000.000000,0.000000,234.000000,74.900000,180.000000,nan,1000.000000,1035.762000
1,174.636900,-41.469700,3000.000000,0.000000,234.000000,74.900000,180.000000,nan,1000.000000,1035.762000
1,174.635100,-41.467700,4000.000000,0.000000,234.000000,74.900000,180.000000,nan,1000.000000,1035.762000
1,174.633300,-41.465700,5000.000000,0.000000,234.000000,74.900000,180.000000,nan,1000.000000,1035.762000
1,174.631400,-41.463700,6000.000000,0.000000,234.000000,74.900000,180.000000,nan,1000.000000,1035.762000
1,174.629600,-41.461700,7000.000000,0.000000,234.000000,74.900000,180.000000,nan,1000.000000,1035.762000
1,174.627800,-41.459700,8000.000000,0.000000,234.000000,74.900000,180.000000,nan,1000.000000,1035.762000
1,174.626000,-41.457700,9000.000000,0.000000,234.000000,74.900000,180.000000,nan,1000.000000,1035.762000
1,174.624100,-41.455700,10000.000000,0.000000,234.000000,74.900000,180.000000,nan,1000.000000,1035.762000
1,174.622300,-41.453700,11000.000000,0.000000,234.000000,74.900000,180.000000,nan,1000.000000,1035.762000
1,174.620500,-41.451600,12000.000000,0.000000,234.000000,74.900000,180.000000,nan,1000.000000,1035.762000
1,174.618700,-41.449600,13000.000000,0.000000,234.000000,74.900000,180.000000,nan,1000.000000,1035.762000
1,174.616900,-41.447600,14000.000000,0.000000,234.000000,74.900000,180.000000,nan,1000.000000,1035.762000
1,174.615000,-41.445600,15000.000000,0.000000,234.000000,74.900000,180.000000,nan,1000.000000,1035.762000
1,174.613200,-41.443600,16000.000000,0.000000,234.000000,74.900000,180.000000,nan,1000.000000,1035.762000
1,174.611400,-41.441600,17000.000000,0.000000,234.000000,74.900000,180.000000,nan,1000.000000,1035.762000
1,174.609600,-41.439600,18000.000000,0.000000,234.000000,74.900000,180.000000,nan,1000.000000,1035.762000
1,174.607800,-41.437600,19000.000000,0.000000,234.000000,74.900000,180.000000,nan,1000.000000,1035.762000
1,174.605900,-41.435600,20000.000000,0.000000,234.000000,74.900000,180.000000,nan,1000.000000,1035.762000
1,174.604100,-41.433600,21000.000000,0.000000,234.000000,74.900000,180.000000,nan,1000.000000,1035.762000
1,174.602300,-41.431600,22000.000000,0.000000,234.000000,74.900000,180.000000,nan,1000.000000,1035.762000
1,174.600500,-41.429600,23000.000000,0.000000,234.000000,74.900000,180.000000,nan,1000.000000,1035.762000
1,174.598700,-41.427600,24000.000000,0.000000,234.000000,74.900000,180.000000,nan,1000.000000,1035.762000
1,174.632500,-41.480800,0.000000,0.000000,234.000000,74.900000,180.000000,nan,1000.000000,1035.762000
1,174.630700,-41.478800,1000.000000,0.000000,234.000000,74.900000,180.000000,nan,1000.000000,1035.762000
1,174.628800,-41.476800,2000.000000,0.000000,234.000000,74.900000,180.000000,nan,1000.000000,1035.762000
1,174.627000,-41.474800,3000.000000,0.000000,234.000000,74.900000,180.000000,nan,1000.000000,1035.762000
1,174.625200,-41.472800,4000.000000,0.000000,234.000000,74.900000,180.000000,nan,1000.000000,1035.762000
1,174.623400,-41.470800,5000.000000,0.000000,234.000000,74.900000,180.000000,nan,1000.000000,1035.762000
1,174.621500,-41.468800,6000.000000,0.000000,234.000000,74.900000,180.000000,nan,1000.000000,1035.762000
1,174.619700,-41.466800,7000.000000,0.000000,234.000000,74.900000,180.000000,nan,1000.000000,1035.762000
1,174.617900,-41.464700,8000.000000,0.000000,234.000000,74.900000,180.000000,nan,1000.000000,1035.762000
1,174.616100,-41.462700,9000.000000,0.000000,234.000000,74.900000,180.000000,nan,1000.000000,1035.762000
1,174.614300,-41.460700,10000.000000,0.000000,234.000000,74.900000,180.000000,nan,1000.000000,1035.762000
1,174.612400,-41.458700,11000.000000,0.000000,234.000000,74.900000,180.000000,nan,1000.000000,1035.762000
1,174.610600,-41.456700,12000.000000,0.000000,234.000000,74.900000,180.000000,nan,1000.000000,1035.762000
1,174.608800,-41.454700,13000.000000,0.000000,234.000000,74.900000,180.000000,nan,1000.000000,1035.762000
1,174.607000,-41.452700,14000.000000,0.000000,234.000000,74.900000,180.000000,nan,1000.000000,1035.762000
1,174.605200,-41.450700,15000.000000,0.000000,234.000000,74.900000,180.000000,nan,1000.000000,1035.762000
1,174.603300,-41.448700,16000.000000,0.000000,234.000000,74.900000,180.000000,nan,1000.000000,1035.762000
1,174.601500,-41.446700,17000.000000,0.000000,234.000000,74.900000,180.000000,nan,1000.000000,1035.762000
1,174.599700,-41.444700,18000.000000,0.000000,234.000000,74.900000,180.000000,nan,1000.000000,1035.762000
1,174.597900,-41.442700,19000.000000,0.000000,234.000000,74.900000,180.000000,nan,1000.000000,1035.762000
1,174.596100,-41.440700,20000.000000,0.000000,234.000000,74.900000,180.000000,nan,1000.000000,1035.762000
1,174.594200,-41.438700,21000.000000,0.000000,234.000000,74.900000,180.000000,nan,1000.000000,1035.762000
1,174.592400,-41.436700,22000.000000,0.000000,234.000000,74.900000,180.000000,nan,1000.000000,1035.762000
1,174.590600,-41.434700,23000.000000,0.000000,234.000000,74.900000,180.000000,nan,1000.000000,1035.762000
1,174.588800,-41.432600,24000.000000,0.000000,234.000000,74.900000,180.000000,nan,1000.000000,1035.762000
1,174.622600,-41.485900,0.000000,0.000000,234.000000,74.900000,180.000000,nan,1000.000000,1035.762000
1,174.620800,-41.483900,1000.000000,0.000000,234.000000,74.900000,180.000000,nan,1000.000000,1035.762000
1,174.618900,-41.481900,2000.000000,0.000000,234.000000,74.900000,180.000000,nan,1000.000000,1035.762000
1,174.617100,-41.479900,3000.000000,0.000000,234.000000,74.900000,180.000000,nan,1000.000000,1035.762000
1,174.615300,-41.477800,4000.000000,0.000000,234.000000,74.900000,180.000000,nan,1000.000000,1035.762000
1,174.613500,-41.475800,5000.000000,0.000000,234.000000,74.900000,180.000000,nan,1000.000000,1035.762000
1,174.611700,-41.473800,6000.000000,0.000000,234.000000,74.900000,180.000000,nan,1000.000000,1035.762000
1,174.609800,-41.471800,7000.000000,0.000000,234.000000,74.900000,180.000000,nan,1000.000000,1035.762000
1,174.608000,-41.469800,8000.000000,0.000000,234.000000,74.900000,180.000000,nan,1000.000000,1035.762000
1,174.606200,-41.467800,9000.000000,0.000000,234.000000,74.900000,180.000000,nan,1000.000000,1035.762000
1,174.604400,-41.465800,10000.000000,0.000000,234.000000,74.900000,180.000000,nan,1000.000000,1035.762000
1,174.602600,-41.463800,11000.000000,0.000000,234.000000,74.900000,180.000000,nan,1000.000000,1035.762000
1,174.600700,-41.461800,12000.000000,0.000000,234.000000,74.900000,180.000000,nan,1000.000000,1035.762000
1,174.598900,-41.459800,13000.000000,0.000000,234.000000,74.900000,180.000000,nan,1000.000000,1035.762000
1,174.597100,-41.457800,14000.000000,0.000000,234.000000,74.900000,180.000000,nan,1000.000000,1035.762000
1,174.595300,-41.455800,15000.000000,0.000000,234.000000,74.900000,180.000000,nan,1000.000000,1035.762000
1,174.593500,-41.453800,16000.000000,0.000000,234.000000,74.900000,180.000000,nan,1000.000000,1035.762000
1,174.591600,-41.451800,17000.000000,0.000000,234.000000,74.900000,180.000000,nan,1000.000000,1035.762000
1,174.589800,-41.449800,18000.000000,0.000000,234.000000,74.900000,180.000000,nan,1000.000000,1035.762000
1,174.588000,-41.447800,19000.000000,0.000000,234.000000,74.900000,180.000000,nan,1000.000000,1035.762000
1,174.586200,-41.445700,20000.000000,0.000000,234.000000,74.900000,180.000000,nan,1000.000000,1035.762000
1,174.584400,-41.443700,21000.000000,0.000000,234.000000,74.900000,180.000000,nan,1000.000000,1035.762000
1,174.582500,-41.441700,22000.000000,0.000000,234.000000,74.900000,180.000000,nan,1000.000000,1035.762000
1,174.580700,-41.439700,23000.000000,0.000000,234.000000,74.900000,180.000000,nan,1000.000000,1035.762000
1,174.578900,-41.437700,24000.000000,0.000000,234.000000,74.900000,180.000000,nan,1000.000000,1035.762000
1,174.612700,-41.491000,0.000000,0.000000,234.000000,74.900000,180.000000,nan,1000.000000,1035.762000
1,174.610900,-41.488900,1000.000000,0.000000,234.000000,74.900000,180.000000,nan,1000.000000,1035.762000
1,174.609100,-41.486900,2000.000000,0.000000,234.000000,74.900000,180.000000,nan,1000.000000,1035.762000
1,174.607200,-41.484900,3000.000000,0.000000,234.000000,74.900000,180.000000,nan,1000.000000,1035.762000
1,174.605400,-41.482900,4000.000000,0.000000,234.000000,74.900000,180.000000,nan,1000.000000,1035.762000
1,174.603600,-41.480900,5000.000000,0.000000,234.000000,74.900000,180.000000,nan,1000.000000,1035.762000
1,174.601800,-41.478900,6000.000000,0.000000,234.000000,74.900000,180.000000,nan,1000.000000,1035.762000
1,174.600000,-41.476900,7000.000000,0.000000,234.000000,74.900000,180.000000,nan,1000.000000,1035.762000
1,174.598100,-41.474900,8000.000000,0.000000,234.000000,74.900000,180.000000,nan,1000.000000,1035.762000
1,174.596300,-41.472900,9000.000000,0.000000,234.000000,74.900000,180.000000,nan,1000.000000,1035.762000
1,174.594500,-41.470900,10000.000000,0.000000,234.000000,74.900000,180.000000,nan,1000.000000,1035.762000
1,174.592700,-41.468900,11000.000000,0.000000,234.000000,74.900000,180.000000,nan,1000.000000,1035.762000
1,174.590900,-41.466900,12000.000000,0.000000,234.000000,74.900000,180.000000,nan,1000.000000,1035.762000
1,174.589000,-41.464900,13000.000000,0.000000,234.000000,74.900000,180.000000,nan,1000.000000,1035.762000
1,174.587200,-41.462900,14000.000000,0.000000,234.000000,74.900000,180.000000,nan,1000.000000,1035.762000
1,174.585400,-41.460900,15000.000000,0.000000,234.000000,74.900000,180.000000,nan,1000.000000,1035.762000
1,174.583600,-41.458800,16000.000000,0.000000,234.000000,74.900000,180.000000,nan,1000.000000,1035.762000
1,174.581800,-41.456800,17000.000000,0.000000,234.000000,74.900000,180.000000,nan,1000.000000,1035.762000
1,174.579900,-41.454800,18000.000000,0.000000,234.000000,74.900000,180.000000,nan,1000.000000,1035.762000
1,174.578100,-41.452800,19000.000000,0.000000,234.000000,74.900000,180.000000,nan,1000.000000,1035.762000
1,174.576300,-41.450800,20000.000000,0.000000,234.000000,74.900000,180.000000,nan,1000.000000,1035.762000
1,174.574500,-41.448800,21000.000000,0.000000,234.000000,74.900000,180.000000,nan,1000.000000,1035.762000
1,174.572700,-41.446800,22000.000000,0.000000,234.000000,74.900000,180.000000,nan,1000.000000,1035.762000
1,174.570800,-41.444800,23000.000000,0.000000,234.000000,74.900000,180.000000,nan,1000.000000,1035.762000
1,174.569000,-41.442800,24000.000000,0.000000,234.000000,74.900000,180.000000,nan,1000.000000,1035.762000
1,174.602800,-41.496000,0.000000,0.000000,234.000000,74.900000,180.000000,nan,1000.000000,1035.762000
1,174.601000,-41.494000,1000.000000,0.000000,234.000000,74.900000,180.000000,nan,1000.000000,1035.762000
1,174.599200,-41.492000,2000.000000,0.000000,234.000000,74.900000,180.000000,nan,1000.000000,1035.762000
1,174.597300,-41.490000,3000.000000,0.000000,234.000000,74.900000,180.000000,nan,1000.000000,1035.762000
1,174.595500,-41.488000,4000.000000,0.000000,234.000000,74.900000,180.000000,nan,1000.000000,1035.762000
1,174.593700,-41.486000,5000.000000,0.000000,234.000000,74.900000,180.000000,nan,1000.000000,1035.762000
1,174.591900,-41.484000,6000.000000,0.000000,234.000000,74.900000,180.000000,nan,1000.000000,1035.762000
1,174.590100,-41.482000,7000.000000,0.000000,234.000000,74.900000,180.000000,nan,1000.000000,1035.762000
1,174.588200,-41.480000,8000.000000,0.000000,234.000000,74.900000,180.000000,nan,1000.000000,1035.762000
1,174.586400,-41.478000,9000.000000,0.000000,234.000000,74.900000,180.000000,nan,1000.000000,1035.762000
1,174.584600,-41.476000,10000.000000,0.000000,234.000000,74.900000,180.000000,nan,1000.000000,1035.762000
1,174.582800,-41.474000,11000.000000,0.000000,234.000000,74.900000,180.000000,nan,1000.000000,1035.762000
1,174.581000,-41.471900,12000.000000,0.000000,234.000000,74.900000,180.000000,nan,1000.000000,1035.762000
1,174.579100,-41.469900,13000.000000,0.000000,234.000000,74.900000,180.000000,nan,1000.000000,1035.762000
1,174.577300,-41.467900,14000.000000,0.000000,234.000000,74.900000,180.000000,nan,1000.000000,1035.762000
1,174.575500,-41.465900,15000.000000,0.000000,234.000000,74.900000,180.000000,nan,1000.000000,1035.762000
1,174.573700,-41.463900,16000.000000,0.000000,234.000000,74.900000,180.000000,nan,1000.000000,1035.762000
1,174.571900,-41.461900,17000.000000,0.000000,234.000000,74.900000,180.000000,nan,1000.000000,1035.762000
1,174.570000,-41.459900,18000.000000,0.000000,234.000000,74.900000,180.000000,nan,1000.000000,1035.762000
1,174.568200,-41.457900,19000.000000,0.000000,234.000000,74.900000,180.000000,nan,1000.000000,1035.762000
1,174.566400,-41.455900,20000.000000,0.000000,234.000000,74.900000,180.000000,nan,1000.000000,1035.762000
1,174.564600,-41.453900,21000.000000,0.000000,234.000000,74.900000,180.000000,nan,1000.000000,1035.762000
1,174.562800,-41.451900,22000.000000,0.000000,234.000000,74.900000,180.000000,nan,1000.000000,1035.762000
1,174.561000,-41.449900,23000.000000,0.000000,234.000000,74.900000,180.000000,nan,1000.000000,1035.762000
1,174.559100,-41.447900,24000.000000,0.000000,234.000000,74.900000,180.000000,nan,1000.000000,1035.762000
1,174.592900,-41.501100,0.000000,0.000000,234.000000,74.900000,180.000000,nan,1000.000000,1035.762000
1,174.591100,-41.499100,1000.000000,0.000000,234.000000,74.900000,180.000000,nan,1000.000000,1035.762000
1,174.589300,-41.497100,2000.000000,0.000000,234.000000,74.900000,180.000000,nan,1000.000000,1035.762000
1,174.587500,-41.495100,3000.000000,0.000000,234.000000,74.900000,180.000000,nan,1000.000000,1035.762000
1,174.585600,-41.493100,4000.000000,0.000000,234.000000,74.900000,180.000000,nan,1000.000000,1035.762000
1,174.583800,-41.491100,5000.000000,0.000000,234.000000,74.900000,180.000000,nan,1000.000000,1035.762000
1,174.582000,-41.489100,6000.000000,0.000000,234.000000,74.900000,180.000000,nan,1000.000000,1035.762000
1,174.580200,-41.487100,7000.000000,0.000000,234.000000,74.900000,180.000000,nan,1000.000000,1035.762000
1,174.578400,-41.485000,8000.000000,0.000000,234.000000,74.900000,180.000000,nan,1000.000000,1035.762000
1,174.576500,-41.483000,9000.000000,0.000000,234.000000,74.900000,180.000000,nan,1000.000000,1035.762000
1,174.574700,-41.481000,10000.000000,0.000000,234.000000,74.900000,180.000000,nan,1000.000000,1035.762000
1,174.572900,-41.479000,11000.000000,0.000000,234.000000,74.900000,180.000000,nan,1000.000000,1035.762000
1,174.571100,-41.477000,12000.000000,0.000000,234.000000,74.900000,180.000000,nan,1000.000000,1035.762000
1,174.569300,-41.475000,13000.000000,0.000000,234.000000,74.900000,180.000000,nan,1000.000000,1035.762000
1,174.567400,-41.473000,14000.000000,0.000000,234.000000,74.900000,180.000000,nan,1000.000000,1035.762000
1,174.565600,-41.471000,15000.000000,0.000000,234.000000,74.900000,180.000000,nan,1000.000000,1035.762000
1,174.563800,-41.469000,16000.000000,0.000000,234.000000,74.900000,180.000000,nan,1000.000000,1035.762000
1,174.562000,-41.467000,17000.000000,0.000000,234.000000,74.900000,180.000000,nan,1000.000000,1035.762000
1,174.560200,-41.465000,18000.000000,0.000000,234.000000,74.900000,180.000000,nan,1000.000000,1035.762000
1,174.558300,-41.463000,19000.000000,0.000000,234.000000,74.900000,180.000000,nan,1000.000000,1035.762000
1,174.556500,-41.461000,20000.000000,0.000000,234.000000,74.900000,180.000000,nan,1000.000000,1035.762000
1,174.554700,-41.459000,21000.000000,0.000000,234.000000,74.900000,180.000000,nan,1000.000000,1035.762000
1,174.552900,-41.456900,22000.000000,0.000000,234.000000,74.900000,180.000000,nan,1000.000000,1035.762000
1,174.551100,-41.454900,23000.000000,0.000000,234.000000,74.900000,180.000000,nan,1000.000000,1035.762000
1,174.549200,-41.452900,24000.000000,0.000000,234.000000,74.900000,180.000000,nan,1000.000000,1035.762000
1,174.583000,-41.506200,0.000000,0.000000,234.000000,74.900000,180.000000,nan,1000.000000,1035.762000
1,174.581200,-41.504200,1000.000000,0.000000,234.000000,74.900000,180.000000,nan,1000.000000,1035.762000
1,174.579400,-41.502200,2000.000000,0.000000,234.000000,74.900000,180.000000,nan,1000.000000,1035.762000
1,174.577600,-41.500200,3000.000000,0.000000,234.000000,74.900000,180.000000,nan,1000.000000,1035.762000
1,174.575700,-41.498100,4000.000000,0.000000,234.000000,74.900000,180.000000,nan,1000.000000,1035.762000
1,174.573900,-41.496100,5000.000000,0.000000,234.000000,74.900000,180.000000,nan,1000.000000,1035.762000
1,174.572100,-41.494100,6000.000000,0.000000,234.000000,74.900000,180.000000,nan,1000.000000,1035.762000
1,174.570300,-41.492100,7000.000000,0.000000,234.000000,74.900000,180.000000,nan,1000.000000,1035.762000
1,174.568500,-41.490100,8000.000000,0.000000,234.000000,74.900000,180.000000,nan,1000.000000,1035.762000
1,174.566600,-41.488100,9000.000000,0.000000,234.000000,74.900000,180.000000,nan,1000.000000,1035.762000
1,174.564800,-41.486100,10000.000000,0.000000,234.000000,74.900000,180.000000,nan,1000.000000,1035.762000
1,174.563000,-41.484100,11000.000000,0.000000,234.000000,74.900000,180.000000,nan,1000.000000,1035.762000
1,174.561200,-41.482100,12000.000000,0.000000,234.000000,74.900000,180.000000,nan,1000.000000,1035.762000
1,174.559400,-41.480100,13000.000000,0.000000,234.000000,74.900000,180.000000,nan,1000.000000,1035.762000
1,174.557500,-41.478100,14000.000000,0.000000,234.000000,74.900000,180.000000,nan,1000.000000,1035.762000
1,174.555700,-41.476100,15000.000000,0.000000,234.000000,74.900000,180.000000,nan,1000.000000,1035.762000
1,174.553900,-41.474100,16000.000000,0.000000,234.000000,74.900000,180.000000,nan,1000.000000,1035.762000
1,174.552100,-41.472100,17000.000000,0.000000,234.000000,74.900000,180.000000,nan,1000.000000,1035.762000
1,174.550300,-41.470000,18000.000000,0.000000,234.000000,74.900000,180.000000,nan,1000.000000,1035.762000
1,174.548400,-41.468000,19000.000000,0.000000,234.000000,74.900000,180.000000,nan,1000.000000,1035.762000
1,174.546600,-41.466000,20000.000000,0.000000,234.000000,74.900000,180.000000,nan,1000.000000,1035.762000
1,174.544800,-41.464000,21000.000000,0.000000,234.000000,74.900000,180.000000,nan,1000.000000,1035.762000
1,174.543000,-41.462000,22000.000000,0.000000,234.000000,74.900000,180.000000,nan,1000.000000,1035.762000
1,174.541200,-41.460000,23000.000000,0.000000,234.000000,74.900000,180.000000,nan,1000.000000,1035.762000
1,174.539400,-41.458000,24000.000000,0.000000,234.000000,74.900000,180.000000,nan,1000.000000,1035.762000
1,174.573100,-41.511200,0.000000,0.000000,234.000000,74.900000,180.000000,nan,1000.000000,1035.762000
1,174.571300,-41.509200,1000.000000,0.000000,234.000000,74.900000,180.000000,nan,1000.000000,1035.762000
1,174.569500,-41.507200,2000.000000,0.000000,234.000000,74.900000,180.000000,nan,1000.000000,1035.762000
1,174.567700,-41.505200,3000.000000,0.000000,234.000000,74.900000,180.000000,nan,1000.000000,1035.762000
1,174.565800,-41.503200,4000.000000,0.000000,234.000000,74.900000,180.000000,nan,1000.000000,1035.762000
1,174.564000,-41.501200,5000.000000,0.000000,234.000000,74.900000,180.000000,nan,1000.000000,1035.762000
1,174.562200,-41.499200,6000.000000,0.000000,234.000000,74.900000,180.000000,nan,1000.000000,1035.762000
1,174.560400,-41.497200,7000.000000,0.000000,234.000000,74.900000,180.000000,nan,1000.000000,1035.762000
1,174.558600,-41.495200,8000.000000,0.000000,234.000000,74.900000,180.000000,nan,1000.000000,1035.762000
1,174.556700,-41.493200,9000.000000,0.000000,234.000000,74.900000,180.000000,nan,1000.000000,1035.762000
1,174.554900,-41.491200,10000.000000,0.000000,234.000000,74.900000,180.000000,nan,1000.000000,1035.762000
1,174.553100,-41.489200,11000.000000,0.000000,234.000000,74.900000,180.000000,nan,1000.000000,1035.762000
1,174.551300,-41.487200,12000.000000,0.000000,234.000000,74.900000,180.000000,nan,1000.000000,1035.762000
1,174.549500,-41.485200,13000.000000,0.000000,234.000000,74.900000,180.000000,nan,1000.000000,1035.762000
1,174.547700,-41.483100,14000.000000,0.000000,234.000000,74.900000,180.000000,nan,1000.000000,1035.762000
1,174.545800,-41.481100,15000.000000,0.000000,234.000000,74.900000,180.000000,nan,1000.000000,1035.762000
1,174.544000,-41.479100,16000.000000,0.000000,234.000000,74.900000,180.000000,nan,1000.000000,1035.762000
1,174.542200,-41.477100,17000.000000,0.000000,234.000000,74.900000,180.000000,nan,1000.000000,1035.762000
1,174.540400,-41.475100,18000.000000,0.000000,234.000000,74.900000,180.000000,nan,1000.000000,1035.762000
1,174.538600,-41.473100,19000.000000,0.000000,234.000000,74.900000,180.000000,nan,1000.000000,1035.762000
1,174.536700,-41.471100,20000.000000,0.000000,234.000000,74.900000,180.000000,nan,1000.000000,1035.762000
1,174.534900,-41.469100,21000.000000,0.000000,234.000000,74.900000,180.000000,nan,1000.000000,1035.762000
1,174.533100,-41.467100,22000.000000,0.000000,234.000000,74.900000,180.000000,nan,1000.000000,1035.762000
1,174.531300,-41.465100,23000.000000,0.000000,234.000000,74.900000,180.000000,nan,1000.000000,1035.762000
1,174.529500,-41.463100,24000.000000,0.000000,234.000000,74.900000,180.000000,nan,1000.000000,1035.762000
1,174.563200,-41.516300,0.000000,0.000000,234.000000,74.900000,180.000000,nan,1000.000000,1035.762000
1,174.561400,-41.514300,1000.000000,0.000000,234.000000,74.900000,180.000000,nan,1000.000000,1035.762000
1,174.559600,-41.512300,2000.000000,0.000000,234.000000,74.900000,180.000000,nan,1000.000000,1035.762000
1,174.557800,-41.510300,3000.000000,0.000000,234.000000,74.900000,180.000000,nan,1000.000000,1035.762000
1,174.556000,-41.508300,4000.000000,0.000000,234.000000,74.900000,180.000000,nan,1000.000000,1035.762000
1,174.554100,-41.506300,5000.000000,0.000000,234.000000,74.900000,180.000000,nan,1000.000000,1035.762000
1,174.552300,-41.504300,6000.000000,0.000000,234.000000,74.900000,180.000000,nan,1000.000000,1035.762000
1,174.550500,-41.502300,7000.000000,0.000000,234.000000,74.900000,180.000000,nan,1000.000000,1035.762000
1,174.548700,-41.500300,8000.000000,0.000000,234.000000,74.900000,180.000000,nan,1000.000000,1035.762000
1,174.546900,-41.498300,9000.000000,0.000000,234.000000,74.900000,180.000000,nan,1000.000000,1035.762000
1,174.545000,-41.496200,10000.000000,0.000000,234.000000,74.900000,180.000000,nan,1000.000000,1035.762000
1,174.543200,-41.494200,11000.000000,0.000000,234.000000,74.900000,180.000000,nan,1000.000000,1035.762000
1,174.541400,-41.492200,12000.000000,0.000000,234.000000,74.900000,180.000000,nan,1000.000000,1035.762000
1,174.539600,-41.490200,13000.000000,0.000000,234.000000,74.900000,180.000000,nan,1000.000000,1035.762000
1,174.537800,-41.488200,14000.000000,0.000000,234.000000,74.900000,180.000000,nan,1000.000000,1035.762000
1,174.535900,-41.486200,15000.000000,0.000000,234.000000,74.900000,180.000000,nan,1000.000000,1035.762000
1,174.534100,-41.484200,16000.000000,0.000000,234.000000,74.900000,180.000000,nan,1000.000000,1035.762000
1,174.532300,-41.482200,17000.000000,0.000000,234.000000,74.900000,180.000000,nan,1000.000000,1035.762000
1,174.530500,-41.480200,18000.000000,0.000000,234.000000,74.900000,180.000000,nan,1000.000000,1035.762000
1,174.528700,-41.478200,19000.000000,0.000000,234.000000,74.900000,180.000000,nan,1000.000000,1035.762000
1,174.526800,-41.476200,20000.000000,0.000000,234.000000,74.900000,180.000000,nan,1000.000000,1035.762000
1,174.525000,-41.474200,21000.000000,0.000000,234.000000,74.900000,180.000000,nan,1000.000000,1035.762000
1,174.523200,-41.472200,22000.000000,0.000000,234.000000,74.900000,180.000000,nan,1000.000000,1035.762000
1,174.521400,-41.470100,23000.000000,0.000000,234.000000,74.900000,180.000000,nan,1000.000000,1035.762000
1,174.519600,-41.468100,24000.000000,0.000000,234.000000,74.900000,180.000000,nan,1000.000000,1035.762000
1,174.553300,-41.521400,0.000000,0.000000,234.000000,74.900000,180.000000,nan,1000.000000,1035.762000
1,174.551500,-41.519400,1000.000000,0.000000,234.000000,74.900000,180.000000,nan,1000.000000,1035.762000
1,174.549700,-41.517400,2000.000000,0.000000,234.000000,74.900000,180.000000,nan,1000.000000,1035.762000
1,174.547900,-41.515400,3000.000000,0.000000,234.000000,74.900000,180.000000,nan,1000.000000,1035.762000
1,174.546100,-41.513400,4000.000000,0.000000,234.000000,74.900000,180.000000,nan,1000.000000,1035.762000
1,174.544200,-41.511400,5000.000000,0.000000,234.000000,74.900000,180.000000,nan,1000.000000,1035.762000
1,174.542400,-41.509300,6000.000000,0.000000,234.000000,74.900000,180.000000,nan,1000.000000,1035.762000
1,174.540600,-41.507300,7000.000000,0.000000,234.000000,74.900000,180.000000,nan,1000.000000,1035.762000
1,174.538800,-41.505300,8000.000000,0.000000,234.000000,74.900000,180.000000,nan,1000.000000,1035.762000
1,174.537000,-41.503300,9000.000000,0.000000,234.000000,74.900000,180.000000,nan,1000.000000,1035.762000
1,174.535100,-41.501300,10000.000000,0.000000,234.000000,74.900000,180.000000,nan,1000.000000,1035.762000
1,174.533300,-41.499300,11000.000000,0.000000,234.000000,74.900000,180.000000,nan,1000.000000,1035.762000
1,174.531500,-41.497300,12000.000000,0.000000,234.000000,74.900000,180.000000,nan,1000.000000,1035.762000
1,174.529700,-41.495300,13000.000000,0.000000,234.000000,74.900000,180.000000,nan,1000.000000,1035.762000
1,174.527900,-41.493300,14000.000000,0.000000,234.000000,74.900000,180.000000,nan,1000.000000,1035.762000
1,174.526000,-41.491300,15000.000000,0.000000,234.000000,74.900000,180.000000,nan,1000.000000,1035.762000
1,174.524200,-41.489300,16000.000000,0.000000,234.000000,74.900000,180.000000,nan,1000.000000,1035.762000
1,174.522400,-41.487300,17000.000000,0.000000,234.000000,74.900000,180.000000,nan,1000.000000,1035.762000
1,174.520600,-41.485300,18000.000000,0.000000,234.000000,74.900000,180.000000,nan,1000.000000,1035.762000
1,174.518800,-41.483200,19000.000000,0.000000,234.000000,74.900000,180.000000,nan,1000.000000,1035.762000
1,174.517000,-41.481200,20000.000000,0.000000,234.000000,74.900000,180.000000,nan,1000.000000,1035.762000
1,174.515100,-41.479200,21000.000000,0.000000,234.000000,74.900000,180.000000,nan,1000.000000,1035.762000
1,174.513300,-41.477200,22000.000000,0.000000,234.000000,74.900000,180.000000,nan,1000.000000,1035.762000
1,174.511500,-41.475200,23000.000000,0.000000,234.000000,74.900000,180.000000,nan,1000.000000,1035.762000
1,174.509700,-41.473200,24000.000000,0.000000,234.000000,74.900000,180.000000,nan,1000.000000,1035.762000
1,174.543400,-41.526500,0.000000,0.000000,234.000000,74.900000,180.000000,nan,1000.000000,1035.762000
1,174.541600,-41.524500,1000.000000,0.000000,234.000000,74.900000,180.000000,nan,1000.000000,1035.762000
1,174.539800,-41.522400,2000.000000,0.000000,234.000000,74.900000,180.000000,nan,1000.000000,1035.762000
1,174.538000,-41.520400,3000.000000,0.000000,234.000000,74.900000,180.000000,nan,1000.000000,1035.762000
1,174.536200,-41.518400,4000.000000,0.000000,234.000000,74.900000,180.000000,nan,1000.000000,1035.762000
1,174.534300,-41.516400,5000.000000,0.000000,234.000000,74.900000,180.000000,nan,1000.000000,1035.762000
1,174.532500,-41.514400,6000.000000,0.000000,234.000000,74.900000,180.000000,nan,1000.000000,1035.762000
1,174.530700,-41.512400,7000.000000,0.000000,234.000000,74.900000,180.000000,nan,1000.000000,1035.762000
1,174.528900,-41.510400,8000.000000,0.000000,234.000000,74.900000,180.000000,nan,1000.000000,1035.762000
1,174.527100,-41.508400,9000.000000,0.000000,234.000000,74.900000,180.000000,nan,1000.000000,1035.762000
1,174.525200,-41.506400,10000.000000,0.000000,234.000000,74.900000,180.000000,nan,1000.000000,1035.762000
1,174.523400,-41.504400,11000.000000,0.000000,234.000000,74.900000,180.000000,nan,1000.000000,1035.762000
1,174.521600,-41.502400,12000.000000,0.000000,234.000000,74.900000,180.000000,nan,1000.000000,1035.762000
1,174.519800,-41.500400,13000.000000,0.000000,234.000000,74.900000,180.000000,nan,1000.000000,1035.762000
1,174.518000,-41.498400,14000.000000,0.000000,234.000000,74.900000,180.000000,nan,1000.000000,1035.762000
1,174.516100,-41.496300,15000.000000,0.000000,234.000000,74.900000,180.000000,nan,1000.000000,1035.762000
1,174.514300,-41.494300,16000.000000,0.000000,234.000000,74.900000,180.000000,nan,1000.000000,1035.762000
1,174.512500,-41.492300,17000.000000,0.000000,234.000000,74.900000,180.000000,nan,1000.000000,1035.762000
1,174.510700,-41.490300,18000.000000,0.000000,234.000000,74.900000,180.000000,nan,1000.000000,1035.762000
1,174.508900,-41.488300,19000.000000,0.000000,234.000000,74.900000,180.000000,nan,1000.000000,1035.762000
1,174.507100,-41.486300,20000.000000,0.000000,234.000000,74.900000,180.000000,nan,1000.000000,1035.762000
1,174.505200,-41.484300,21000.000000,0.000000,234.000000,74.900000,180.000000,nan,1000.000000,1035.762000
1,174.503400,-41.482300,22000.000000,0.000000,234.000000,74.900000,180.000000,nan,1000.000000,1035.762000
1,174.501600,-41.480300,23000.000000,0.000000,234.000000,74.900000,180.000000,nan,1000.000000,1035.762000
1,174.499800,-41.478300,24000.000000,0.000000,234.000000,74.900000,180.000000,nan,1000.000000,1035.762000
1,174.533500,-41.531500,0.000000,0.000000,234.000000,74.900000,180.000000,nan,1000.000000,1035.762000
1,174.531700,-41.529500,1000.000000,0.000000,234.000000,74.900000,180.000000,nan,1000.000000,1035.762000
1,174.529900,-41.527500,2000.000000,0.000000,234.000000,74.900000,180.000000,nan,1000.000000,1035.762000
1,174.528100,-41.525500,3000.000000,0.000000,234.000000,74.900000,180.000000,nan,1000.000000,1035.762000
1,174.526300,-41.523500,4000.000000,0.000000,234.000000,74.900000,180.000000,nan,1000.000000,1035.762000
1,174.524400,-41.521500,5000.000000,0.000000,234.000000,74.900000,180.000000,nan,1000.000000,1035.762000
1,174.522600,-41.519500,6000.000000,0.000000,234.000000,74.900000,180.000000,nan,1000.000000,1035.762000
1,174.520800,-41.517500,7000.000000,0.000000,234.000000,74.900000,180.000000,nan,1000.000000,1035.762000
1,174.519000,-41.515500,8000.000000,0.000000,234.000000,74.900000,180.000000,nan,1000.000000,1035.762000
1,174.517200,-41.513500,9000.000000,0.000000,234.000000,74.900000,180.000000,nan,1000.000000,1035.762000
1,174.515300,-41.511500,10000.000000,0.000000,234.000000,74.900000,180.000000,nan,1000.000000,1035.762000
1,174.513500,-41.509400,11000.000000,0.000000,234.000000,74.900000,180.000000,nan,1000.000000,1035.762000
1,174.511700,-41.507400,12000.000000,0.000150,234.000000,74.900000,180.000000,nan,1000.000000,1035.762000
1,174.509900,-41.505400,13000.000000,0.000480,234.000000,74.900000,180.000000,nan,1000.000000,1035.762000
1,174.508100,-41.503400,14000.000000,0.000870,234.000000,74.900000,180.000000,nan,1000.000000,1035.762000
1,174.506200,-41.501400,15000.000000,0.001220,234.000000,74.900000,180.000000,nan,1000.000000,1035.762000
1,174.504400,-41.499400,16000.000000,0.001450,234.000000,74.900000,180.000000,nan,1000.000000,1035.762000
1,174.502600,-41.497400,17000.000000,0.001560,234.000000,74.900000,180.000000,nan,1000.000000,1035.762000
1,174.500800,-41.495400,18000.000000,0.001520,234.000000,74.900000,180.000000,nan,1000.000000,1035.762000
1,174.499000,-41.493400,19000.000000,0.001340,234.000000,74.900000,180.000000,nan,1000.000000,1035.762000
1,174.497200,-41.491400,20000.000000,0.001070,234.000000,74.900000,180.000000,nan,1000.000000,1035.762000
1,174.495300,-41.489400,21000.000000,0.000730,234.000000,74.900000,180.000000,nan,1000.000000,1035.762000
1,174.493500,-41.487400,22000.000000,0.000400,234.000000,74.900000,180.000000,nan,1000.000000,1035.762000
1,174.491700,-41.485300,23000.000000,0.000130,234.000000,74.900000,180.000000,nan,1000.000000,1035.762000
1,174.489900,-41.483300,24000.000000,0.000000,234.000000,74.900000,180.000000,nan,1000.000000,1035.762000
1,174.523600,-41.536600,0.000000,0.000000,234.000000,74.900000,180.000000,nan,1000.000000,1035.762000
1,174.521800,-41.534600,1000.000000,0.000000,234.000000,74.900000,180.000000,nan,1000.000000,1035.762000
1,174.520000,-41.532600,2000.000000,0.000000,234.000000,74.900000,180.000000,nan,1000.000000,1035.762000
1,174.518200,-41.530600,3000.000000,0.000000,234.000000,74.900000,180.000000,nan,1000.000000,1035.762000
1,174.516400,-41.528600,4000.000000,0.000000,234.000000,74.900000,180.000000,nan,1000.000000,1035.762000
1,174.514500,-41.526600,5000.000000,0.000000,234.000000,74.900000,180.000000,nan,1000.000000,1035.762000
1,174.512700,-41.524600,6000.000000,0.000000,234.000000,74.900000,180.000000,nan,1000.000000,1035.762000
1,174.510900,-41.522500,7000.000000,0.000000,234.000000,74.900000,180.000000,nan,1000.000000,1035.762000
1,174.509100,-41.520500,8000.000000,0.000290,234.000000,74.900000,180.000000,nan,1000.000000,1035.762000
1,174.507300,-41.518500,9000.000000,0.000920,234.000000,74.900000,180.000000,nan,1000.000000,1035.762000
1,174.505400,-41.516500,10000.000000,0.001760,234.000000,74.900000,180.000000,nan,1000.000000,1035.762000
1,174.503600,-41.514500,11000.000000,0.002730,234.000000,74.900000,180.000000,nan,1000.000000,1035.762000
1,174.501800,-41.512500,12000.000000,0.003830,234.000000,74.900000,180.000000,nan,1000.000000,1035.762000
1,174.500000,-41.510500,13000.000000,0.005000,234.000000,74.900000,180.000000,nan,1000.000000,1035.762000
1,174.498200,-41.508500,14000.000000,0.006090,234.000000,74.900000,180.000000,nan,1000.000000,1035.762000
1,174.496300,-41.506500,15000.000000,0.006940,234.000000,74.900000,180.000000,nan,1000.000000,1035.762000
1,174.494500,-41.504500,16000.000000,0.007440,234.000000,74.900000,180.000000,nan,1000.000000,1035.762000
1,174.492700,-41.502500,17000.000000,0.007540,234.000000,74.900000,180.000000,nan,1000.000000,1035.762000
1,174.490900,-41.500500,18000.000000,0.007210,234.000000,74.900000,180.000000,nan,1000.000000,1035.762000
1,174.489100,-41.498400,19000.000000,0.006490,234.000000,74.900000,180.000000,nan,1000.000000,1035.762000
1,174.487300,-41.496400,20000.000000,0.005460,234.000000,74.900000,180.000000,nan,1000.000000,1035.762000
1,174.485400,-41.494400,21000.000000,0.004230,234.000000,74.900000,180.000000,nan,1000.000000,1035.762000
1,174.483600,-41.492400,22000.000000,0.002930,234.000000,74.900000,180.000000,nan,1000.000000,1035.762000
1,174.481800,-41.490400,23000.000000,0.001730,234.000000,74.900000,180.000000,nan,1000.000000,1035.762000
1,174.480000,-41.488400,24000.000000,0.000750,234.000000,74.900000,180.000000,nan,1000.000000,1035.762000
1,174.513700,-41.541700,0.000000,0.000000,234.000000,74.900000,180.000000,nan,1000.000000,1035.762000
1,174.511900,-41.539700,1000.000000,0.000000,234.000000,74.900000,180.000000,nan,1000.000000,1035.762000
1,174.510100,-41.537600,2000.000000,0.000000,234.000000,74.900000,180.000000,nan,1000.000000,1035.762000
1,174.508300,-41.535600,3000.000000,0.000000,234.000000,74.900000,180.000000,nan,1000.000000,1035.762000
1,174.506500,-41.533600,4000.000000,0.000000,234.000000,74.900000,180.000000,nan,1000.000000,1035.762000
1,174.504600,-41.531600,5000.000000,0.000330,234.000000,74.900000,180.000000,nan,1000.000000,1035.762000
1,174.502800,-41.529600,6000.000000,0.001080,234.000000,74.900000,180.000000,nan,1000.000000,1035.762000
1,174.501000,-41.527600,7000.000000,0.002230,234.000000,74.900000,180.000000,nan,1000.000000,1035.762000
1,174.499200,-41.525600,8000.000000,0.003890,234.000000,74.900000,180.000000,nan,1000.000000,1035.762000
1,174.497400,-41.523600,9000.000000,0.006030,234.000000,74.900000,180.000000,nan,1000.000000,1035.762000
1,174.495500,-41.521600,10000.000000,0.008480,234.000000,74.900000,180.000000,nan,1000.000000,1035.762000
1,174.493700,-41.519600,11000.000000,0.011070,234.000000,74.900000,180.000000,nan,1000.000000,1035.762000
1,174.491900,-41.517600,12000.000000,0.013660,234.000000,74.900000,180.000000,nan,1000.000000,1035.762000
1,174.490100,-41.515600,13000.000000,0.016050,234.000000,74.900000,180.000000,nan,1000.000000,1035.762000
1,174.488300,-41.513600,14000.000000,0.018050,234.000000,74.900000,180.000000,nan,1000.000000,1035.762000
1,174.486400,-41.511500,15000.000000,0.019450,234.000000,74.900000,180.000000,nan,1000.000000,1035.762000
1,174.484600,-41.509500,16000.000000,0.020100,234.000000,74.900000,180.000000,nan,1000.000000,1035.762000
1,174.482800,-41.507500,17000.000000,0.019930,234.000000,74.900000,180.000000,nan,1000.000000,1035.762000
1,174.481000,-41.505500,18000.000000,0.018920,234.000000,74.900000,180.000000,nan,1000.000000,1035.762000
1,174.479200,-41.503500,19000.000000,0.017130,234.000000,74.900000,180.000000,nan,1000.000000,1035.762000
1,174.477400,-41.501500,20000.000000,0.014700,234.000000,74.900000,180.000000,nan,1000.000000,1035.762000
1,174.475500,-41.499500,21000.000000,0.011800,234.000000,74.900000,180.000000,nan,1000.000000,1035.762000
1,174.473700,-41.497500,22000.000000,0.008680,234.000000,74.900000,180.000000,nan,1000.000000,1035.762000
1,174.471900,-41.495500,23000.000000,0.005560,234.000000,74.900000,180.000000,nan,1000.000000,1035.762000
1,174.470100,-41.493500,24000.000000,0.002650,234.000000,74.900000,180.000000,nan,1000.000000,1035.762000
1,174.503800,-41.546700,0.000000,0.000000,234.000000,74.900000,180.000000,nan,1000.000000,1035.762000
1,174.502000,-41.544700,1000.000000,0.000000,234.000000,74.900000,180.000000,nan,1000.000000,1035.762000
1,174.500200,-41.542700,2000.000000,0.000160,234.000000,74.900000,180.000000,nan,1000.000000,1035.762000
1,174.498400,-41.540700,3000.000000,0.000700,234.000000,74.900000,180.000000,nan,1000.000000,1035.762000
1,174.496500,-41.538700,4000.000000,0.001700,234.000000,74.900000,180.000000,nan,1000.000000,1035.762000
1,174.494700,-41.536700,5000.000000,0.003390,234.000000,74.900000,180.000000,nan,1000.000000,1035.762000
1,174.492900,-41.534700,6000.000000,0.005850,234.000000,74.900000,180.000000,nan,1000.000000,1035.762000
1,174.491100,-41.532700,7000.000000,0.009050,234.000000,74.900000,180.000000,nan,1000.000000,1035.762000
1,174.489300,-41.530700,8000.000000,0.012940,234.000000,74.900000,180.000000,nan,1000.000000,1035.762000
1,174.487500,-41.528700,9000.000000,0.017380,234.000000,74.900000,180.000000,nan,1000.000000,1035.762000
1,174.485600,-41.526600,10000.000000,0.022110,234.000000,74.900000,180.000000,nan,1000.000000,1035.762000
1,174.483800,-41.524600,11000.000000,0.026850,234.000000,74.900000,180.000000,nan,1000.000000,1035.762000
1,174.482000,-41.522600,12000.000000,0.031310,234.000000,74.900000,180.000000,nan,1000.000000,1035.762000
1,174.480200,-41.520600,13000.000000,0.035200,234.000000,74.900000,180.000000,nan,1000.000000,1035.762000
1,174.478400,-41.518600,14000.000000,0.038230,234.000000,74.900000,180.000000,nan,1000.000000,1035.762000
1,174.476500,-41.516600,15000.000000,0.040140,234.000000,74.900000,180.000000,nan,1000.000000,1035.762000
1,174.474700,-41.514600,16000.000000,0.040760,234.000000,74.900000,180.000000,nan,1000.000000,1035.762000
1,174.472900,-41.512600,17000.000000,0.039970,234.000000,74.900000,180.000000,nan,1000.000000,1035.762000
1,174.471100,-41.510600,18000.000000,0.037780,234.000000,74.900000,180.000000,nan,1000.000000,1035.762000
1,174.469300,-41.508600,19000.000000,0.034290,234.000000,74.900000,180.000000,nan,1000.000000,1035.762000
1,174.467500,-41.506600,20000.000000,0.029670,234.000000,74.900000,180.000000,nan,1000.000000,1035.762000
1,174.465600,-41.504600,21000.000000,0.024210,234.000000,74.900000,180.000000,nan,1000.000000,1035.762000
1,174.463800,-41.502500,22000.000000,0.018220,234.000000,74.900000,180.000000,nan,1000.000000,1035.762000
1,174.462000,-41.500500,23000.000000,0.012020,234.000000,74.900000,180.000000,nan,1000.000000,1035.762000
1,174.460200,-41.498500,24000.000000,0.005910,234.000000,74.900000,180.000000,nan,1000.000000,1035.762000
1,174.493900,-41.551800,0.000000,0.000000,234.000000,74.900000,180.000000,nan,1000.000000,1035.762000
1,174.492100,-41.549800,1000.000000,0.000690,234.000000,74.900000,180.000000,nan,1000.000000,1035.762000
1,174.490300,-41.547800,2000.000000,0.001860,234.000000,74.900000,180.000000,nan,1000.000000,1035.762000
1,174.488500,-41.545800,3000.000000,0.003790,234.000000,74.900000,180.000000,nan,1000.000000,1035.762000
1,174.486600,-41.543800,4000.000000,0.006660,234.000000,74.900000,180.000000,nan,1000.000000,1035.762000
1,174.484800,-41.541800,5000.000000,0.010610,234.000000,74.900000,180.000000,nan,1000.000000,1035.762000
1,174.483000,-41.539700,6000.000000,0.015670,234.000000,74.900000,180.000000,nan,1000.000000,1035.762000
1,174.481200,-41.537700,7000.000000,0.021730,234.000000,74.900000,180.000000,nan,1000.000000,1035.762000
1,174.479400,-41.535700,8000.000000,0.028610,234.000000,74.900000,180.000000,nan,1000.000000,1035.762000
1,174.477500,-41.533700,9000.000000,0.036030,234.000000,74.900000,180.000000,nan,1000.000000,1035.762000
1,174.475700,-41.531700,10000.000000,0.043620,234.000000,74.900000,180.000000,nan,1000.000000,1035.762000
1,174.473900,-41.529700,11000.000000,0.050970,234.000000,74.900000,180.000000,nan,1000.000000,1035.762000
1,174.472100,-41.527700,12000.000000,0.057640,234.000000,74.900000,180.000000,nan,1000.000000,1035.762000
1,174.470300,-41.525700,13000.000000,0.063230,234.000000,74.900000,180.000000,nan,1000.000000,1035.762000
1,174.468500,-41.523700,14000.000000,0.067350,234.000000,74.900000,180.000000,nan,1000.000000,1035.762000
1,174.466600,-41.521700,15000.000000,0.069690,234.000000,74.900000,180.000000,nan,1000.000000,1035.762000
1,174.464800,-41.519700,16000.000000,0.070020,234.000000,74.900000,180.000000,nan,1000.000000,1035.762000
1,174.463000,-41.517700,17000.000000,0.068230,234.000000,74.900000,180.000000,nan,1000.000000,1035.762000
1,174.461200,-41.515600,18000.000000,0.064310,234.000000,74.900000,180.000000,nan,1000.000000,1035.762000
1,174.459400,-41.513600,19000.000000,0.058420,234.000000,74.900000,180.000000,nan,1000.000000,1035.762000
1,174.457600,-41.511600,20000.000000,0.050790,234.000000,74.900000,180.000000,nan,1000.000000,1035.762000
1,174.455700,-41.509600,21000.000000,0.041770,234.000000,74.900000,180.000000,nan,1000.000000,1035.762000
1,174.453900,-41.507600,22000.000000,0.031790,234.000000,74.900000,180.000000,nan,1000.000000,1035.762000
1,174.452100,-41.505600,23000.000000,0.021270,234.000000,74.900000,180.000000,nan,1000.000000,1035.762000
1,174.450300,-41.503600,24000.000000,0.010600,234.000000,74.900000,180.000000,nan,1000.000000,1035.762000
1,174.484000,-41.556900,0.000000,0.000000,234.000000,74.900000,180.000000,nan,1000.000000,1035.762000
1,174.482200,-41.554900,1000.000000,0.002450,234.000000,74.900000,180.000000,nan,1000.000000,1035.762000
1,174.480400,-41.552800,2000.000000,0.005600,234.000000,74.900000,180.000000,nan,1000.000000,1035.762000
1,174.478600,-41.550800,3000.000000,0.009870,234.000000,74.900000,180.000000,nan,1000.000000,1035.762000
1,174.476700,-41.548800,4000.000000,0.015480,234.000000,74.900000,180.000000,nan,1000.000000,1035.762000
1,174.474900,-41.546800,5000.000000,0.022540,234.000000,74.900000,180.000000,nan,1000.000000,1035.762000
1,174.473100,-41.544800,6000.000000,0.031000,234.000000,74.900000,180.000000,nan,1000.000000,1035.762000
1,174.471300,-41.542800,7000.000000,0.040660,234.000000,74.900000,180.000000,nan,1000.000000,1035.762000
1,174.469500,-41.540800,8000.000000,0.051220,234.000000,74.900000,180.000000,nan,1000.000000,1035.762000
1,174.467600,-41.538800,9000.000000,0.062240,234.000000,74.900000,180.000000,nan,1000.000000,1035.762000
1,174.465800,-41.536800,10000.000000,0.073220,234.000000,74.900000,180.000000,nan,1000.000000,1035.762000
1,174.464000,-41.534800,11000.000000,0.083580,234.000000,74.900000,180.000000,nan,1000.000000,1035.762000
1,174.462200,-41.532800,12000.000000,0.092760,234.000000,74.900000,180.000000,nan,1000.000000,1035.762000
1,174.460400,-41.530800,13000.000000,0.100220,234.000000,74.900000,180.000000,nan,1000.000000,1035.762000
1,174.458600,-41.528700,14000.000000,0.105480,234.000000,74.900000,180.000000,nan,1000.000000,1035.762000
1,174.456700,-41.526700,15000.000000,0.108140,234.000000,74.900000,180.000000,nan,1000.000000,1035.762000
1,174.454900,-41.524700,16000.000000,0.107940,234.000000,74.900000,180.000000,nan,1000.000000,1035.762000
1,174.453100,-41.522700,17000.000000,0.104730,234.000000,74.900000,180.000000,nan,1000.000000,1035.762000
1,174.451300,-41.520700,18000.000000,0.098540,234.000000,74.900000,180.000000,nan,1000.000000,1035.762000
1,174.449500,-41.518700,19000.000000,0.089540,234.000000,74.900000,180.000000,nan,1000.000000,1035.762000
1,174.447600,-41.516700,20000.000000,0.078040,234.000000,74.900000,180.000000,nan,1000.000000,1035.762000
1,174.445800,-41.514700,21000.000000,0.064480,234.000000,74.900000,180.000000,nan,1000.000000,1035.762000
1,174.444000,-41.512700,22000.000000,0.049370,234.000000,74.900000,180.000000,nan,1000.000000,1035.762000
1,174.442200,-41.510700,23000.000000,0.033270,234.000000,74.900000,180.000000,nan,1000.000000,1035.762000
1,174.440400,-41.508700,24000.000000,0.016690,234.000000,74.900000,180.000000,nan,1000.000000,1035.762000
1,174.474100,-41.561900,0.000000,0.000000,234.000000,74.900000,180.000000,nan,1000.000000,1035.762000
1,174.472300,-41.559900,1000.000000,0.005270,234.000000,74.900000,180.000000,nan,1000.000000,1035.762000
1,174.470500,-41.557900,2000.000000,0.011390,234.000000,74.900000,180.000000,nan,1000.000000,1035.762000
1,174.468600,-41.555900,3000.000000,0.018890,234.000000,74.900000,180.000000,nan,1000.000000,1035.762000
1,174.466800,-41.553900,4000.000000,0.028070,234.000000,74.900000,180.000000,nan,1000.000000,1035.762000
1,174.465000,-41.551900,5000.000000,0.039020,234.000000,74.900000,180.000000,nan,1000.000000,1035.762000
1,174.463200,-41.549900,6000.000000,0.051610,234.000000,74.900000,180.000000,nan,1000.000000,1035.762000
1,174.461400,-41.547900,7000.000000,0.065560,234.000000,74.900000,180.000000,nan,1000.000000,1035.762000
1,174.459600,-41.545900,8000.000000,0.080430,234.000000,74.900000,180.000000,nan,1000.000000,1035.762000
1,174.457700,-41.543800,9000.000000,0.095620,234.000000,74.900000,180.000000,nan,1000.000000,1035.762000
1,174.455900,-41.541800,10000.000000,0.110460,234.000000,74.900000,180.000000,nan,1000.000000,1035.762000
1,174.454100,-41.539800,11000.000000,0.124230,234.000000,74.900000,180.000000,nan,1000.000000,1035.762000
1,174.452300,-41.537800,12000.000000,0.136210,234.000000,74.900000,180.000000,nan,1000.000000,1035.762000
1,174.450500,-41.535800,13000.000000,0.145710,234.000000,74.900000,180.000000,nan,1000.000000,1035.762000
1,174.448600,-41.533800,14000.000000,0.152150,234.000000,74.900000,180.000000,nan,1000.000000,1035.762000
1,174.446800,-41.531800,15000.000000,0.155040,234.000000,74.900000,180.000000,nan,1000.000000,1035.762000
1,174.445000,-41.529800,16000.000000,0.154070,234.000000,74.900000,180.000000,nan,1000.000000,1035.762000
1,174.443200,-41.527800,17000.000000,0.149070,234.000000,74.900000,180.000000,nan,1000.000000,1035.762000
1,174.441400,-41.525800,18000.000000,0.140070,234.000000,74.900000,180.000000,nan,1000.000000,1035.762000
1,174.439600,-41.523800,19000.000000,0.127290,234.000000,74.900000,180.000000,nan,1000.000000,1035.762000
1,174.437700,-41.521700,20000.000000,0.111110,234.000000,74.900000,180.000000,nan,1000.000000,1035.762000
1,174.435900,-41.519700,21000.000000,0.092050,234.000000,74.900000,180.000000,nan,1000.000000,1035.762000
1,174.434100,-41.517700,22000.000000,0.070740,234.000000,74.900000,180.000000,nan,1000.000000,1035.762000
1,174.432300,-41.515700,23000.000000,0.047870,234.000000,74.900000,180.000000,nan,1000.000000,1035.762000
1,174.430500,-41.513700,24000.000000,0.024100,234.000000,74.900000,180.000000,nan,1000.000000,1035.762000
1,174.464200,-41.567000,0.000000,0.000000,234.000000,74.900000,180.000000,nan,1000.000000,1035.762000
1,174.462400,-41.565000,1000.000000,0.008960,234.000000,74.900000,180.000000,nan,1000.000000,1035.762000
1,174.460600,-41.563000,2000.000000,0.018880,234.000000,74.900000,180.000000,nan,1000.000000,1035.762000
1,174.458700,-41.561000,3000.000000,0.030400,234.000000,74.900000,180.000000,nan,1000.000000,1035.762000
1,174.456900,-41.559000,4000.000000,0.043870,234.000000,74.900000,180.000000,nan,1000.000000,1035.762000
1,174.455100,-41.556900,5000.000000,0.059380,234.000000,74.900000,180.000000,nan,1000.000000,1035.762000
1,174.453300,-41.554900,6000.000000,0.076760,234.000000,74.900000,180.000000,nan,1000.000000,1035.762000
1,174.451500,-41.552900,7000.000000,0.095620,234.000000,74.900000,180.000000,nan,1000.000000,1035.762000
1,174.449600,-41.550900,8000.000000,0.115360,234.000000,74.900000,180.000000,nan,1000.000000,1035.762000
1,174.447800,-41.548900,9000.000000,0.135240,234.000000,74.900000,180.000000,nan,1000.000000,1035.762000
1,174.446000,-41.546900,10000.000000,0.154410,234.000000,74.900000,180.000000,nan,1000.000000,1035.762000
1,174.444200,-41.544900,11000.000000,0.171970,234.000000,74.900000,180.000000,nan,1000.000000,1035.762000
1,174.442400,-41.542900,12000.000000,0.187030,234.000000,74.900000,180.000000,nan,1000.000000,1035.762000
1,174.440600,-41.540900,13000.000000,0.198760,234.000000,74.900000,180.000000,nan,1000.000000,1035.762000
1,174.438700,-41.538900,14000.000000,0.206440,234.000000,74.900000,180.000000,nan,1000.000000,1035.762000
1,174.436900,-41.536900,15000.000000,0.209510,234.000000,74.900000,180.000000,nan,1000.000000,1035.762000
1,174.435100,-41.534800,16000.000000,0.207580,234.000000,74.900000,180.000000,nan,1000.000000,1035.762000
1,174.433300,-41.532800,17000.000000,0.200460,234.000000,74.900000,180.000000,nan,1000.000000,1035.762000
1,174.431500,-41.530800,18000.000000,0.188200,234.000000,74.900000,180.000000,nan,1000.000000,1035.762000
1,174.429700,-41.528800,19000.000000,0.171040,234.000000,74.900000,180.000000,nan,1000.000000,1035.762000
1,174.427800,-41.526800,20000.000000,0.149430,234.000000,74.900000,180.000000,nan,1000.000000,1035.762000
1,174.426000,-41.524800,21000.000000,0.124010,234.000000,74.900000,180.000000,nan,1000.000000,1035.762000
1,174.424200,-41.522800,22000.000000,0.095520,234.000000,74.900000,180.000000,nan,1000.000000,1035.762000
1,174.422400,-41.520800,23000.000000,0.064800,234.000000,74.900000,180.000000,nan,1000.000000,1035.762000
1,174.420600,-41.518800,24000.000000,0.032700,234.000000,74.900000,180.000000,nan,1000.000000,1035.762000
1,174.454300,-41.572000,0.000000,0.000000,234.000000,74.900000,180.000000,nan,1000.000000,1035.762000
1,174.452500,-41.570000,1000.000000,0.013270,234.000000,74.900000,180.000000,nan,1000.000000,1035.762000
1,174.450600,-41.568000,2000.000000,0.027580,234.000000,74.900000,180.000000,nan,1000.000000,1035.762000
1,174.448800,-41.566000,3000.000000,0.043690,234.000000,74.900000,180.000000,nan,1000.000000,1035.762000
1,174.447000,-41.564000,4000.000000,0.062010,234.000000,74.900000,180.000000,nan,1000.000000,1035.762000
1,174.445200,-41.562000,5000.000000,0.082630,234.000000,74.900000,180.000000,nan,1000.000000,1035.762000
1,174.443400,-41.560000,6000.000000,0.105340,234.000000,74.900000,180.000000,nan,1000.000000,1035.762000
1,174.441500,-41.558000,7000.000000,0.129630,234.000000,74.900000,180.000000,nan,1000.000000,1035.762000
1,174.439700,-41.556000,8000.000000,0.154760,234.000000,74.900000,180.000000,nan,1000.000000,1035.762000
1,174.437900,-41.554000,9000.000000,0.179820,234.000000,74.900000,180.000000,nan,1000.000000,1035.762000
1,174.436100,-41.552000,10000.000000,0.203760,234.000000,74.900000,180.000000,nan,1000.000000,1035.762000
1,174.434300,-41.550000,11000.000000,0.225490,234.000000,74.900000,180.000000,nan,1000.000000,1035.762000
1,174.432500,-41.547900,12000.000000,0.243930,234.000000,74.900000,180.000000,nan,1000.000000,1035.762000
1,174.430600,-41.545900,13000.000000,0.258100,234.000000,74.900000,180.000000,nan,1000.000000,1035.762000
1,174.428800,-41.543900,14000.000000,0.267130,234.000000,74.900000,180.000000,nan,1000.000000,1035.762000
1,174.427000,-41.541900,15000.000000,0.270370,234.000000,74.900000,180.000000,nan,1000.000000,1035.762000
1,174.425200,-41.539900,16000.000000,0.267350,234.000000,74.900000,180.000000,nan,1000.000000,1035.762000
1,174.423400,-41.537900,17000.000000,0.257860,234.000000,74.900000,180.000000,nan,1000.000000,1035.762000
1,174.421600,-41.535900,18000.000000,0.241950,234.000000,74.900000,180.000000,nan,1000.000000,1035.762000
1,174.419700,-41.533900,19000.000000,0.219900,234.000000,74.900000,180.000000,nan,1000.000000,1035.762000
1,174.417900,-41.531900,20000.000000,0.192260,234.000000,74.900000,180.000000,nan,1000.000000,1035.762000
1,174.416100,-41.529900,21000.000000,0.159730,234.000000,74.900000,180.000000,nan,1000.000000,1035.762000
1,174.414300,-41.527800,22000.000000,0.123220,234.000000,74.900000,180.000000,nan,1000.000000,1035.762000
1,174.412500,-41.525800,23000.000000,0.083730,234.000000,74.900000,180.000000,nan,1000.000000,1035.762000
1,174.410700,-41.523800,24000.000000,0.042320,234.000000,74.900000,180.000000,nan,1000.000000,1035.762000
1,174.444400,-41.577100,0.000000,0.000000,234.000000,74.900000,180.000000,nan,1000.000000,1035.762000
1,174.442500,-41.575100,1000.000000,0.017870,234.000000,74.900000,180.000000,nan,1000.000000,1035.762000
1,174.440700,-41.573100,2000.000000,0.036890,234.000000,74.900000,180.000000,nan,1000.000000,1035.762000
1,174.438900,-41.571100,3000.000000,0.057910,234.000000,74.900000,180.000000,nan,1000.000000,1035.762000
1,174.437100,-41.569100,4000.000000,0.081430,234.000000,74.900000,180.000000,nan,1000.000000,1035.762000
1,174.435300,-41.567100,5000.000000,0.107550,234.000000,74.900000,180.000000,nan,1000.000000,1035.762000
1,174.433500,-41.565100,6000.000000,0.136000,234.000000,74.900000,180.000000,nan,1000.000000,1035.762000
1,174.431600,-41.563000,7000.000000,0.166160,234.000000,74.900000,180.000000,nan,1000.000000,1035.762000
1,174.429800,-41.561000,8000.000000,0.197130,234.000000,74.900000,180.000000,nan,1000.000000,1035.762000
1,174.428000,-41.559000,9000.000000,0.227810,234.000000,74.900000,180.000000,nan,1000.000000,1035.762000
1,174.426200,-41.557000,10000.000000,0.256930,234.000000,74.900000,180.000000,nan,1000.000000,1035.762000
1,174.424400,-41.555000,11000.000000,0.283200,234.000000,74.900000,180.000000,nan,1000.000000,1035.762000
1,174.422500,-41.553000,12000.000000,0.305350,234.000000,74.900000,180.000000,nan,1000.000000,1035.762000
1,174.420700,-41.551000,13000.000000,0.322190,234.000000,74.900000,180.000000,nan,1000.000000,1035.762000
1,174.418900,-41.549000,14000.000000,0.332740,234.000000,74.900000,180.000000,nan,1000.000000,1035.762000
1,174.417100,-41.547000,15000.000000,0.336200,234.000000,74.900000,180.000000,nan,1000.000000,1035.762000
1,174.415300,-41.545000,16000.000000,0.332040,234.000000,74.900000,180.000000,nan,1000.000000,1035.762000
1,174.413500,-41.543000,17000.000000,0.320020,234.000000,74.900000,180.000000,nan,1000.000000,1035.762000
1,174.411600,-41.540900,18000.000000,0.300190,234.000000,74.900000,180.000000,nan,1000.000000,1035.762000
1,174.409800,-41.538900,19000.000000,0.272880,234.000000,74.900000,180.000000,nan,1000.000000,1035.762000
1,174.408000,-41.536900,20000.000000,0.238690,234.000000,74.900000,180.000000,nan,1000.000000,1035.762000
1,174.406200,-41.534900,21000.000000,0.198470,234.000000,74.900000,180.000000,nan,1000.000000,1035.762000
1,174.404400,-41.532900,22000.000000,0.153270,234.000000,74.900000,180.000000,nan,1000.000000,1035.762000
1,174.402600,-41.530900,23000.000000,0.104270,234.000000,74.900000,180.000000,nan,1000.000000,1035.762000
1,174.400800,-41.528900,24000.000000,0.052750,234.000000,74.900000,180.000000,nan,1000.000000,1035.762000
1,174.434400,-41.582200,0.000000,0.000000,234.000000,74.900000,180.000000,nan,1000.000000,1035.762000
1,174.432600,-41.580200,1000.000000,0.022430,234.000000,74.900000,180.000000,nan,1000.000000,1035.762000
1,174.430800,-41.578200,2000.000000,0.046150,234.000000,74.900000,180.000000,nan,1000.000000,1035.762000
1,174.429000,-41.576100,3000.000000,0.072150,234.000000,74.900000,180.000000,nan,1000.000000,1035.762000
1,174.427200,-41.574100,4000.000000,0.101000,234.000000,74.900000,180.000000,nan,1000.000000,1035.762000
1,174.425400,-41.572100,5000.000000,0.132810,234.000000,74.900000,180.000000,nan,1000.000000,1035.762000
1,174.423500,-41.570100,6000.000000,0.167260,234.000000,74.900000,180.000000,nan,1000.000000,1035.762000
1,174.421700,-41.568100,7000.000000,0.203620,234.000000,74.900000,180.000000,nan,1000.000000,1035.762000
1,174.419900,-41.566100,8000.000000,0.240800,234.000000,74.900000,180.000000,nan,1000.000000,1035.762000
1,174.418100,-41.564100,9000.000000,0.277490,234.000000,74.900000,180.000000,nan,1000.000000,1035.762000
1,174.416300,-41.562100,10000.000000,0.312190,234.000000,74.900000,180.000000,nan,1000.000000,1035.762000
1,174.414500,-41.560100,11000.000000,0.343380,234.000000,74.900000,180.000000,nan,1000.000000,1035.762000
1,174.412600,-41.558100,12000.000000,0.369560,234.000000,74.900000,180.000000,nan,1000.000000,1035.762000
1,174.410800,-41.556000,13000.000000,0.389360,234.000000,74.900000,180.000000,nan,1000.000000,1035.762000
1,174.409000,-41.554000,14000.000000,0.401620,234.000000,74.900000,180.000000,nan,1000.000000,1035.762000
1,174.407200,-41.552000,15000.000000,0.405420,234.000000,74.900000,180.000000,nan,1000.000000,1035.762000
1,174.405400,-41.550000,16000.000000,0.400160,234.000000,74.900000,180.000000,nan,1000.000000,1035.762000
1,174.403600,-41.548000,17000.000000,0.385550,234.000000,74.900000,180.000000,nan,1000.000000,1035.762000
1,174.401700,-41.546000,18000.000000,0.361640,234.000000,74.900000,180.000000,nan,1000.000000,1035.762000
1,174.399900,-41.544000,19000.000000,0.328810,234.000000,74.900000,180.000000,nan,1000.000000,1035.762000
1,174.398100,-41.542000,20000.000000,0.287750,234.000000,74.900000,180.000000,nan,1000.000000,1035.762000
1,174.396300,-41.540000,21000.000000,0.239430,234.000000,74.900000,180.000000,nan,1000.000000,1035.762000
1,174.394500,-41.538000,22000.000000,0.185050,234.000000,74.900000,180.000000,nan,1000.000000,1035.762000
1,174.392700,-41.536000,23000.000000,0.125990,234.000000,74.900000,180.000000,nan,1000.000000,1035.762000
1,174.390800,-41.533900,24000.000000,0.063790,234.000000,74.900000,180.000000,nan,1000.000000,1035.762000
1,174.424500,-41.587200,0.000000,0.000000,234.000000,74.900000,180.000000,nan,1000.000000,1035.762000
1,174.422700,-41.585200,1000.000000,0.026610,234.000000,74.900000,180.000000,nan,1000.000000,1035.762000
1,174.420900,-41.583200,2000.000000,0.054710,234.000000,74.900000,180.000000,nan,1000.000000,1035.762000
1,174.419100,-41.581200,3000.000000,0.085460,234.000000,74.900000,180.000000,nan,1000.000000,1035.762000
1,174.417300,-41.579200,4000.000000,0.119530,234.000000,74.900000,180.000000,nan,1000.000000,1035.762000
1,174.415400,-41.577200,5000.000000,0.157040,234.000000,74.900000,180.000000,nan,1000.000000,1035.762000
1,174.413600,-41.575200,6000.000000,0.197620,234.000000,74.900000,180.000000,nan,1000.000000,1035.762000
1,174.411800,-41.573200,7000.000000,0.240390,234.000000,74.900000,180.000000,nan,1000.000000,1035.762000
1,174.410000,-41.571200,8000.000000,0.284070,234.000000,74.900000,180.000000,nan,1000.000000,1035.762000
1,174.408200,-41.569100,9000.000000,0.327100,234.000000,74.900000,180.000000,nan,1000.000000,1035.762000
1,174.406400,-41.567100,10000.000000,0.367750,234.000000,74.900000,180.000000,nan,1000.000000,1035.762000
1,174.404500,-41.565100,11000.000000,0.404220,234.000000,74.900000,180.000000,nan,1000.000000,1035.762000
1,174.402700,-41.563100,12000.000000,0.434780,234.000000,74.900000,180.000000,nan,1000.000000,1035.762000
1,174.400900,-41.561100,13000.000000,0.457840,234.000000,74.900000,180.000000,nan,1000.000000,1035.762000
1,174.399100,-41.559100,14000.000000,0.472060,234.000000,74.900000,180.000000,nan,1000.000000,1035.762000
1,174.397300,-41.557100,15000.000000,0.476400,234.000000,74.900000,180.000000,nan,1000.000000,1035.762000
1,174.395500,-41.555100,16000.000000,0.470150,234.000000,74.900000,180.000000,nan,1000.000000,1035.762000
1,174.393600,-41.553100,17000.000000,0.452990,234.000000,74.900000,180.000000,nan,1000.000000,1035.762000
1,174.391800,-41.551100,18000.000000,0.424960,234.000000,74.900000,180.000000,nan,1000.000000,1035.762000
1,174.390000,-41.549000,19000.000000,0.386510,234.000000,74.900000,180.000000,nan,1000.000000,1035.762000
1,174.388200,-41.547000,20000.000000,0.338400,234.000000,74.900000,180.000000,nan,1000.000000,1035.762000
1,174.386400,-41.545000,21000.000000,0.281740,234.000000,74.900000,180.000000,nan,1000.000000,1035.762000
1,174.384600,-41.543000,22000.000000,0.217890,234.000000,74.900000,180.000000,nan,1000.000000,1035.762000
1,174.382700,-41.541000,23000.000000,0.148450,234.000000,74.900000,180.000000,nan,1000.000000,1035.762000
1,174.380900,-41.539000,24000.000000,0.075190,234.000000,74.900000,180.000000,nan,1000.000000,1035.762000
1,174.414600,-41.592300,0.000000,0.000000,234.000000,74.900000,180.000000,nan,1000.000000,1035.762000
1,174.412800,-41.590300,1000.000000,0.030090,234.000000,74.900000,180.000000,nan,1000.000000,1035.762000
1,174.411000,-41.588300,2000.000000,0.061950,234.000000,74.900000,180.000000,nan,1000.000000,1035.762000
1,174.409200,-41.586300,3000.000000,0.096960,234.000000,74.900000,180.000000,nan,1000.000000,1035.762000
1,174.407300,-41.584200,4000.000000,0.135890,234.000000,74.900000,180.000000,nan,1000.000000,1035.762000
1,174.405500,-41.582200,5000.000000,0.178930,234.000000,74.900000,180.000000,nan,1000.000000,1035.762000
1,174.403700,-41.580200,6000.000000,0.225590,234.000000,74.900000,180.000000,nan,1000.000000,1035.762000
1,174.401900,-41.578200,7000.000000,0.274860,234.000000,74.900000,180.000000,nan,1000.000000,1035.762000
1,174.400100,-41.576200,8000.000000,0.325230,234.000000,74.900000,180.000000,nan,1000.000000,1035.762000
1,174.398300,-41.574200,9000.000000,0.374890,234.000000,74.900000,180.000000,nan,1000.000000,1035.762000
1,174.396400,-41.572200,10000.000000,0.421810,234.000000,74.900000,180.000000,nan,1000.000000,1035.762000
1,174.394600,-41.570200,11000.000000,0.463910,234.000000,74.900000,180.000000,nan,1000.000000,1035.762000
1,174.392800,-41.568200,12000.000000,0.499200,234.000000,74.900000,180.000000,nan,1000.000000,1035.762000
1,174.391000,-41.566200,13000.000000,0.525850,234.000000,74.900000,180.000000,nan,1000.000000,1035.762000
1,174.389200,-41.564200,14000.000000,0.542340,234.000000,74.900000,180.000000,nan,1000.000000,1035.762000
1,174.387400,-41.562100,15000.000000,0.547450,234.000000,74.900000,180.000000,nan,1000.000000,1035.762000
1,174.385500,-41.560100,16000.000000,0.540410,234.000000,74.900000,180.000000,nan,1000.000000,1035.762000
1,174.383700,-41.558100,17000.000000,0.520840,234.000000,74.900000,180.000000,nan,1000.000000,1035.762000
1,174.381900,-41.556100,18000.000000,0.488790,234.000000,74.900000,180.000000,nan,1000.000000,1035.762000
1,174.380100,-41.554100,19000.000000,0.444750,234.000000,74.900000,180.000000,nan,1000.000000,1035.762000
1,174.378300,-41.552100,20000.000000,0.389580,234.000000,74.900000,180.000000,nan,1000.000000,1035.762000
1,174.376500,-41.550100,21000.000000,0.324510,234.000000,74.900000,180.000000,nan,1000.000000,1035.762000
1,174.374600,-41.548100,22000.000000,0.251110,234.000000,74.900000,180.000000,nan,1000.000000,1035.762000
1,174.372800,-41.546100,23000.000000,0.171170,234.000000,74.900000,180.000000,nan,1000.000000,1035.762000
1,174.371000,-41.544100,24000.000000,0.086740,234.000000,74.900000,180.000000,nan,1000.000000,1035.762000
1,174.404700,-41.597300,0.000000,0.000000,234.000000,74.900000,180.000000,nan,1000.000000,1035.762000
1,174.402900,-41.595300,1000.000000,0.032580,234.000000,74.900000,180.000000,nan,1000.000000,1035.762000
1,174.401100,-41.593300,2000.000000,0.067300,234.000000,74.900000,180.000000,nan,1000.000000,1035.762000
1,174.399200,-41.591300,3000.000000,0.105810,234.000000,74.900000,180.000000,nan,1000.000000,1035.762000
1,174.397400,-41.589300,4000.000000,0.149070,234.000000,74.900000,180.000000,nan,1000.000000,1035.762000
1,174.395600,-41.587300,5000.000000,0.197250,234.000000,74.900000,180.000000,nan,1000.000000,1035.762000
1,174.393800,-41.585300,6000.000000,0.249820,234.000000,74.900000,180.000000,nan,1000.000000,1035.762000
1,174.392000,-41.583300,7000.000000,0.305560,234.000000,74.900000,180.000000,nan,1000.000000,1035.762000
1,174.390100,-41.581300,8000.000000,0.362730,234.000000,74.900000,180.000000,nan,1000.000000,1035.762000
1,174.388300,-41.579300,9000.000000,0.419220,234.000000,74.900000,180.000000,nan,1000.000000,1035.762000
1,174.386500,-41.577200,10000.000000,0.472690,234.000000,74.900000,180.000000,nan,1000.000000,1035.762000
1,174.384700,-41.575200,11000.000000,0.520750,234.000000,74.900000,180.000000,nan,1000.000000,1035.762000
1,174.382900,-41.573200,12000.000000,0.561100,234.000000,74.900000,180.000000,nan,1000.000000,1035.762000
1,174.381100,-41.571200,13000.000000,0.591690,234.000000,74.900000,180.000000,nan,1000.000000,1035.762000
1,174.379200,-41.569200,14000.000000,0.610750,234.000000,74.900000,180.000000,nan,1000.000000,1035.762000
1,174.377400,-41.567200,15000.000000,0.616940,234.000000,74.900000,180.000000,nan,1000.000000,1035.762000
1,174.375600,-41.565200,16000.000000,0.609380,234.000000,74.900000,180.000000,nan,1000.000000,1035.762000
1,174.373800,-41.563200,17000.000000,0.587630,234.000000,74.900000,180.000000,nan,1000.000000,1035.762000
1,174.372000,-41.561200,18000.000000,0.551760,234.000000,74.900000,180.000000,nan,1000.000000,1035.762000
1,174.370200,-41.559200,19000.000000,0.502290,234.000000,74.900000,180.000000,nan,1000.000000,1035.762000
1,174.368400,-41.557100,20000.000000,0.440210,234.000000,74.900000,180.000000,nan,1000.000000,1035.762000
1,174.366500,-41.555100,21000.000000,0.366880,234.000000,74.900000,180.000000,nan,1000.000000,1035.762000
1,174.364700,-41.553100,22000.000000,0.284030,234.000000,74.900000,180.000000,nan,1000.000000,1035.762000
1,174.362900,-41.551100,23000.000000,0.193700,234.000000,74.900000,180.000000,nan,1000.000000,1035.762000
1,174.361100,-41.549100,24000.000000,0.098180,234.000000,74.900000,180.000000,nan,1000.000000,1035.762000
1,174.394800,-41.602400,0.000000,0.000000,234.000000,74.900000,180.000000,nan,1000.000000,1035.762000
1,174.392900,-41.600400,1000.000000,0.033820,234.000000,74.900000,180.000000,nan,1000.000000,1035.762000
1,174.391100,-41.598400,2000.000000,0.070270,234.000000,74.900000,180.000000,nan,1000.000000,1035.762000
1,174.389300,-41.596400,3000.000000,0.111340,234.000000,74.900000,180.000000,nan,1000.000000,1035.762000
1,174.387500,-41.594400,4000.000000,0.158160,234.000000,74.900000,180.000000,nan,1000.000000,1035.762000
1,174.385700,-41.592400,5000.000000,0.210970,234.000000,74.900000,180.000000,nan,1000.000000,1035.762000
1,174.383900,-41.590300,6000.000000,0.269110,234.000000,74.900000,180.000000,nan,1000.000000,1035.762000
1,174.382000,-41.588300,7000.000000,0.331190,234.000000,74.900000,180.000000,nan,1000.000000,1035.762000
1,174.380200,-41.586300,8000.000000,0.395170,234.000000,74.900000,180.000000,nan,1000.000000,1035.762000
1,174.378400,-41.584300,9000.000000,0.458620,234.000000,74.900000,180.000000,nan,1000.000000,1035.762000
1,174.376600,-41.582300,10000.000000,0.518860,234.000000,74.900000,180.000000,nan,1000.000000,1035.762000
1,174.374800,-41.580300,11000.000000,0.573150,234.000000,74.900000,180.000000,nan,1000.000000,1035.762000
1,174.373000,-41.578300,12000.000000,0.618890,234.000000,74.900000,180.000000,nan,1000.000000,1035.762000
1,174.371100,-41.576300,13000.000000,0.653730,234.000000,74.900000,180.000000,nan,1000.000000,1035.762000
1,174.369300,-41.574300,14000.000000,0.675710,234.000000,74.900000,180.000000,nan,1000.000000,1035.762000
1,174.367500,-41.572300,15000.000000,0.683320,234.000000,74.900000,180.000000,nan,1000.000000,1035.762000
1,174.365700,-41.570200,16000.000000,0.675550,234.000000,74.900000,180.000000,nan,1000.000000,1035.762000
1,174.363900,-41.568200,17000.000000,0.651930,234.000000,74.900000,180.000000,nan,1000.000000,1035.762000
1,174.362100,-41.566200,18000.000000,0.612540,234.000000,74.900000,180.000000,nan,1000.000000,1035.762000
1,174.360300,-41.564200,19000.000000,0.557960,234.000000,74.900000,180.000000,nan,1000.000000,1035.762000
1,174.358400,-41.562200,20000.000000,0.489270,234.000000,74.900000,180.000000,nan,1000.000000,1035.762000
1,174.356600,-41.560200,21000.000000,0.407970,234.000000,74.900000,180.000000,nan,1000.000000,1035.762000
1,174.354800,-41.558200,22000.000000,0.315980,234.000000,74.900000,180.000000,nan,1000.000000,1035.762000
1,174.353000,-41.556200,23000.000000,0.215570,234.000000,74.900000,180.000000,nan,1000.000000,1035.762000
1,174.351200,-41.554200,24000.000000,0.109300,234.000000,74.900000,180.000000,nan,1000.000000,1035.762000
1,174.384800,-41.607500,0.000000,0.000000,234.000000,74.900000,180.000000,nan,1000.000000,1035.762000
1,174.383000,-41.605400,1000.000000,0.033630,234.000000,74.900000,180.000000,nan,1000.000000,1035.762000
1,174.381200,-41.603400,2000.000000,0.070510,234.000000,74.900000,180.000000,nan,1000.000000,1035.762000
1,174.379400,-41.601400,3000.000000,0.113010,234.000000,74.900000,180.000000,nan,1000.000000,1035.762000
1,174.377600,-41.599400,4000.000000,0.162500,234.000000,74.900000,180.000000,nan,1000.000000,1035.762000
1,174.375800,-41.597400,5000.000000,0.219260,234.000000,74.900000,180.000000,nan,1000.000000,1035.762000
1,174.373900,-41.595400,6000.000000,0.282530,234.000000,74.900000,180.000000,nan,1000.000000,1035.762000
1,174.372100,-41.593400,7000.000000,0.350680,234.000000,74.900000,180.000000,nan,1000.000000,1035.762000
1,174.370300,-41.591400,8000.000000,0.421390,234.000000,74.900000,180.000000,nan,1000.000000,1035.762000
1,174.368500,-41.589400,9000.000000,0.491850,234.000000,74.900000,180.000000,nan,1000.000000,1035.762000
1,174.366700,-41.587400,10000.000000,0.559000,234.000000,74.900000,180.000000,nan,1000.000000,1035.762000
1,174.364900,-41.585300,11000.000000,0.619750,234.000000,74.900000,180.000000,nan,1000.000000,1035.762000
1,174.363000,-41.583300,12000.000000,0.671140,234.000000,74.900000,180.000000,nan,1000.000000,1035.762000
1,174.361200,-41.581300,13000.000000,0.710550,234.000000,74.900000,180.000000,nan,1000.000000,1035.762000
1,174.359400,-41.579300,14000.000000,0.735780,234.000000,74.900000,180.000000,nan,1000.000000,1035.762000
1,174.357600,-41.577300,15000.000000,0.745140,234.000000,74.900000,180.000000,nan,1000.000000,1035.762000
1,174.355800,-41.575300,16000.000000,0.737520,234.000000,74.900000,180.000000,nan,1000.000000,1035.762000
1,174.354000,-41.573300,17000.000000,0.712420,234.000000,74.900000,180.000000,nan,1000.000000,1035.762000
1,174.352100,-41.571300,18000.000000,0.669910,234.000000,74.900000,180.000000,nan,1000.000000,1035.762000
1,174.350300,-41.569300,19000.000000,0.610630,234.000000,74.900000,180.000000,nan,1000.000000,1035.762000
1,174.348500,-41.567300,20000.000000,0.535750,234.000000,74.900000,180.000000,nan,1000.000000,1035.762000
1,174.346700,-41.565200,21000.000000,0.446960,234.000000,74.900000,180.000000,nan,1000.000000,1035.762000
1,174.344900,-41.563200,22000.000000,0.346330,234.000000,74.900000,180.000000,nan,1000.000000,1035.762000
1,174.343100,-41.561200,23000.000000,0.236360,234.000000,74.900000,180.000000,nan,1000.000000,1035.762000
1,174.341300,-41.559200,24000.000000,0.119880,234.000000,74.900000,180.000000,nan,1000.000000,1035.762000
1,174.374900,-41.612500,0.000000,0.000000,234.000000,74.900000,180.000000,nan,1000.000000,1035.762000
1,174.373100,-41.610500,1000.000000,0.031920,234.000000,74.900000,180.000000,nan,1000.000000,1035.762000
1,174.371300,-41.608500,2000.000000,0.067800,234.000000,74.900000,180.000000,nan,1000.000000,1035.762000
1,174.369500,-41.606500,3000.000000,0.110520,234.000000,74.900000,180.000000,nan,1000.000000,1035.762000
1,174.367600,-41.604500,4000.000000,0.161680,234.000000,74.900000,180.000000,nan,1000.000000,1035.762000
1,174.365800,-41.602500,5000.000000,0.221600,234.000000,74.900000,180.000000,nan,1000.000000,1035.762000
1,174.364000,-41.600500,6000.000000,0.289430,234.000000,74.900000,180.000000,nan,1000.000000,1035.762000
1,174.362200,-41.598400,7000.000000,0.363300,234.000000,74.900000,180.000000,nan,1000.000000,1035.762000
1,174.360400,-41.596400,8000.000000,0.440540,234.000000,74.900000,180.000000,nan,1000.000000,1035.762000
1,174.358600,-41.594400,9000.000000,0.517950,234.000000,74.900000,180.000000,nan,1000.000000,1035.762000
1,174.356700,-41.592400,10000.000000,0.592070,234.000000,74.900000,180.000000,nan,1000.000000,1035.762000
1,174.354900,-41.590400,11000.000000,0.659410,234.000000,74.900000,180.000000,nan,1000.000000,1035.762000
1,174.353100,-41.588400,12000.000000,0.716660,234.000000,74.900000,180.000000,nan,1000.000000,1035.762000
1,174.351300,-41.586400,13000.000000,0.760890,234.000000,74.900000,180.000000,nan,1000.000000,1035.762000
1,174.349500,-41.584400,14000.000000,0.789660,234.000000,74.900000,180.000000,nan,1000.000000,1035.762000
1,174.347700,-41.582400,15000.000000,0.801120,234.000000,74.900000,180.000000,nan,1000.000000,1035.762000
1,174.345900,-41.580300,16000.000000,0.794040,234.000000,74.900000,180.000000,nan,1000.000000,1035.762000
1,174.344000,-41.578300,17000.000000,0.767870,234.000000,74.900000,180.000000,nan,1000.000000,1035.762000
1,174.342200,-41.576300,18000.000000,0.722690,234.000000,74.900000,180.000000,nan,1000.000000,1035.762000
1,174.340400,-41.574300,19000.000000,0.659230,234.000000,74.900000,180.000000,nan,1000.000000,1035.762000
1,174.338600,-41.572300,20000.000000,0.578750,234.000000,74.900000,180.000000,nan,1000.000000,1035.762000
1,174.336800,-41.570300,21000.000000,0.483070,234.000000,74.900000,180.000000,nan,1000.000000,1035.762000
1,174.335000,-41.568300,22000.000000,0.374470,234.000000,74.900000,180.000000,nan,1000.000000,1035.762000
1,174.333100,-41.566300,23000.000000,0.255650,234.000000,74.900000,180.000000,nan,1000.000000,1035.762000
1,174.331300,-41.564300,24000.000000,0.129690,234.000000,74.900000,180.000000,nan,1000.000000,1035.762000
1,174.365000,-41.617600,0.000000,0.000000,234.000000,74.900000,180.000000,nan,1000.000000,1035.762000
1,174.363200,-41.615600,1000.000000,0.028680,234.000000,74.900000,180.000000,nan,1000.000000,1035.762000
1,174.361400,-41.613500,2000.000000,0.062160,234.000000,74.900000,180.000000,nan,1000.000000,1035.762000
1,174.359500,-41.611500,3000.000000,0.103830,234.000000,74.900000,180.000000,nan,1000.000000,1035.762000
1,174.357700,-41.609500,4000.000000,0.155590,234.000000,74.900000,180.000000,nan,1000.000000,1035.762000
1,174.355900,-41.607500,5000.000000,0.217810,234.000000,74.900000,180.000000,nan,1000.000000,1035.762000
1,174.354100,-41.605500,6000.000000,0.289540,234.000000,74.900000,180.000000,nan,1000.000000,1035.762000
1,174.352300,-41.603500,7000.000000,0.368630,234.000000,74.900000,180.000000,nan,1000.000000,1035.762000
1,174.350500,-41.601500,8000.000000,0.452090,234.000000,74.900000,180.000000,nan,1000.000000,1035.762000
1,174.348600,-41.599500,9000.000000,0.536280,234.000000,74.900000,180.000000,nan,1000.000000,1035.762000
1,174.346800,-41.597500,10000.000000,0.617320,234.000000,74.900000,180.000000,nan,1000.000000,1035.762000
1,174.345000,-41.595500,11000.000000,0.691290,234.000000,74.900000,180.000000,nan,1000.000000,1035.762000
1,174.343200,-41.593400,12000.000000,0.754510,234.000000,74.900000,180.000000,nan,1000.000000,1035.762000
1,174.341400,-41.591400,13000.000000,0.803750,234.000000,74.900000,180.000000,nan,1000.000000,1035.762000
1,174.339600,-41.589400,14000.000000,0.836300,234.000000,74.900000,180.000000,nan,1000.000000,1035.762000
1,174.337700,-41.587400,15000.000000,0.850150,234.000000,74.900000,180.000000,nan,1000.000000,1035.762000
1,174.335900,-41.585400,16000.000000,0.843980,234.000000,74.900000,180.000000,nan,1000.000000,1035.762000
1,174.334100,-41.583400,17000.000000,0.817180,234.000000,74.900000,180.000000,nan,1000.000000,1035.762000
1,174.332300,-41.581400,18000.000000,0.769870,234.000000,74.900000,180.000000,nan,1000.000000,1035.762000
1,174.330500,-41.579400,19000.000000,0.702810,234.000000,74.900000,180.000000,nan,1000.000000,1035.762000
1,174.328700,-41.577400,20000.000000,0.617400,234.000000,74.900000,180.000000,nan,1000.000000,1035.762000
1,174.326900,-41.575300,21000.000000,0.515600,234.000000,74.900000,180.000000,nan,1000.000000,1035.762000
1,174.325000,-41.573300,22000.000000,0.399850,234.000000,74.900000,180.000000,nan,1000.000000,1035.762000
1,174.323200,-41.571300,23000.000000,0.273060,234.000000,74.900000,180.000000,nan,1000.000000,1035.762000
1,174.321400,-41.569300,24000.000000,0.138550,234.000000,74.900000,180.000000,nan,1000.000000,1035.762000
1,174.355100,-41.622600,0.000000,0.000000,234.000000,74.900000,180.000000,nan,1000.000000,1035.762000
1,174.353200,-41.620600,1000.000000,0.024070,234.000000,74.900000,180.000000,nan,1000.000000,1035.762000
1,174.351400,-41.618600,2000.000000,0.053840,234.000000,74.900000,180.000000,nan,1000.000000,1035.762000
1,174.349600,-41.616600,3000.000000,0.093240,234.000000,74.900000,180.000000,nan,1000.000000,1035.762000
1,174.347800,-41.614600,4000.000000,0.144500,234.000000,74.900000,180.000000,nan,1000.000000,1035.762000
1,174.346000,-41.612600,5000.000000,0.208080,234.000000,74.900000,180.000000,nan,1000.000000,1035.762000
1,174.344200,-41.610600,6000.000000,0.282930,234.000000,74.900000,180.000000,nan,1000.000000,1035.762000
1,174.342300,-41.608500,7000.000000,0.366660,234.000000,74.900000,180.000000,nan,1000.000000,1035.762000
1,174.340500,-41.606500,8000.000000,0.455880,234.000000,74.900000,180.000000,nan,1000.000000,1035.762000
1,174.338700,-41.604500,9000.000000,0.546550,234.000000,74.900000,180.000000,nan,1000.000000,1035.762000
1,174.336900,-41.602500,10000.000000,0.634310,234.000000,74.900000,180.000000,nan,1000.000000,1035.762000
1,174.335100,-41.600500,11000.000000,0.714820,234.000000,74.900000,180.000000,nan,1000.000000,1035.762000
1,174.333300,-41.598500,12000.000000,0.784020,234.000000,74.900000,180.000000,nan,1000.000000,1035.762000
1,174.331500,-41.596500,13000.000000,0.838330,234.000000,74.900000,180.000000,nan,1000.000000,1035.762000
1,174.329600,-41.594500,14000.000000,0.874830,234.000000,74.900000,180.000000,nan,1000.000000,1035.762000
1,174.327800,-41.592500,15000.000000,0.891320,234.000000,74.900000,180.000000,nan,1000.000000,1035.762000
1,174.326000,-41.590500,16000.000000,0.886390,234.000000,74.900000,180.000000,nan,1000.000000,1035.762000
1,174.324200,-41.588400,17000.000000,0.859410,234.000000,74.900000,180.000000,nan,1000.000000,1035.762000
1,174.322400,-41.586400,18000.000000,0.810500,234.000000,74.900000,180.000000,nan,1000.000000,1035.762000
1,174.320600,-41.584400,19000.000000,0.740520,234.000000,74.900000,180.000000,nan,1000.000000,1035.762000
1,174.318700,-41.582400,20000.000000,0.650940,234.000000,74.900000,180.000000,nan,1000.000000,1035.762000
1,174.316900,-41.580400,21000.000000,0.543880,234.000000,74.900000,180.000000,nan,1000.000000,1035.762000
1,174.315100,-41.578400,22000.000000,0.421940,234.000000,74.900000,180.000000,nan,1000.000000,1035.762000
1,174.313300,-41.576400,23000.000000,0.288230,234.000000,74.900000,180.000000,nan,1000.000000,1035.762000
1,174.311500,-41.574400,24000.000000,0.146270,234.000000,74.900000,180.000000,nan,1000.000000,1035.762000
1,174.345100,-41.627700,0.000000,0.000000,234.000000,74.900000,180.000000,nan,1000.000000,1035.762000
1,174.343300,-41.625700,1000.000000,0.018410,234.000000,74.900000,180.000000,nan,1000.000000,1035.762000
1,174.341500,-41.623600,2000.000000,0.043380,234.000000,74.900000,180.000000,nan,1000.000000,1035.762000
1,174.339700,-41.621600,3000.000000,0.079410,234.000000,74.900000,180.000000,nan,1000.000000,1035.762000
1,174.337900,-41.619600,4000.000000,0.129080,234.000000,74.900000,180.000000,nan,1000.000000,1035.762000
1,174.336000,-41.617600,5000.000000,0.193020,234.000000,74.900000,180.000000,nan,1000.000000,1035.762000
1,174.334200,-41.615600,6000.000000,0.270110,234.000000,74.900000,180.000000,nan,1000.000000,1035.762000
1,174.332400,-41.613600,7000.000000,0.357740,234.000000,74.900000,180.000000,nan,1000.000000,1035.762000
1,174.330600,-41.611600,8000.000000,0.452150,234.000000,74.900000,180.000000,nan,1000.000000,1035.762000
1,174.328800,-41.609600,9000.000000,0.548830,234.000000,74.900000,180.000000,nan,1000.000000,1035.762000
1,174.327000,-41.607600,10000.000000,0.642960,234.000000,74.900000,180.000000,nan,1000.000000,1035.762000
1,174.325200,-41.605600,11000.000000,0.729760,234.000000,74.900000,180.000000,nan,1000.000000,1035.762000
1,174.323300,-41.603500,12000.000000,0.804770,234.000000,74.900000,180.000000,nan,1000.000000,1035.762000
1,174.321500,-41.601500,13000.000000,0.864110,234.000000,74.900000,180.000000,nan,1000.000000,1035.762000
1,174.319700,-41.599500,14000.000000,0.904600,234.000000,74.900000,180.000000,nan,1000.000000,1035.762000
1,174.317900,-41.597500,15000.000000,0.923900,234.000000,74.900000,180.000000,nan,1000.000000,1035.762000
1,174.316100,-41.595500,16000.000000,0.920510,234.000000,74.900000,180.000000,nan,1000.000000,1035.762000
1,174.314300,-41.593500,17000.000000,0.893760,234.000000,74.900000,180.000000,nan,1000.000000,1035.762000
1,174.312400,-41.591500,18000.000000,0.843820,234.000000,74.900000,180.000000,nan,1000.000000,1035.762000
1,174.310600,-41.589500,19000.000000,0.771600,234.000000,74.900000,180.000000,nan,1000.000000,1035.762000
1,174.308800,-41.587500,20000.000000,0.678690,234.000000,74.900000,180.000000,nan,1000.000000,1035.762000
1,174.307000,-41.585400,21000.000000,0.567340,234.000000,74.900000,180.000000,nan,1000.000000,1035.762000
1,174.305200,-41.583400,22000.000000,0.440300,234.000000,74.900000,180.000000,nan,1000.000000,1035.762000
1,174.303400,-41.581400,23000.000000,0.300840,234.000000,74.900000,180.000000,nan,1000.000000,1035.762000
1,174.301600,-41.579400,24000.000000,0.152700,234.000000,74.900000,180.000000,nan,1000.000000,1035.762000
1,174.335200,-41.632700,0.000000,0.000000,234.000000,74.900000,180.000000,nan,1000.000000,1035.762000
1,174.333400,-41.630700,1000.000000,0.012240,234.000000,74.900000,180.000000,nan,1000.000000,1035.762000
1,174.331600,-41.628700,2000.000000,0.031690,234.000000,74.900000,180.000000,nan,1000.000000,1035.762000
1,174.329700,-41.626700,3000.000000,0.063410,234.000000,74.900000,180.000000,nan,1000.000000,1035.762000
1,174.327900,-41.624700,4000.000000,0.110420,234.000000,74.900000,180.000000,nan,1000.000000,1035.762000
1,174.326100,-41.622700,5000.000000,0.173640,234.000000,74.900000,180.000000,nan,1000.000000,1035.762000
1,174.324300,-41.620700,6000.000000,0.251980,234.000000,74.900000,180.000000,nan,1000.000000,1035.762000
1,174.322500,-41.618600,7000.000000,0.342630,234.000000,74.900000,180.000000,nan,1000.000000,1035.762000
1,174.320700,-41.616600,8000.000000,0.441450,234.000000,74.900000,180.000000,nan,1000.000000,1035.762000
1,174.318900,-41.614600,9000.000000,0.543510,234.000000,74.900000,180.000000,nan,1000.000000,1035.762000
1,174.317000,-41.612600,10000.000000,0.643480,234.000000,74.900000,180.000000,nan,1000.000000,1035.762000
1,174.315200,-41.610600,11000.000000,0.736140,234.000000,74.900000,180.000000,nan,1000.000000,1035.762000
1,174.313400,-41.608600,12000.000000,0.816650,234.000000,74.900000,180.000000,nan,1000.000000,1035.762000
1,174.311600,-41.606600,13000.000000,0.880800,234.000000,74.900000,180.000000,nan,1000.000000,1035.762000
1,174.309800,-41.604600,14000.000000,0.925210,234.000000,74.900000,180.000000,nan,1000.000000,1035.762000
1,174.308000,-41.602600,15000.000000,0.947380,234.000000,74.900000,180.000000,nan,1000.000000,1035.762000
1,174.306100,-41.600500,16000.000000,0.945730,234.000000,74.900000,180.000000,nan,1000.000000,1035.762000
1,174.304300,-41.598500,17000.000000,0.919590,234.000000,74.900000,180.000000,nan,1000.000000,1035.762000
1,174.302500,-41.596500,18000.000000,0.869160,234.000000,74.900000,180.000000,nan,1000.000000,1035.762000
1,174.300700,-41.594500,19000.000000,0.795420,234.000000,74.900000,180.000000,nan,1000.000000,1035.762000
1,174.298900,-41.592500,20000.000000,0.700080,234.000000,74.900000,180.000000,nan,1000.000000,1035.762000
1,174.297100,-41.590500,21000.000000,0.585480,234.000000,74.900000,180.000000,nan,1000.000000,1035.762000
1,174.295300,-41.588500,22000.000000,0.454530,234.000000,74.900000,180.000000,nan,1000.000000,1035.762000
1,174.293500,-41.586500,23000.000000,0.310640,234.000000,74.900000,180.000000,nan,1000.000000,1035.762000
1,174.291600,-41.584500,24000.000000,0.157690,234.000000,74.900000,180.000000,nan,1000.000000,1035.762000
1,174.325300,-41.637800,0.000000,0.000000,234.000000,74.900000,180.000000,nan,1000.000000,1035.762000
1,174.323400,-41.635800,1000.000000,0.006390,234.000000,74.900000,180.000000,nan,1000.000000,1035.762000
1,174.321600,-41.633700,2000.000000,0.020070,234.000000,74.900000,180.000000,nan,1000.000000,1035.762000
1,174.319800,-41.631700,3000.000000,0.046690,234.000000,74.900000,180.000000,nan,1000.000000,1035.762000
1,174.318000,-41.629700,4000.000000,0.089970,234.000000,74.900000,180.000000,nan,1000.000000,1035.762000
1,174.316200,-41.627700,5000.000000,0.151310,234.000000,74.900000,180.000000,nan,1000.000000,1035.762000
1,174.314400,-41.625700,6000.000000,0.229770,234.000000,74.900000,180.000000,nan,1000.000000,1035.762000
1,174.312600,-41.623700,7000.000000,0.322390,234.000000,74.900000,180.000000,nan,1000.000000,1035.762000
1,174.310700,-41.621700,8000.000000,0.424700,234.000000,74.900000,180.000000,nan,1000.000000,1035.762000
1,174.308900,-41.619700,9000.000000,0.531290,234.000000,74.900000,180.000000,nan,1000.000000,1035.762000
1,174.307100,-41.617700,10000.000000,0.636380,234.000000,74.900000,180.000000,nan,1000.000000,1035.762000
1,174.305300,-41.615700,11000.000000,0.734270,234.000000,74.900000,180.000000,nan,1000.000000,1035.762000
1,174.303500,-41.613600,12000.000000,0.819760,234.000000,74.900000,180.000000,nan,1000.000000,1035.762000
1,174.301700,-41.611600,13000.000000,0.888340,234.000000,74.900000,180.000000,nan,1000.000000,1035.762000
1,174.299800,-41.609600,14000.000000,0.936430,234.000000,74.900000,180.000000,nan,1000.000000,1035.762000
1,174.298000,-41.607600,15000.000000,0.961400,234.000000,74.900000,180.000000,nan,1000.000000,1035.762000
1,174.296200,-41.605600,16000.000000,0.961610,234.000000,74.900000,180.000000,nan,1000.000000,1035.762000
1,174.294400,-41.603600,17000.000000,0.936400,234.000000,74.900000,180.000000,nan,1000.000000,1035.762000
1,174.292600,-41.601600,18000.000000,0.886010,234.000000,74.900000,180.000000,nan,1000.000000,1035.762000
1,174.290800,-41.599600,19000.000000,0.811490,234.000000,74.900000,180.000000,nan,1000.000000,1035.762000
1,174.289000,-41.597600,20000.000000,0.714630,234.000000,74.900000,180.000000,nan,1000.000000,1035.762000
1,174.287100,-41.595500,21000.000000,0.597890,234.000000,74.900000,180.000000,nan,1000.000000,1035.762000
1,174.285300,-41.593500,22000.000000,0.464290,234.000000,74.900000,180.000000,nan,1000.000000,1035.762000
1,174.283500,-41.591500,23000.000000,0.317370,234.000000,74.900000,180.000000,nan,1000.000000,1035.762000
1,174.281700,-41.589500,24000.000000,0.161130,234.000000,74.900000,180.000000,nan,1000.000000,1035.762000
1,174.315300,-41.642800,0.000000,0.000000,234.000000,74.900000,180.000000,nan,1000.000000,1035.762000
1,174.313500,-41.640800,1000.000000,0.001940,234.000000,74.900000,180.000000,nan,1000.000000,1035.762000
1,174.311700,-41.638800,2000.000000,0.010060,234.000000,74.900000,180.000000,nan,1000.000000,1035.762000
1,174.309900,-41.636800,3000.000000,0.030940,234.000000,74.900000,180.000000,nan,1000.000000,1035.762000
1,174.308100,-41.634800,4000.000000,0.069400,234.000000,74.900000,180.000000,nan,1000.000000,1035.762000
1,174.306300,-41.632800,5000.000000,0.127610,234.000000,74.900000,180.000000,nan,1000.000000,1035.762000
1,174.304400,-41.630800,6000.000000,0.204930,234.000000,74.900000,180.000000,nan,1000.000000,1035.762000
1,174.302600,-41.628700,7000.000000,0.298340,234.000000,74.900000,180.000000,nan,1000.000000,1035.762000
1,174.300800,-41.626700,8000.000000,0.403020,234.000000,74.900000,180.000000,nan,1000.000000,1035.762000
1,174.299000,-41.624700,9000.000000,0.513120,234.000000,74.900000,180.000000,nan,1000.000000,1035.762000
1,174.297200,-41.622700,10000.000000,0.622380,234.000000,74.900000,180.000000,nan,1000.000000,1035.762000
1,174.295400,-41.620700,11000.000000,0.724660,234.000000,74.900000,180.000000,nan,1000.000000,1035.762000
1,174.293500,-41.618700,12000.000000,0.814410,234.000000,74.900000,180.000000,nan,1000.000000,1035.762000
1,174.291700,-41.616700,13000.000000,0.886860,234.000000,74.900000,180.000000,nan,1000.000000,1035.762000
1,174.289900,-41.614700,14000.000000,0.938220,234.000000,74.900000,180.000000,nan,1000.000000,1035.762000
1,174.288100,-41.612700,15000.000000,0.965790,234.000000,74.900000,180.000000,nan,1000.000000,1035.762000
1,174.286300,-41.610600,16000.000000,0.967890,234.000000,74.900000,180.000000,nan,1000.000000,1035.762000
1,174.284500,-41.608600,17000.000000,0.943860,234.000000,74.900000,180.000000,nan,1000.000000,1035.762000
1,174.282700,-41.606600,18000.000000,0.893990,234.000000,74.900000,180.000000,nan,1000.000000,1035.762000
1,174.280800,-41.604600,19000.000000,0.819390,234.000000,74.900000,180.000000,nan,1000.000000,1035.762000
1,174.279000,-41.602600,20000.000000,0.721970,234.000000,74.900000,180.000000,nan,1000.000000,1035.762000
1,174.277200,-41.600600,21000.000000,0.604240,234.000000,74.900000,180.000000,nan,1000.000000,1035.762000
1,174.275400,-41.598600,22000.000000,0.469340,234.000000,74.900000,180.000000,nan,1000.000000,1035.762000
1,174.273600,-41.596600,23000.000000,0.320870,234.000000,74.900000,180.000000,nan,1000.000000,1035.762000
1,174.271800,-41.594600,24000.000000,0.162910,234.000000,74.900000,180.000000,nan,1000.000000,1035.762000
1,174.305400,-41.647900,0.000000,0.000000,234.000000,74.900000,180.000000,nan,1000.000000,1035.762000
1,174.303600,-41.645900,1000.000000,0.000000,234.000000,74.900000,180.000000,nan,1000.000000,1035.762000
1,174.301800,-41.643800,2000.000000,0.003180,234.000000,74.900000,180.000000,nan,1000.000000,1035.762000
1,174.299900,-41.641800,3000.000000,0.017810,234.000000,74.900000,180.000000,nan,1000.000000,1035.762000
1,174.298100,-41.639800,4000.000000,0.050370,234.000000,74.900000,180.000000,nan,1000.000000,1035.762000
1,174.296300,-41.637800,5000.000000,0.104150,234.000000,74.900000,180.000000,nan,1000.000000,1035.762000
1,174.294500,-41.635800,6000.000000,0.179010,234.000000,74.900000,180.000000,nan,1000.000000,1035.762000
1,174.292700,-41.633800,7000.000000,0.271900,234.000000,74.900000,180.000000,nan,1000.000000,1035.762000
1,174.290900,-41.631800,8000.000000,0.377690,234.000000,74.900000,180.000000,nan,1000.000000,1035.762000
1,174.289100,-41.629800,9000.000000,0.490090,234.000000,74.900000,180.000000,nan,1000.000000,1035.762000
1,174.287200,-41.627800,10000.000000,0.602370,234.000000,74.900000,180.000000,nan,1000.000000,1035.762000
1,174.285400,-41.625700,11000.000000,0.708000,234.000000,74.900000,180.000000,nan,1000.000000,1035.762000
1,174.283600,-41.623700,12000.000000,0.801080,234.000000,74.900000,180.000000,nan,1000.000000,1035.762000
1,174.281800,-41.621700,13000.000000,0.876620,234.000000,74.900000,180.000000,nan,1000.000000,1035.762000
1,174.280000,-41.619700,14000.000000,0.930710,234.000000,74.900000,180.000000,nan,1000.000000,1035.762000
1,174.278200,-41.617700,15000.000000,0.960540,234.000000,74.900000,180.000000,nan,1000.000000,1035.762000
1,174.276400,-41.615700,16000.000000,0.964430,234.000000,74.900000,180.000000,nan,1000.000000,1035.762000
1,174.274500,-41.613700,17000.000000,0.941750,234.000000,74.900000,180.000000,nan,1000.000000,1035.762000
1,174.272700,-41.611700,18000.000000,0.892840,234.000000,74.900000,180.000000,nan,1000.000000,1035.762000
1,174.270900,-41.609700,19000.000000,0.818880,234.000000,74.900000,180.000000,nan,1000.000000,1035.762000
1,174.269100,-41.607600,20000.000000,0.721830,234.000000,74.900000,180.000000,nan,1000.000000,1035.762000
1,174.267300,-41.605600,21000.000000,0.604300,234.000000,74.900000,180.000000,nan,1000.000000,1035.762000
1,174.265500,-41.603600,22000.000000,0.469460,234.000000,74.900000,180.000000,nan,1000.000000,1035.762000
1,174.263700,-41.601600,23000.000000,0.320980,234.000000,74.900000,180.000000,nan,1000.000000,1035.762000
1,174.261800,-41.599600,24000.000000,0.162980,234.000000,74.900000,180.000000,nan,1000.000000,1035.762000
1,174.295500,-41.652900,0.000000,0.000000,234.000000,74.900000,180.000000,nan,1000.000000,1035.762000
1,174.293600,-41.650900,1000.000000,0.000000,234.000000,74.900000,180.000000,nan,1000.000000,1035.762000
1,174.291800,-41.648900,2000.000000,0.000000,234.000000,74.900000,180.000000,nan,1000.000000,1035.762000
1,174.290000,-41.646900,3000.000000,0.008350,234.000000,74.900000,180.000000,nan,1000.000000,1035.762000
1,174.288200,-41.644900,4000.000000,0.034170,234.000000,74.900000,180.000000,nan,1000.000000,1035.762000
1,174.286400,-41.642900,5000.000000,0.082360,234.000000,74.900000,180.000000,nan,1000.000000,1035.762000
1,174.284600,-41.640800,6000.000000,0.153460,234.000000,74.900000,180.000000,nan,1000.000000,1035.762000
1,174.282800,-41.638800,7000.000000,0.244490,234.000000,74.900000,180.000000,nan,1000.000000,1035.762000
1,174.280900,-41.636800,8000.000000,0.350030,234.000000,74.900000,180.000000,nan,1000.000000,1035.762000
1,174.279100,-41.634800,9000.000000,0.463360,234.000000,74.900000,180.000000,nan,1000.000000,1035.762000
1,174.277300,-41.632800,10000.000000,0.577330,234.000000,74.900000,180.000000,nan,1000.000000,1035.762000
1,174.275500,-41.630800,11000.000000,0.685050,234.000000,74.900000,180.000000,nan,1000.000000,1035.762000
1,174.273700,-41.628800,12000.000000,0.780340,234.000000,74.900000,180.000000,nan,1000.000000,1035.762000
1,174.271900,-41.626800,13000.000000,0.858040,234.000000,74.900000,180.000000,nan,1000.000000,1035.762000
1,174.270000,-41.624800,14000.000000,0.914120,234.000000,74.900000,180.000000,nan,1000.000000,1035.762000
1,174.268200,-41.622700,15000.000000,0.945750,234.000000,74.900000,180.000000,nan,1000.000000,1035.762000
1,174.266400,-41.620700,16000.000000,0.951240,234.000000,74.900000,180.000000,nan,1000.000000,1035.762000
1,174.264600,-41.618700,17000.000000,0.930010,234.000000,74.900000,180.000000,nan,1000.000000,1035.762000
1,174.262800,-41.616700,18000.000000,0.882450,234.000000,74.900000,180.000000,nan,1000.000000,1035.762000
1,174.261000,-41.614700,19000.000000,0.809800,234.000000,74.900000,180.000000,nan,1000.000000,1035.762000
1,174.259200,-41.612700,20000.000000,0.714080,234.000000,74.900000,180.000000,nan,1000.000000,1035.762000
1,174.257400,-41.610700,21000.000000,0.597920,234.000000,74.900000,180.000000,nan,1000.000000,1035.762000
1,174.255500,-41.608700,22000.000000,0.464550,234.000000,74.900000,180.000000,nan,1000.000000,1035.762000
1,174.253700,-41.606700,23000.000000,0.317630,234.000000,74.900000,180.000000,nan,1000.000000,1035.762000
1,174.251900,-41.604600,24000.000000,0.161280,234.000000,74.900000,180.000000,nan,1000.000000,1035.762000
1,174.285500,-41.658000,0.000000,0.000000,234.000000,74.900000,180.000000,nan,1000.000000,1035.762000
1,174.283700,-41.656000,1000.000000,0.000000,234.000000,74.900000,180.000000,nan,1000.000000,1035.762000
1,174.281900,-41.653900,2000.000000,0.000000,234.000000,74.900000,180.000000,nan,1000.000000,1035.762000
1,174.280100,-41.651900,3000.000000,0.002740,234.000000,74.900000,180.000000,nan,1000.000000,1035.762000
1,174.278300,-41.649900,4000.000000,0.021490,234.000000,74.900000,180.000000,nan,1000.000000,1035.762000
1,174.276400,-41.647900,5000.000000,0.063240,234.000000,74.900000,180.000000,nan,1000.000000,1035.762000
1,174.274600,-41.645900,6000.000000,0.129480,234.000000,74.900000,180.000000,nan,1000.000000,1035.762000
1,174.272800,-41.643900,7000.000000,0.217360,234.000000,74.900000,180.000000,nan,1000.000000,1035.762000
1,174.271000,-41.641900,8000.000000,0.321250,234.000000,74.900000,180.000000,nan,1000.000000,1035.762000
1,174.269200,-41.639900,9000.000000,0.434050,234.000000,74.900000,180.000000,nan,1000.000000,1035.762000
1,174.267400,-41.637800,10000.000000,0.548220,234.000000,74.900000,180.000000,nan,1000.000000,1035.762000
1,174.265600,-41.635800,11000.000000,0.656610,234.000000,74.900000,180.000000,nan,1000.000000,1035.762000
1,174.263700,-41.633800,12000.000000,0.752810,234.000000,74.900000,180.000000,nan,1000.000000,1035.762000
1,174.261900,-41.631800,13000.000000,0.831560,234.000000,74.900000,180.000000,nan,1000.000000,1035.762000
1,174.260100,-41.629800,14000.000000,0.888780,234.000000,74.900000,180.000000,nan,1000.000000,1035.762000
1,174.258300,-41.627800,15000.000000,0.921620,234.000000,74.900000,180.000000,nan,1000.000000,1035.762000
1,174.256500,-41.625800,16000.000000,0.928440,234.000000,74.900000,180.000000,nan,1000.000000,1035.762000
1,174.254700,-41.623800,17000.000000,0.908700,234.000000,74.900000,180.000000,nan,1000.000000,1035.762000
1,174.252900,-41.621800,18000.000000,0.862840,234.000000,74.900000,180.000000,nan,1000.000000,1035.762000
1,174.251000,-41.619700,19000.000000,0.792140,234.000000,74.900000,180.000000,nan,1000.000000,1035.762000
1,174.249200,-41.617700,20000.000000,0.698670,234.000000,74.900000,180.000000,nan,1000.000000,1035.762000
1,174.247400,-41.615700,21000.000000,0.585080,234.000000,74.900000,180.000000,nan,1000.000000,1035.762000
1,174.245600,-41.613700,22000.000000,0.454580,234.000000,74.900000,180.000000,nan,1000.000000,1035.762000
1,174.243800,-41.611700,23000.000000,0.310800,234.000000,74.900000,180.000000,nan,1000.000000,1035.762000
1,174.242000,-41.609700,24000.000000,0.157800,234.000000,74.900000,180.000000,nan,1000.000000,1035.762000
1,174.275600,-41.663000,0.000000,0.000000,234.000000,74.900000,180.000000,nan,1000.000000,1035.762000
1,174.273800,-41.661000,1000.000000,0.000000,234.000000,74.900000,180.000000,nan,1000.000000,1035.762000
1,174.271900,-41.659000,2000.000000,0.000000,234.000000,74.900000,180.000000,nan,1000.000000,1035.762000
1,174.270100,-41.657000,3000.000000,0.000000,234.000000,74.900000,180.000000,nan,1000.000000,1035.762000
1,174.268300,-41.655000,4000.000000,0.012330,234.000000,74.900000,180.000000,nan,1000.000000,1035.762000
1,174.266500,-41.652900,5000.000000,0.047340,234.000000,74.900000,180.000000,nan,1000.000000,1035.762000
1,174.264700,-41.650900,6000.000000,0.107920,234.000000,74.900000,180.000000,nan,1000.000000,1035.762000
1,174.262900,-41.648900,7000.000000,0.191550,234.000000,74.900000,180.000000,nan,1000.000000,1035.762000
1,174.261100,-41.646900,8000.000000,0.292410,234.000000,74.900000,180.000000,nan,1000.000000,1035.762000
1,174.259200,-41.644900,9000.000000,0.403130,234.000000,74.900000,180.000000,nan,1000.000000,1035.762000
1,174.257400,-41.642900,10000.000000,0.515920,234.000000,74.900000,180.000000,nan,1000.000000,1035.762000
1,174.255600,-41.640900,11000.000000,0.623400,234.000000,74.900000,180.000000,nan,1000.000000,1035.762000
1,174.253800,-41.638900,12000.000000,0.719100,234.000000,74.900000,180.000000,nan,1000.000000,1035.762000
1,174.252000,-41.636900,13000.000000,0.797680,234.000000,74.900000,180.000000,nan,1000.000000,1035.762000
1,174.250200,-41.634800,14000.000000,0.855070,234.000000,74.900000,180.000000,nan,1000.000000,1035.762000
1,174.248400,-41.632800,15000.000000,0.888470,234.000000,74.900000,180.000000,nan,1000.000000,1035.762000
1,174.246500,-41.630800,16000.000000,0.896280,234.000000,74.900000,180.000000,nan,1000.000000,1035.762000
1,174.244700,-41.628800,17000.000000,0.878020,234.000000,74.900000,180.000000,nan,1000.000000,1035.762000
1,174.242900,-41.626800,18000.000000,0.834160,234.000000,74.900000,180.000000,nan,1000.000000,1035.762000
1,174.241100,-41.624800,19000.000000,0.766040,234.000000,74.900000,180.000000,nan,1000.000000,1035.762000
1,174.239300,-41.622800,20000.000000,0.675730,234.000000,74.900000,180.000000,nan,1000.000000,1035.762000
1,174.237500,-41.620800,21000.000000,0.565860,234.000000,74.900000,180.000000,nan,1000.000000,1035.762000
1,174.235700,-41.618700,22000.000000,0.439600,234.000000,74.900000,180.000000,nan,1000.000000,1035.762000
1,174.233900,-41.616700,23000.000000,0.300520,234.000000,74.900000,180.000000,nan,1000.000000,1035.762000
1,174.232000,-41.614700,24000.000000,0.152570,234.000000,74.900000,180.000000,nan,1000.000000,1035.762000
1,174.265600,-41.668100,0.000000,0.000000,234.000000,74.900000,180.000000,nan,1000.000000,1035.762000
1,174.263800,-41.666000,1000.000000,0.000000,234.000000,74.900000,180.000000,nan,1000.000000,1035.762000
1,174.262000,-41.664000,2000.000000,0.000000,234.000000,74.900000,180.000000,nan,1000.000000,1035.762000
1,174.260200,-41.662000,3000.000000,0.000000,234.000000,74.900000,180.000000,nan,1000.000000,1035.762000
1,174.258400,-41.660000,4000.000000,0.006440,234.000000,74.900000,180.000000,nan,1000.000000,1035.762000
1,174.256600,-41.658000,5000.000000,0.034780,234.000000,74.900000,180.000000,nan,1000.000000,1035.762000
1,174.254700,-41.656000,6000.000000,0.089290,234.000000,74.900000,180.000000,nan,1000.000000,1035.762000
1,174.252900,-41.654000,7000.000000,0.167750,234.000000,74.900000,180.000000,nan,1000.000000,1035.762000
1,174.251100,-41.652000,8000.000000,0.264280,234.000000,74.900000,180.000000,nan,1000.000000,1035.762000
1,174.249300,-41.649900,9000.000000,0.371370,234.000000,74.900000,180.000000,nan,1000.000000,1035.762000
1,174.247500,-41.647900,10000.000000,0.481120,234.000000,74.900000,180.000000,nan,1000.000000,1035.762000
1,174.245700,-41.645900,11000.000000,0.586080,234.000000,74.900000,180.000000,nan,1000.000000,1035.762000
1,174.243900,-41.643900,12000.000000,0.679760,234.000000,74.900000,180.000000,nan,1000.000000,1035.762000
1,174.242000,-41.641900,13000.000000,0.756890,234.000000,74.900000,180.000000,nan,1000.000000,1035.762000
1,174.240200,-41.639900,14000.000000,0.813440,234.000000,74.900000,180.000000,nan,1000.000000,1035.762000
1,174.238400,-41.637900,15000.000000,0.846700,234.000000,74.900000,180.000000,nan,1000.000000,1035.762000
1,174.236600,-41.635900,16000.000000,0.855130,234.000000,74.900000,180.000000,nan,1000.000000,1035.762000
1,174.234800,-41.633900,17000.000000,0.838300,234.000000,74.900000,180.000000,nan,1000.000000,1035.762000
1,174.233000,-41.631800,18000.000000,0.796740,234.000000,74.900000,180.000000,nan,1000.000000,1035.762000
1,174.231200,-41.629800,19000.000000,0.731790,234.000000,74.900000,180.000000,nan,1000.000000,1035.762000
1,174.229400,-41.627800,20000.000000,0.645490,234.000000,74.900000,180.000000,nan,1000.000000,1035.762000
1,174.227500,-41.625800,21000.000000,0.540470,234.000000,74.900000,180.000000,nan,1000.000000,1035.762000
1,174.225700,-41.623800,22000.000000,0.419790,234.000000,74.900000,180.000000,nan,1000.000000,1035.762000
1,174.223900,-41.621800,23000.000000,0.286920,234.000000,74.900000,180.000000,nan,1000.000000,1035.762000
1,174.222100,-41.619800,24000.000000,0.145640,234.000000,74.900000,180.000000,nan,1000.000000,1035.762000
1,174.255700,-41.673100,0.000000,0.000000,234.000000,74.900000,180.000000,nan,1000.000000,1035.762000
1,174.253900,-41.671100,1000.000000,0.000000,234.000000,74.900000,180.000000,nan,1000.000000,1035.762000
1,174.252100,-41.669100,2000.000000,0.000000,234.000000,74.900000,180.000000,nan,1000.000000,1035.762000
1,174.250200,-41.667100,3000.000000,0.000000,234.000000,74.900000,180.000000,nan,1000.000000,1035.762000
1,174.248400,-41.665000,4000.000000,0.002480,234.000000,74.900000,180.000000,nan,1000.000000,1035.762000
1,174.246600,-41.663000,5000.000000,0.025200,234.000000,74.900000,180.000000,nan,1000.000000,1035.762000
1,174.244800,-41.661000,6000.000000,0.073720,234.000000,74.900000,180.000000,nan,1000.000000,1035.762000
1,174.243000,-41.659000,7000.000000,0.146330,234.000000,74.900000,180.000000,nan,1000.000000,1035.762000
1,174.241200,-41.657000,8000.000000,0.237350,234.000000,74.900000,180.000000,nan,1000.000000,1035.762000
1,174.239400,-41.655000,9000.000000,0.339290,234.000000,74.900000,180.000000,nan,1000.000000,1035.762000
1,174.237500,-41.653000,10000.000000,0.444330,234.000000,74.900000,180.000000,nan,1000.000000,1035.762000
1,174.235700,-41.651000,11000.000000,0.545120,234.000000,74.900000,180.000000,nan,1000.000000,1035.762000
1,174.233900,-41.649000,12000.000000,0.635290,234.000000,74.900000,180.000000,nan,1000.000000,1035.762000
1,174.232100,-41.646900,13000.000000,0.709670,234.000000,74.900000,180.000000,nan,1000.000000,1035.762000
1,174.230300,-41.644900,14000.000000,0.764390,234.000000,74.900000,180.000000,nan,1000.000000,1035.762000
1,174.228500,-41.642900,15000.000000,0.796810,234.000000,74.900000,180.000000,nan,1000.000000,1035.762000
1,174.226700,-41.640900,16000.000000,0.805490,234.000000,74.900000,180.000000,nan,1000.000000,1035.762000
1,174.224900,-41.638900,17000.000000,0.790060,234.000000,74.900000,180.000000,nan,1000.000000,1035.762000
1,174.223000,-41.636900,18000.000000,0.751060,234.000000,74.900000,180.000000,nan,1000.000000,1035.762000
1,174.221200,-41.634900,19000.000000,0.689830,234.000000,74.900000,180.000000,nan,1000.000000,1035.762000
1,174.219400,-41.632900,20000.000000,0.608390,234.000000,74.900000,180.000000,nan,1000.000000,1035.762000
1,174.217600,-41.630800,21000.000000,0.509260,234.000000,74.900000,180.000000,nan,1000.000000,1035.762000
1,174.215800,-41.628800,22000.000000,0.395430,234.000000,74.900000,180.000000,nan,1000.000000,1035.762000
1,174.214000,-41.626800,23000.000000,0.270180,234.000000,74.900000,180.000000,nan,1000.000000,1035.762000
1,174.212200,-41.624800,24000.000000,0.137110,234.000000,74.900000,180.000000,nan,1000.000000,1035.762000
1,174.245700,-41.678100,0.000000,0.000000,234.000000,74.900000,180.000000,nan,1000.000000,1035.762000
1,174.243900,-41.676100,1000.000000,0.000000,234.000000,74.900000,180.000000,nan,1000.000000,1035.762000
1,174.242100,-41.674100,2000.000000,0.000000,234.000000,74.900000,180.000000,nan,1000.000000,1035.762000
1,174.240300,-41.672100,3000.000000,0.000000,234.000000,74.900000,180.000000,nan,1000.000000,1035.762000
1,174.238500,-41.670100,4000.000000,0.000320,234.000000,74.900000,180.000000,nan,1000.000000,1035.762000
1,174.236700,-41.668100,5000.000000,0.018450,234.000000,74.900000,180.000000,nan,1000.000000,1035.762000
1,174.234900,-41.666100,6000.000000,0.061160,234.000000,74.900000,180.000000,nan,1000.000000,1035.762000
1,174.233000,-41.664100,7000.000000,0.127370,234.000000,74.900000,180.000000,nan,1000.000000,1035.762000
1,174.231200,-41.662000,8000.000000,0.211740,234.000000,74.900000,180.000000,nan,1000.000000,1035.762000
1,174.229400,-41.660000,9000.000000,0.307090,234.000000,74.900000,180.000000,nan,1000.000000,1035.762000
1,174.227600,-41.658000,10000.000000,0.405820,234.000000,74.900000,180.000000,nan,1000.000000,1035.762000
1,174.225800,-41.656000,11000.000000,0.500870,234.000000,74.900000,180.000000,nan,1000.000000,1035.762000
1,174.224000,-41.654000,12000.000000,0.586100,234.000000,74.900000,180.000000,nan,1000.000000,1035.762000
1,174.222200,-41.652000,13000.000000,0.656540,234.000000,74.900000,180.000000,nan,1000.000000,1035.762000
1,174.220400,-41.650000,14000.000000,0.708480,234.000000,74.900000,180.000000,nan,1000.000000,1035.762000
1,174.218500,-41.648000,15000.000000,0.739440,234.000000,74.900000,180.000000,nan,1000.000000,1035.762000
1,174.216700,-41.645900,16000.000000,0.748050,234.000000,74.900000,180.000000,nan,1000.000000,1035.762000
1,174.214900,-41.643900,17000.000000,0.733980,234.000000,74.900000,180.000000,nan,1000.000000,1035.762000
1,174.213100,-41.641900,18000.000000,0.697810,234.000000,74.900000,180.000000,nan,1000.000000,1035.762000
1,174.211300,-41.639900,19000.000000,0.640840,234.000000,74.900000,180.000000,nan,1000.000000,1035.762000
1,174.209500,-41.637900,20000.000000,0.565010,234.000000,74.900000,180.000000,nan,1000.000000,1035.762000
1,174.207700,-41.635900,21000.000000,0.472760,234.000000,74.900000,180.000000,nan,1000.000000,1035.762000
1,174.205800,-41.633900,22000.000000,0.366920,234.000000,74.900000,180.000000,nan,1000.000000,1035.762000
1,174.204000,-41.631900,23000.000000,0.250600,234.000000,74.900000,180.000000,nan,1000.000000,1035.762000
1,174.202200,-41.629800,24000.000000,0.127120,234.000000,74.900000,180.000000,nan,1000.000000,1035.762000
1,174.235800,-41.683200,0.000000,0.000000,234.000000,74.900000,180.000000,nan,1000.000000,1035.762000
1,174.234000,-41.681200,1000.000000,0.000000,234.000000,74.900000,180.000000,nan,1000.000000,1035.762000
1,174.232200,-41.679200,2000.000000,0.000000,234.000000,74.900000,180.000000,nan,1000.000000,1035.762000
1,174.230400,-41.677100,3000.000000,0.000000,234.000000,74.900000,180.000000,nan,1000.000000,1035.762000
1,174.228500,-41.675100,4000.000000,0.000000,234.000000,74.900000,180.000000,nan,1000.000000,1035.762000
1,174.226700,-41.673100,5000.000000,0.014230,234.000000,74.900000,180.000000,nan,1000.000000,1035.762000
1,174.224900,-41.671100,6000.000000,0.051220,234.000000,74.900000,180.000000,nan,1000.000000,1035.762000
1,174.223100,-41.669100,7000.000000,0.110520,234.000000,74.900000,180.000000,nan,1000.000000,1035.762000
1,174.221300,-41.667100,8000.000000,0.187250,234.000000,74.900000,180.000000,nan,1000.000000,1035.762000
1,174.219500,-41.665100,9000.000000,0.274680,234.000000,74.900000,180.000000,nan,1000.000000,1035.762000
1,174.217700,-41.663100,10000.000000,0.365680,234.000000,74.900000,180.000000,nan,1000.000000,1035.762000
1,174.215800,-41.661000,11000.000000,0.453590,234.000000,74.900000,180.000000,nan,1000.000000,1035.762000
1,174.214000,-41.659000,12000.000000,0.532600,234.000000,74.900000,180.000000,nan,1000.000000,1035.762000
1,174.212200,-41.657000,13000.000000,0.598050,234.000000,74.900000,180.000000,nan,1000.000000,1035.762000
1,174.210400,-41.655000,14000.000000,0.646430,234.000000,74.900000,180.000000,nan,1000.000000,1035.762000
1,174.208600,-41.653000,15000.000000,0.675400,234.000000,74.900000,180.000000,nan,1000.000000,1035.762000
1,174.206800,-41.651000,16000.000000,0.683680,234.000000,74.900000,180.000000,nan,1000.000000,1035.762000
1,174.205000,-41.649000,17000.000000,0.671000,234.000000,74.900000,180.000000,nan,1000.000000,1035.762000
1,174.203200,-41.647000,18000.000000,0.637910,234.000000,74.900000,180.000000,nan,1000.000000,1035.762000
1,174.201300,-41.644900,19000.000000,0.585680,234.000000,74.900000,180.000000,nan,1000.000000,1035.762000
1,174.199500,-41.642900,20000.000000,0.516160,234.000000,74.900000,180.000000,nan,1000.000000,1035.762000
1,174.197700,-41.640900,21000.000000,0.431650,234.000000,74.900000,180.000000,nan,1000.000000,1035.762000
1,174.195900,-41.638900,22000.000000,0.334810,234.000000,74.900000,180.000000,nan,1000.000000,1035.762000
1,174.194100,-41.636900,23000.000000,0.228530,234.000000,74.900000,180.000000,nan,1000.000000,1035.762000
1,174.192300,-41.634900,24000.000000,0.115880,234.000000,74.900000,180.000000,nan,1000.000000,1035.762000
1,174.225900,-41.688200,0.000000,0.000000,234.000000,74.900000,180.000000,nan,1000.000000,1035.762000
1,174.224000,-41.686200,1000.000000,0.000000,234.000000,74.900000,180.000000,nan,1000.000000,1035.762000
1,174.222200,-41.684200,2000.000000,0.000000,234.000000,74.900000,180.000000,nan,1000.000000,1035.762000
1,174.220400,-41.682200,3000.000000,0.000000,234.000000,74.900000,180.000000,nan,1000.000000,1035.762000
1,174.218600,-41.680200,4000.000000,0.000000,234.000000,74.900000,180.000000,nan,1000.000000,1035.762000
1,174.216800,-41.678200,5000.000000,0.011390,234.000000,74.900000,180.000000,nan,1000.000000,1035.762000
1,174.215000,-41.676100,6000.000000,0.043050,234.000000,74.900000,180.000000,nan,1000.000000,1035.762000
1,174.213200,-41.674100,7000.000000,0.095100,234.000000,74.900000,180.000000,nan,1000.000000,1035.762000
1,174.211300,-41.672100,8000.000000,0.163360,234.000000,74.900000,180.000000,nan,1000.000000,1035.762000
1,174.209500,-41.670100,9000.000000,0.241780,234.000000,74.900000,180.000000,nan,1000.000000,1035.762000
1,174.207700,-41.668100,10000.000000,0.323870,234.000000,74.900000,180.000000,nan,1000.000000,1035.762000
1,174.205900,-41.666100,11000.000000,0.403490,234.000000,74.900000,180.000000,nan,1000.000000,1035.762000
1,174.204100,-41.664100,12000.000000,0.475300,234.000000,74.900000,180.000000,nan,1000.000000,1035.762000
1,174.202300,-41.662100,13000.000000,0.534930,234.000000,74.900000,180.000000,nan,1000.000000,1035.762000
1,174.200500,-41.660000,14000.000000,0.579140,234.000000,74.900000,180.000000,nan,1000.000000,1035.762000
1,174.198600,-41.658000,15000.000000,0.605730,234.000000,74.900000,180.000000,nan,1000.000000,1035.762000
1,174.196800,-41.656000,16000.000000,0.613540,234.000000,74.900000,180.000000,nan,1000.000000,1035.762000
1,174.195000,-41.654000,17000.000000,0.602300,234.000000,74.900000,180.000000,nan,1000.000000,1035.762000
1,174.193200,-41.652000,18000.000000,0.572540,234.000000,74.900000,180.000000,nan,1000.000000,1035.762000
1,174.191400,-41.650000,19000.000000,0.525480,234.000000,74.900000,180.000000,nan,1000.000000,1035.762000
1,174.189600,-41.648000,20000.000000,0.462840,234.000000,74.900000,180.000000,nan,1000.000000,1035.762000
1,174.187800,-41.646000,21000.000000,0.386790,234.000000,74.900000,180.000000,nan,1000.000000,1035.762000
1,174.186000,-41.643900,22000.000000,0.299780,234.000000,74.900000,180.000000,nan,1000.000000,1035.762000
1,174.184200,-41.641900,23000.000000,0.204470,234.000000,74.900000,180.000000,nan,1000.000000,1035.762000
1,174.182300,-41.639900,24000.000000,0.103620,234.000000,74.900000,180.000000,nan,1000.000000,1035.762000
1,174.215900,-41.693300,0.000000,0.000000,234.000000,74.900000,180.000000,nan,1000.000000,1035.762000
1,174.214100,-41.691200,1000.000000,0.000000,234.000000,74.900000,180.000000,nan,1000.000000,1035.762000
1,174.212300,-41.689200,2000.000000,0.000000,234.000000,74.900000,180.000000,nan,1000.000000,1035.762000
1,174.210500,-41.687200,3000.000000,0.000000,234.000000,74.900000,180.000000,nan,1000.000000,1035.762000
1,174.208600,-41.685200,4000.000000,0.000000,234.000000,74.900000,180.000000,nan,1000.000000,1035.762000
1,174.206800,-41.683200,5000.000000,0.009180,234.000000,74.900000,180.000000,nan,1000.000000,1035.762000
1,174.205000,-41.681200,6000.000000,0.035740,234.000000,74.900000,180.000000,nan,1000.000000,1035.762000
1,174.203200,-41.679200,7000.000000,0.080290,234.000000,74.900000,180.000000,nan,1000.000000,1035.762000
1,174.201400,-41.677200,8000.000000,0.139460,234.000000,74.900000,180.000000,nan,1000.000000,1035.762000
1,174.199600,-41.675100,9000.000000,0.208080,234.000000,74.900000,180.000000,nan,1000.000000,1035.762000
1,174.197800,-41.673100,10000.000000,0.280410,234.000000,74.900000,180.000000,nan,1000.000000,1035.762000
1,174.196000,-41.671100,11000.000000,0.350950,234.000000,74.900000,180.000000,nan,1000.000000,1035.762000
1,174.194100,-41.669100,12000.000000,0.414850,234.000000,74.900000,180.000000,nan,1000.000000,1035.762000
1,174.192300,-41.667100,13000.000000,0.468120,234.000000,74.900000,180.000000,nan,1000.000000,1035.762000
1,174.190500,-41.665100,14000.000000,0.507770,234.000000,74.900000,180.000000,nan,1000.000000,1035.762000
1,174.188700,-41.663100,15000.000000,0.531770,234.000000,74.900000,180.000000,nan,1000.000000,1035.762000
1,174.186900,-41.661100,16000.000000,0.539030,234.000000,74.900000,180.000000,nan,1000.000000,1035.762000
1,174.185100,-41.659000,17000.000000,0.529320,234.000000,74.900000,180.000000,nan,1000.000000,1035.762000
1,174.183300,-41.657000,18000.000000,0.503130,234.000000,74.900000,180.000000,nan,1000.000000,1035.762000
1,174.181500,-41.655000,19000.000000,0.461580,234.000000,74.900000,180.000000,nan,1000.000000,1035.762000
1,174.179600,-41.653000,20000.000000,0.406280,234.000000,74.900000,180.000000,nan,1000.000000,1035.762000
1,174.177800,-41.651000,21000.000000,0.339220,234.000000,74.900000,180.000000,nan,1000.000000,1035.762000
1,174.176000,-41.649000,22000.000000,0.262660,234.000000,74.900000,180.000000,nan,1000.000000,1035.762000
1,174.174200,-41.647000,23000.000000,0.178980,234.000000,74.900000,180.000000,nan,1000.000000,1035.762000
1,174.172400,-41.645000,24000.000000,0.090630,234.000000,74.900000,180.000000,nan,1000.000000,1035.762000
1,174.206000,-41.698300,0.000000,0.000000,234.000000,74.900000,180.000000,nan,1000.000000,1035.762000
1,174.204100,-41.696300,1000.000000,0.000000,234.000000,74.900000,180.000000,nan,1000.000000,1035.762000
1,174.202300,-41.694300,2000.000000,0.000000,234.000000,74.900000,180.000000,nan,1000.000000,1035.762000
1,174.200500,-41.692300,3000.000000,0.000000,234.000000,74.900000,180.000000,nan,1000.000000,1035.762000
1,174.198700,-41.690200,4000.000000,0.000000,234.000000,74.900000,180.000000,nan,1000.000000,1035.762000
1,174.196900,-41.688200,5000.000000,0.007110,234.000000,74.900000,180.000000,nan,1000.000000,1035.762000
1,174.195100,-41.686200,6000.000000,0.028560,234.000000,74.900000,180.000000,nan,1000.000000,1035.762000
1,174.193300,-41.684200,7000.000000,0.065380,234.000000,74.900000,180.000000,nan,1000.000000,1035.762000
1,174.191400,-41.682200,8000.000000,0.115100,234.000000,74.900000,180.000000,nan,1000.000000,1035.762000
1,174.189600,-41.680200,9000.000000,0.173470,234.000000,74.900000,180.000000,nan,1000.000000,1035.762000
1,174.187800,-41.678200,10000.000000,0.235580,234.000000,74.900000,180.000000,nan,1000.000000,1035.762000
1,174.186000,-41.676200,11000.000000,0.296620,234.000000,74.900000,180.000000,nan,1000.000000,1035.762000
1,174.184200,-41.674100,12000.000000,0.352260,234.000000,74.900000,180.000000,nan,1000.000000,1035.762000
1,174.182400,-41.672100,13000.000000,0.398910,234.000000,74.900000,180.000000,nan,1000.000000,1035.762000
1,174.180600,-41.670100,14000.000000,0.433830,234.000000,74.900000,180.000000,nan,1000.000000,1035.762000
1,174.178800,-41.668100,15000.000000,0.455160,234.000000,74.900000,180.000000,nan,1000.000000,1035.762000
1,174.176900,-41.666100,16000.000000,0.461910,234.000000,74.900000,180.000000,nan,1000.000000,1035.762000
1,174.175100,-41.664100,17000.000000,0.453840,234.000000,74.900000,180.000000,nan,1000.000000,1035.762000
1,174.173300,-41.662100,18000.000000,0.431400,234.000000,74.900000,180.000000,nan,1000.000000,1035.762000
1,174.171500,-41.660100,19000.000000,0.395600,234.000000,74.900000,180.000000,nan,1000.000000,1035.762000
1,174.169700,-41.658000,20000.000000,0.347920,234.000000,74.900000,180.000000,nan,1000.000000,1035.762000
1,174.167900,-41.656000,21000.000000,0.290170,234.000000,74.900000,180.000000,nan,1000.000000,1035.762000
1,174.166100,-41.654000,22000.000000,0.224390,234.000000,74.900000,180.000000,nan,1000.000000,1035.762000
1,174.164300,-41.652000,23000.000000,0.152710,234.000000,74.900000,180.000000,nan,1000.000000,1035.762000
1,174.162400,-41.650000,24000.000000,0.077240,234.000000,74.900000,180.000000,nan,1000.000000,1035.762000
1,174.196000,-41.703300,0.000000,0.000000,234.000000,74.900000,180.000000,nan,1000.000000,1035.762000
1,174.194200,-41.701300,1000.000000,0.000000,234.000000,74.900000,180.000000,nan,1000.000000,1035.762000
1,174.192400,-41.699300,2000.000000,0.000000,234.000000,74.900000,180.000000,nan,1000.000000,1035.762000
1,174.190600,-41.697300,3000.000000,0.000000,234.000000,74.900000,180.000000,nan,1000.000000,1035.762000
1,174.188700,-41.695300,4000.000000,0.000000,234.000000,74.900000,180.000000,nan,1000.000000,1035.762000
1,174.186900,-41.693300,5000.000000,0.004870,234.000000,74.900000,180.000000,nan,1000.000000,1035.762000
1,174.185100,-41.691300,6000.000000,0.021080,234.000000,74.900000,180.000000,nan,1000.000000,1035.762000
1,174.183300,-41.689200,7000.000000,0.050080,234.000000,74.900000,180.000000,nan,1000.000000,1035.762000
1,174.181500,-41.687200,8000.000000,0.090270,234.000000,74.900000,180.000000,nan,1000.000000,1035.762000
1,174.179700,-41.685200,9000.000000,0.138310,234.000000,74.900000,180.000000,nan,1000.000000,1035.762000
1,174.177900,-41.683200,10000.000000,0.190140,234.000000,74.900000,180.000000,nan,1000.000000,1035.762000
1,174.176100,-41.681200,11000.000000,0.241620,234.000000,74.900000,180.000000,nan,1000.000000,1035.762000
1,174.174200,-41.679200,12000.000000,0.288960,234.000000,74.900000,180.000000,nan,1000.000000,1035.762000
1,174.172400,-41.677200,13000.000000,0.328980,234.000000,74.900000,180.000000,nan,1000.000000,1035.762000
1,174.170600,-41.675200,14000.000000,0.359190,234.000000,74.900000,180.000000,nan,1000.000000,1035.762000
1,174.168800,-41.673100,15000.000000,0.377920,234.000000,74.900000,180.000000,nan,1000.000000,1035.762000
1,174.167000,-41.671100,16000.000000,0.384230,234.000000,74.900000,180.000000,nan,1000.000000,1035.762000
1,174.165200,-41.669100,17000.000000,0.377890,234.000000,74.900000,180.000000,nan,1000.000000,1035.762000
1,174.163400,-41.667100,18000.000000,0.359290,234.000000,74.900000,180.000000,nan,1000.000000,1035.762000
1,174.161600,-41.665100,19000.000000,0.329330,234.000000,74.900000,180.000000,nan,1000.000000,1035.762000
1,174.159700,-41.663100,20000.000000,0.289360,234.000000,74.900000,180.000000,nan,1000.000000,1035.762000
1,174.157900,-41.661100,21000.000000,0.241000,234.000000,74.900000,180.000000,nan,1000.000000,1035.762000
1,174.156100,-41.659100,22000.000000,0.186060,234.000000,74.900000,180.000000,nan,1000.000000,1035.762000
1,174.154300,-41.657000,23000.000000,0.126400,234.000000,74.900000,180.000000,nan,1000.000000,1035.762000
1,174.152500,-41.655000,24000.000000,0.063850,234.000000,74.900000,180.000000,nan,1000.000000,1035.762000
1,174.186000,-41.708400,0.000000,0.000000,234.000000,74.900000,180.000000,nan,1000.000000,1035.762000
1,174.184200,-41.706400,1000.000000,0.000000,234.000000,74.900000,180.000000,nan,1000.000000,1035.762000
1,174.182400,-41.704300,2000.000000,0.000000,234.000000,74.900000,180.000000,nan,1000.000000,1035.762000
1,174.180600,-41.702300,3000.000000,0.000000,234.000000,74.900000,180.000000,nan,1000.000000,1035.762000
1,174.178800,-41.700300,4000.000000,0.000000,234.000000,74.900000,180.000000,nan,1000.000000,1035.762000
1,174.177000,-41.698300,5000.000000,0.002500,234.000000,74.900000,180.000000,nan,1000.000000,1035.762000
1,174.175200,-41.696300,6000.000000,0.013470,234.000000,74.900000,180.000000,nan,1000.000000,1035.762000
1,174.173400,-41.694300,7000.000000,0.034780,234.000000,74.900000,180.000000,nan,1000.000000,1035.762000
1,174.171500,-41.692300,8000.000000,0.065650,234.000000,74.900000,180.000000,nan,1000.000000,1035.762000
1,174.169700,-41.690300,9000.000000,0.103620,234.000000,74.900000,180.000000,nan,1000.000000,1035.762000
1,174.167900,-41.688200,10000.000000,0.145420,234.000000,74.900000,180.000000,nan,1000.000000,1035.762000
1,174.166100,-41.686200,11000.000000,0.187590,234.000000,74.900000,180.000000,nan,1000.000000,1035.762000
1,174.164300,-41.684200,12000.000000,0.226870,234.000000,74.900000,180.000000,nan,1000.000000,1035.762000
1,174.162500,-41.682200,13000.000000,0.260440,234.000000,74.900000,180.000000,nan,1000.000000,1035.762000
1,174.160700,-41.680200,14000.000000,0.286110,234.000000,74.900000,180.000000,nan,1000.000000,1035.762000
1,174.158900,-41.678200,15000.000000,0.302350,234.000000,74.900000,180.000000,nan,1000.000000,1035.762000
1,174.157000,-41.676200,16000.000000,0.308300,234.000000,74.900000,180.000000,nan,1000.000000,1035.762000
1,174.155200,-41.674200,17000.000000,0.303720,234.000000,74.900000,180.000000,nan,1000.000000,1035.762000
1,174.153400,-41.672100,18000.000000,0.288940,234.000000,74.900000,180.000000,nan,1000.000000,1035.762000
1,174.151600,-41.670100,19000.000000,0.264760,234.000000,74.900000,180.000000,nan,1000.000000,1035.762000
1,174.149800,-41.668100,20000.000000,0.232360,234.000000,74.900000,180.000000,nan,1000.000000,1035.762000
1,174.148000,-41.666100,21000.000000,0.193170,234.000000,74.900000,180.000000,nan,1000.000000,1035.762000
1,174.146200,-41.664100,22000.000000,0.148800,234.000000,74.900000,180.000000,nan,1000.000000,1035.762000
1,174.144400,-41.662100,23000.000000,0.100850,234.000000,74.900000,180.000000,nan,1000.000000,1035.762000
1,174.142500,-41.660100,24000.000000,0.050840,234.000000,74.900000,180.000000,nan,1000.000000,1035.762000
1,174.176100,-41.713400,0.000000,0.000000,234.000000,74.900000,180.000000,nan,1000.000000,1035.762000
1,174.174300,-41.711400,1000.000000,0.000000,234.000000,74.900000,180.000000,nan,1000.000000,1035.762000
1,174.172500,-41.709400,2000.000000,0.000000,234.000000,74.900000,180.000000,nan,1000.000000,1035.762000
1,174.170600,-41.707400,3000.000000,0.000000,234.000000,74.900000,180.000000,nan,1000.000000,1035.762000
1,174.168800,-41.705400,4000.000000,0.000000,234.000000,74.900000,180.000000,nan,1000.000000,1035.762000
1,174.167000,-41.703300,5000.000000,0.000570,234.000000,74.900000,180.000000,nan,1000.000000,1035.762000
1,174.165200,-41.701300,6000.000000,0.006630,234.000000,74.900000,180.000000,nan,1000.000000,1035.762000
1,174.163400,-41.699300,7000.000000,0.020660,234.000000,74.900000,180.000000,nan,1000.000000,1035.762000
1,174.161600,-41.697300,8000.000000,0.042700,234.000000,74.900000,180.000000,nan,1000.000000,1035.762000
1,174.159800,-41.695300,9000.000000,0.071110,234.000000,74.900000,180.000000,nan,1000.000000,1035.762000
1,174.158000,-41.693300,10000.000000,0.103390,234.000000,74.900000,180.000000,nan,1000.000000,1035.762000
1,174.156100,-41.691300,11000.000000,0.136700,234.000000,74.900000,180.000000,nan,1000.000000,1035.762000
1,174.154300,-41.689300,12000.000000,0.168290,234.000000,74.900000,180.000000,nan,1000.000000,1035.762000
1,174.152500,-41.687200,13000.000000,0.195730,234.000000,74.900000,180.000000,nan,1000.000000,1035.762000
1,174.150700,-41.685200,14000.000000,0.217080,234.000000,74.900000,180.000000,nan,1000.000000,1035.762000
1,174.148900,-41.683200,15000.000000,0.230960,234.000000,74.900000,180.000000,nan,1000.000000,1035.762000
1,174.147100,-41.681200,16000.000000,0.236590,234.000000,74.900000,180.000000,nan,1000.000000,1035.762000
1,174.145300,-41.679200,17000.000000,0.233710,234.000000,74.900000,180.000000,nan,1000.000000,1035.762000
1,174.143500,-41.677200,18000.000000,0.222580,234.000000,74.900000,180.000000,nan,1000.000000,1035.762000
1,174.141700,-41.675200,19000.000000,0.203900,234.000000,74.900000,180.000000,nan,1000.000000,1035.762000
1,174.139800,-41.673100,20000.000000,0.178690,234.000000,74.900000,180.000000,nan,1000.000000,1035.762000
1,174.138000,-41.671100,21000.000000,0.148190,234.000000,74.900000,180.000000,nan,1000.000000,1035.762000
1,174.136200,-41.669100,22000.000000,0.113780,234.000000,74.900000,180.000000,nan,1000.000000,1035.762000
1,174.134400,-41.667100,23000.000000,0.076850,234.000000,74.900000,180.000000,nan,1000.000000,1035.762000
1,174.132600,-41.665100,24000.000000,0.038620,234.000000,74.900000,180.000000,nan,1000.000000,1035.762000
1,174.166100,-41.718400,0.000000,0.000000,234.000000,74.900000,180.000000,nan,1000.000000,1035.762000
1,174.164300,-41.716400,1000.000000,0.000000,234.000000,74.900000,180.000000,nan,1000.000000,1035.762000
1,174.162500,-41.714400,2000.000000,0.000000,234.000000,74.900000,180.000000,nan,1000.000000,1035.762000
1,174.160700,-41.712400,3000.000000,0.000000,234.000000,74.900000,180.000000,nan,1000.000000,1035.762000
1,174.158900,-41.710400,4000.000000,0.000000,234.000000,74.900000,180.000000,nan,1000.000000,1035.762000
1,174.157100,-41.708400,5000.000000,0.000000,234.000000,74.900000,180.000000,nan,1000.000000,1035.762000
1,174.155300,-41.706400,6000.000000,0.001930,234.000000,74.900000,180.000000,nan,1000.000000,1035.762000
1,174.153400,-41.704400,7000.000000,0.009420,234.000000,74.900000,180.000000,nan,1000.000000,1035.762000
1,174.151600,-41.702300,8000.000000,0.023370,234.000000,74.900000,180.000000,nan,1000.000000,1035.762000
1,174.149800,-41.700300,9000.000000,0.042940,234.000000,74.900000,180.000000,nan,1000.000000,1035.762000
1,174.148000,-41.698300,10000.000000,0.066360,234.000000,74.900000,180.000000,nan,1000.000000,1035.762000
1,174.146200,-41.696300,11000.000000,0.091400,234.000000,74.900000,180.000000,nan,1000.000000,1035.762000
1,174.144400,-41.694300,12000.000000,0.115780,234.000000,74.900000,180.000000,nan,1000.000000,1035.762000
1,174.142600,-41.692300,13000.000000,0.137440,234.000000,74.900000,180.000000,nan,1000.000000,1035.762000
1,174.140800,-41.690300,14000.000000,0.154690,234.000000,74.900000,180.000000,nan,1000.000000,1035.762000
1,174.138900,-41.688200,15000.000000,0.166310,234.000000,74.900000,180.000000,nan,1000.000000,1035.762000
1,174.137100,-41.686200,16000.000000,0.171570,234.000000,74.900000,180.000000,nan,1000.000000,1035.762000
1,174.135300,-41.684200,17000.000000,0.170200,234.000000,74.900000,180.000000,nan,1000.000000,1035.762000
1,174.133500,-41.682200,18000.000000,0.162410,234.000000,74.900000,180.000000,nan,1000.000000,1035.762000
1,174.131700,-41.680200,19000.000000,0.148750,234.000000,74.900000,180.000000,nan,1000.000000,1035.762000
1,174.129900,-41.678200,20000.000000,0.130090,234.000000,74.900000,180.000000,nan,1000.000000,1035.762000
1,174.128100,-41.676200,21000.000000,0.107500,234.000000,74.900000,180.000000,nan,1000.000000,1035.762000
1,174.126300,-41.674200,22000.000000,0.082160,234.000000,74.900000,180.000000,nan,1000.000000,1035.762000
1,174.124500,-41.672100,23000.000000,0.055200,234.000000,74.900000,180.000000,nan,1000.000000,1035.762000
1,174.122600,-41.670100,24000.000000,0.027610,234.000000,74.900000,180.000000,nan,1000.000000,1035.762000
1,174.156200,-41.723500,0.000000,0.000000,234.000000,74.900000,180.000000,nan,1000.000000,1035.762000
1,174.154400,-41.721500,1000.000000,0.000000,234.000000,74.900000,180.000000,nan,1000.000000,1035.762000
1,174.152500,-41.719500,2000.000000,0.000000,234.000000,74.900000,180.000000,nan,1000.000000,1035.762000
1,174.150700,-41.717400,3000.000000,0.000000,234.000000,74.900000,180.000000,nan,1000.000000,1035.762000
1,174.148900,-41.715400,4000.000000,0.000000,234.000000,74.900000,180.000000,nan,1000.000000,1035.762000
1,174.147100,-41.713400,5000.000000,0.000000,234.000000,74.900000,180.000000,nan,1000.000000,1035.762000
1,174.145300,-41.711400,6000.000000,0.000000,234.000000,74.900000,180.000000,nan,1000.000000,1035.762000
1,174.143500,-41.709400,7000.000000,0.002460,234.000000,74.900000,180.000000,nan,1000.000000,1035.762000
1,174.141700,-41.707400,8000.000000,0.009510,234.000000,74.900000,180.000000,nan,1000.000000,1035.762000
1,174.139900,-41.705400,9000.000000,0.021230,234.000000,74.900000,180.000000,nan,1000.000000,1035.762000
1,174.138000,-41.703300,10000.000000,0.036600,234.000000,74.900000,180.000000,nan,1000.000000,1035.762000
1,174.136200,-41.701300,11000.000000,0.054040,234.000000,74.900000,180.000000,nan,1000.000000,1035.762000
1,174.134400,-41.699300,12000.000000,0.071740,234.000000,74.900000,180.000000,nan,1000.000000,1035.762000
1,174.132600,-41.697300,13000.000000,0.088000,234.000000,74.900000,180.000000,nan,1000.000000,1035.762000
1,174.130800,-41.695300,14000.000000,0.101360,234.000000,74.900000,180.000000,nan,1000.000000,1035.762000
1,174.129000,-41.693300,15000.000000,0.110750,234.000000,74.900000,180.000000,nan,1000.000000,1035.762000
1,174.127200,-41.691300,16000.000000,0.115500,234.000000,74.900000,180.000000,nan,1000.000000,1035.762000
1,174.125400,-41.689300,17000.000000,0.115340,234.000000,74.900000,180.000000,nan,1000.000000,1035.762000
1,174.123600,-41.687200,18000.000000,0.110380,234.000000,74.900000,180.000000,nan,1000.000000,1035.762000
1,174.121700,-41.685200,19000.000000,0.101080,234.000000,74.900000,180.000000,nan,1000.000000,1035.762000
1,174.119900,-41.683200,20000.000000,0.088140,234.000000,74.900000,180.000000,nan,1000.000000,1035.762000
1,174.118100,-41.681200,21000.000000,0.072440,234.000000,74.900000,180.000000,nan,1000.000000,1035.762000
1,174.116300,-41.679200,22000.000000,0.054950,234.000000,74.900000,180.000000,nan,1000.000000,1035.762000
1,174.114500,-41.677200,23000.000000,0.036600,234.000000,74.900000,180.000000,nan,1000.000000,1035.762000
1,174.112700,-41.675200,24000.000000,0.018160,234.000000,74.900000,180.000000,nan,1000.000000,1035.762000
1,174.146200,-41.728500,0.000000,0.000000,234.000000,74.900000,180.000000,nan,1000.000000,1035.762000
1,174.144400,-41.726500,1000.000000,0.000000,234.000000,74.900000,180.000000,nan,1000.000000,1035.762000
1,174.142600,-41.724500,2000.000000,0.000000,234.000000,74.900000,180.000000,nan,1000.000000,1035.762000
1,174.140800,-41.722500,3000.000000,0.000000,234.000000,74.900000,180.000000,nan,1000.000000,1035.762000
1,174.139000,-41.720500,4000.000000,0.000000,234.000000,74.900000,180.000000,nan,1000.000000,1035.762000
1,174.137100,-41.718400,5000.000000,0.000000,234.000000,74.900000,180.000000,nan,1000.000000,1035.762000
1,174.135300,-41.716400,6000.000000,0.000000,234.000000,74.900000,180.000000,nan,1000.000000,1035.762000
1,174.133500,-41.714400,7000.000000,0.000000,234.000000,74.900000,180.000000,nan,1000.000000,1035.762000
1,174.131700,-41.712400,8000.000000,0.002030,234.000000,74.900000,180.000000,nan,1000.000000,1035.762000
1,174.129900,-41.710400,9000.000000,0.007300,234.000000,74.900000,180.000000,nan,1000.000000,1035.762000
1,174.128100,-41.708400,10000.000000,0.015720,234.000000,74.900000,180.000000,nan,1000.000000,1035.762000
1,174.126300,-41.706400,11000.000000,0.026420,234.000000,74.900000,180.000000,nan,1000.000000,1035.762000
1,174.124500,-41.704400,12000.000000,0.038060,234.000000,74.900000,180.000000,nan,1000.000000,1035.762000
1,174.122700,-41.702300,13000.000000,0.049310,234.000000,74.900000,180.000000,nan,1000.000000,1035.762000
1,174.120800,-41.700300,14000.000000,0.058980,234.000000,74.900000,180.000000,nan,1000.000000,1035.762000
1,174.119000,-41.698300,15000.000000,0.066140,234.000000,74.900000,180.000000,nan,1000.000000,1035.762000
1,174.117200,-41.696300,16000.000000,0.070160,234.000000,74.900000,180.000000,nan,1000.000000,1035.762000
1,174.115400,-41.694300,17000.000000,0.070790,234.000000,74.900000,180.000000,nan,1000.000000,1035.762000
1,174.113600,-41.692300,18000.000000,0.068060,234.000000,74.900000,180.000000,nan,1000.000000,1035.762000
1,174.111800,-41.690300,19000.000000,0.062310,234.000000,74.900000,180.000000,nan,1000.000000,1035.762000
1,174.110000,-41.688200,20000.000000,0.054070,234.000000,74.900000,180.000000,nan,1000.000000,1035.762000
1,174.108200,-41.686200,21000.000000,0.044040,234.000000,74.900000,180.000000,nan,1000.000000,1035.762000
1,174.106400,-41.684200,22000.000000,0.032980,234.000000,74.900000,180.000000,nan,1000.000000,1035.762000
1,174.104500,-41.682200,23000.000000,0.021630,234.000000,74.900000,180.000000,nan,1000.000000,1035.762000
1,174.102700,-41.680200,24000.000000,0.010570,234.000000,74.900000,180.000000,nan,1000.000000,1035.762000
1,174.136200,-41.733500,0.000000,0.000000,234.000000,74.900000,180.000000,nan,1000.000000,1035.762000
1,174.134400,-41.731500,1000.000000,0.000000,234.000000,74.900000,180.000000,nan,1000.000000,1035.762000
1,174.132600,-41.729500,2000.000000,0.000000,234.000000,74.900000,180.000000,nan,1000.000000,1035.762000
1,174.130800,-41.727500,3000.000000,0.000000,234.000000,74.900000,180.000000,nan,1000.000000,1035.762000
1,174.129000,-41.725500,4000.000000,0.000000,234.000000,74.900000,180.000000,nan,1000.000000,1035.762000
1,174.127200,-41.723500,5000.000000,0.000000,234.000000,74.900000,180.000000,nan,1000.000000,1035.762000
1,174.125400,-41.721500,6000.000000,0.000000,234.000000,74.900000,180.000000,nan,1000.000000,1035.762000
1,174.123600,-41.719500,7000.000000,0.000000,234.000000,74.900000,180.000000,nan,1000.000000,1035.762000
1,174.121800,-41.717400,8000.000000,0.000000,234.000000,74.900000,180.000000,nan,1000.000000,1035.762000
1,174.119900,-41.715400,9000.000000,0.000970,234.000000,74.900000,180.000000,nan,1000.000000,1035.762000
1,174.118100,-41.713400,10000.000000,0.004030,234.000000,74.900000,180.000000,nan,1000.000000,1035.762000
1,174.116300,-41.711400,11000.000000,0.009160,234.000000,74.900000,180.000000,nan,1000.000000,1035.762000
1,174.114500,-41.709400,12000.000000,0.015570,234.000000,74.900000,180.000000,nan,1000.000000,1035.762000
1,174.112700,-41.707400,13000.000000,0.022340,234.000000,74.900000,180.000000,nan,1000.000000,1035.762000
1,174.110900,-41.705400,14000.000000,0.028580,234.000000,74.900000,180.000000,nan,1000.000000,1035.762000
1,174.109100,-41.703300,15000.000000,0.033510,234.000000,74.900000,180.000000,nan,1000.000000,1035.762000
1,174.107300,-41.701300,16000.000000,0.036580,234.000000,74.900000,180.000000,nan,1000.000000,1035.762000
1,174.105400,-41.699300,17000.000000,0.037530,234.000000,74.900000,180.000000,nan,1000.000000,1035.762000
1,174.103600,-41.697300,18000.000000,0.036350,234.000000,74.900000,180.000000,nan,1000.000000,1035.762000
1,174.101800,-41.695300,19000.000000,0.033250,234.000000,74.900000,180.000000,nan,1000.000000,1035.762000
1,174.100000,-41.693300,20000.000000,0.028610,234.000000,74.900000,180.000000,nan,1000.000000,1035.762000
1,174.098200,-41.691300,21000.000000,0.022930,234.000000,74.900000,180.000000,nan,1000.000000,1035.762000
1,174.096400,-41.689200,22000.000000,0.016760,234.000000,74.900000,180.000000,nan,1000.000000,1035.762000
1,174.094600,-41.687200,23000.000000,0.010660,234.000000,74.900000,180.000000,nan,1000.000000,1035.762000
1,174.092800,-41.685200,24000.000000,0.005040,234.000000,74.900000,180.000000,nan,1000.000000,1035.762000
1,174.126300,-41.738600,0.000000,0.000000,234.000000,74.900000,180.000000,nan,1000.000000,1035.762000
1,174.124500,-41.736600,1000.000000,0.000000,234.000000,74.900000,180.000000,nan,1000.000000,1035.762000
1,174.122700,-41.734600,2000.000000,0.000000,234.000000,74.900000,180.000000,nan,1000.000000,1035.762000
1,174.120800,-41.732500,3000.000000,0.000000,234.000000,74.900000,180.000000,nan,1000.000000,1035.762000
1,174.119000,-41.730500,4000.000000,0.000000,234.000000,74.900000,180.000000,nan,1000.000000,1035.762000
1,174.117200,-41.728500,5000.000000,0.000000,234.000000,74.900000,180.000000,nan,1000.000000,1035.762000
1,174.115400,-41.726500,6000.000000,0.000000,234.000000,74.900000,180.000000,nan,1000.000000,1035.762000
1,174.113600,-41.724500,7000.000000,0.000000,234.000000,74.900000,180.000000,nan,1000.000000,1035.762000
1,174.111800,-41.722500,8000.000000,0.000000,234.000000,74.900000,180.000000,nan,1000.000000,1035.762000
1,174.110000,-41.720500,9000.000000,0.000000,234.000000,74.900000,180.000000,nan,1000.000000,1035.762000
1,174.108200,-41.718400,10000.000000,0.000000,234.000000,74.900000,180.000000,nan,1000.000000,1035.762000
1,174.106400,-41.716400,11000.000000,0.001330,234.000000,74.900000,180.000000,nan,1000.000000,1035.762000
1,174.104500,-41.714400,12000.000000,0.003690,234.000000,74.900000,180.000000,nan,1000.000000,1035.762000
1,174.102700,-41.712400,13000.000000,0.006750,234.000000,74.900000,180.000000,nan,1000.000000,1035.762000
1,174.100900,-41.710400,14000.000000,0.010010,234.000000,74.900000,180.000000,nan,1000.000000,1035.762000
1,174.099100,-41.708400,15000.000000,0.012830,234.000000,74.900000,180.000000,nan,1000.000000,1035.762000
1,174.097300,-41.706400,16000.000000,0.014780,234.000000,74.900000,180.000000,nan,1000.000000,1035.762000
1,174.095500,-41.704300,17000.000000,0.015610,234.000000,74.900000,180.000000,nan,1000.000000,1035.762000
1,174.093700,-41.702300,18000.000000,0.015300,234.000000,74.900000,180.000000,nan,1000.000000,1035.762000
1,174.091900,-41.700300,19000.000000,0.013970,234.000000,74.900000,180.000000,nan,1000.000000,1035.762000
1,174.090100,-41.698300,20000.000000,0.011830,234.000000,74.900000,180.000000,nan,1000.000000,1035.762000
1,174.088200,-41.696300,21000.000000,0.009180,234.000000,74.900000,180.000000,nan,1000.000000,1035.762000
1,174.086400,-41.694300,22000.000000,0.006370,234.000000,74.900000,180.000000,nan,1000.000000,1035.762000
1,174.084600,-41.692300,23000.000000,0.003750,234.000000,74.900000,180.000000,nan,1000.000000,1035.762000
1,174.082800,-41.690200,24000.000000,0.001610,234.000000,74.900000,180.000000,nan,1000.000000,1035.762000
1,174.116300,-41.743600,0.000000,0.000000,234.000000,74.900000,180.000000,nan,1000.000000,1035.762000
1,174.114500,-41.741600,1000.000000,0.000000,234.000000,74.900000,180.000000,nan,1000.000000,1035.762000
1,174.112700,-41.739600,2000.000000,0.000000,234.000000,74.900000,180.000000,nan,1000.000000,1035.762000
1,174.110900,-41.737600,3000.000000,0.000000,234.000000,74.900000,180.000000,nan,1000.000000,1035.762000
1,174.109100,-41.735600,4000.000000,0.000000,234.000000,74.900000,180.000000,nan,1000.000000,1035.762000
1,174.107300,-41.733500,5000.000000,0.000000,234.000000,74.900000,180.000000,nan,1000.000000,1035.762000
1,174.105400,-41.731500,6000.000000,0.000000,234.000000,74.900000,180.000000,nan,1000.000000,1035.762000
1,174.103600,-41.729500,7000.000000,0.000000,234.000000,74.900000,180.000000,nan,1000.000000,1035.762000
1,174.101800,-41.727500,8000.000000,0.000000,234.000000,74.900000,180.000000,nan,1000.000000,1035.762000
1,174.100000,-41.725500,9000.000000,0.000000,234.000000,74.900000,180.000000,nan,1000.000000,1035.762000
1,174.098200,-41.723500,10000.000000,0.000000,234.000000,74.900000,180.000000,nan,1000.000000,1035.762000
1,174.096400,-41.721500,11000.000000,0.000000,234.000000,74.900000,180.000000,nan,1000.000000,1035.762000
1,174.094600,-41.719400,12000.000000,0.000000,234.000000,74.900000,180.000000,nan,1000.000000,1035.762000
1,174.092800,-41.717400,13000.000000,0.000560,234.000000,74.900000,180.000000,nan,1000.000000,1035.762000
1,174.091000,-41.715400,14000.000000,0.001590,234.000000,74.900000,180.000000,nan,1000.000000,1035.762000
1,174.089100,-41.713400,15000.000000,0.002670,234.000000,74.900000,180.000000,nan,1000.000000,1035.762000
1,174.087300,-41.711400,16000.000000,0.003490,234.000000,74.900000,180.000000,nan,1000.000000,1035.762000
1,174.085500,-41.709400,17000.000000,0.003920,234.000000,74.900000,180.000000,nan,1000.000000,1035.762000
1,174.083700,-41.707400,18000.000000,0.003930,234.000000,74.900000,180.000000,nan,1000.000000,1035.762000
1,174.081900,-41.705300,19000.000000,0.003560,234.000000,74.900000,180.000000,nan,1000.000000,1035.762000
1,174.080100,-41.703300,20000.000000,0.002910,234.000000,74.900000,180.000000,nan,1000.000000,1035.762000
1,174.078300,-41.701300,21000.000000,0.002090,234.000000,74.900000,180.000000,nan,1000.000000,1035.762000
1,174.076500,-41.699300,22000.000000,0.001250,234.000000,74.900000,180.000000,nan,1000.000000,1035.762000
1,174.074700,-41.697300,23000.000000,0.000550,234.000000,74.900000,180.000000,nan,1000.000000,1035.762000
1,174.072900,-41.695300,24000.000000,0.000110,234.000000,74.900000,180.000000,nan,1000.000000,1035.762000
1,174.106400,-41.748600,0.000000,0.000000,234.000000,74.900000,180.000000,nan,1000.000000,1035.762000
1,174.104500,-41.746600,1000.000000,0.000000,234.000000,74.900000,180.000000,nan,1000.000000,1035.762000
1,174.102700,-41.744600,2000.000000,0.000000,234.000000,74.900000,180.000000,nan,1000.000000,1035.762000
1,174.100900,-41.742600,3000.000000,0.000000,234.000000,74.900000,180.000000,nan,1000.000000,1035.762000
1,174.099100,-41.740600,4000.000000,0.000000,234.000000,74.900000,180.000000,nan,1000.000000,1035.762000
1,174.097300,-41.738600,5000.000000,0.000000,234.000000,74.900000,180.000000,nan,1000.000000,1035.762000
1,174.095500,-41.736600,6000.000000,0.000000,234.000000,74.900000,180.000000,nan,1000.000000,1035.762000
1,174.093700,-41.734500,7000.000000,0.000000,234.000000,74.900000,180.000000,nan,1000.000000,1035.762000
1,174.091900,-41.732500,8000.000000,0.000000,234.000000,74.900000,180.000000,nan,1000.000000,1035.762000
1,174.090000,-41.730500,9000.000000,0.000000,234.000000,74.900000,180.000000,nan,1000.000000,1035.762000
1,174.088200,-41.728500,10000.000000,0.000000,234.000000,74.900000,180.000000,nan,1000.000000,1035.762000
1,174.086400,-41.726500,11000.000000,0.000000,234.000000,74.900000,180.000000,nan,1000.000000,1035.762000
1,174.084600,-41.724500,12000.000000,0.000000,234.000000,74.900000,180.000000,nan,1000.000000,1035.762000
1,174.082800,-41.722500,13000.000000,0.000000,234.000000,74.900000,180.000000,nan,1000.000000,1035.762000
1,174.081000,-41.720400,14000.000000,0.000000,234.000000,74.900000,180.000000,nan,1000.000000,1035.762000
1,174.079200,-41.718400,15000.000000,0.000000,234.000000,74.900000,180.000000,nan,1000.000000,1035.762000
1,174.077400,-41.716400,16000.000000,0.000000,234.000000,74.900000,180.000000,nan,1000.000000,1035.762000
1,174.075600,-41.714400,17000.000000,0.000000,234.000000,74.900000,180.000000,nan,1000.000000,1035.762000
1,174.073800,-41.712400,18000.000000,0.000000,234.000000,74.900000,180.000000,nan,1000.000000,1035.762000
1,174.071900,-41.710400,19000.000000,0.000000,234.000000,74.900000,180.000000,nan,1000.000000,1035.762000
1,174.070100,-41.708400,20000.000000,0.000000,234.000000,74.900000,180.000000,nan,1000.000000,1035.762000
1,174.068300,-41.706300,21000.000000,0.000000,234.000000,74.900000,180.000000,nan,1000.000000,1035.762000
1,174.066500,-41.704300,22000.000000,0.000000,234.000000,74.900000,180.000000,nan,1000.000000,1035.762000
1,174.064700,-41.702300,23000.000000,0.000000,234.000000,74.900000,180.000000,nan,1000.000000,1035.762000
1,174.062900,-41.700300,24000.000000,0.000000,234.000000,74.900000,180.000000,nan,1000.000000,1035.762000
1,174.096400,-41.753700,0.000000,0.000000,234.000000,74.900000,180.000000,nan,1000.000000,1035.762000
1,174.094600,-41.751700,1000.000000,0.000000,234.000000,74.900000,180.000000,nan,1000.000000,1035.762000
1,174.092800,-41.749600,2000.000000,0.000000,234.000000,74.900000,180.000000,nan,1000.000000,1035.762000
1,174.090900,-41.747600,3000.000000,0.000000,234.000000,74.900000,180.000000,nan,1000.000000,1035.762000
1,174.089100,-41.745600,4000.000000,0.000000,234.000000,74.900000,180.000000,nan,1000.000000,1035.762000
1,174.087300,-41.743600,5000.000000,0.000000,234.000000,74.900000,180.000000,nan,1000.000000,1035.762000
1,174.085500,-41.741600,6000.000000,0.000000,234.000000,74.900000,180.000000,nan,1000.000000,1035.762000
1,174.083700,-41.739600,7000.000000,0.000000,234.000000,74.900000,180.000000,nan,1000.000000,1035.762000
1,174.081900,-41.737600,8000.000000,0.000000,234.000000,74.900000,180.000000,nan,1000.000000,1035.762000
1,174.080100,-41.735500,9000.000000,0.000000,234.000000,74.900000,180.000000,nan,1000.000000,1035.762000
1,174.078300,-41.733500,10000.000000,0.000000,234.000000,74.900000,180.000000,nan,1000.000000,1035.762000
1,174.076500,-41.731500,11000.000000,0.000000,234.000000,74.900000,180.000000,nan,1000.000000,1035.762000
1,174.074600,-41.729500,12000.000000,0.000000,234.000000,74.900000,180.000000,nan,1000.000000,1035.762000
1,174.072800,-41.727500,13000.000000,0.000000,234.000000,74.900000,180.000000,nan,1000.000000,1035.762000
1,174.071000,-41.725500,14000.000000,0.000000,234.000000,74.900000,180.000000,nan,1000.000000,1035.762000
1,174.069200,-41.723500,15000.000000,0.000000,234.000000,74.900000,180.000000,nan,1000.000000,1035.762000
1,174.067400,-41.721400,16000.000000,0.000000,234.000000,74.900000,180.000000,nan,1000.000000,1035.762000
1,174.065600,-41.719400,17000.000000,0.000000,234.000000,74.900000,180.000000,nan,1000.000000,1035.762000
1,174.063800,-41.717400,18000.000000,0.000000,234.000000,74.900000,180.000000,nan,1000.000000,1035.762000
1,174.062000,-41.715400,19000.000000,0.000000,234.000000,74.900000,180.000000,nan,1000.000000,1035.762000
1,174.060200,-41.713400,20000.000000,0.000000,234.000000,74.900000,180.000000,nan,1000.000000,1035.762000
1,174.058400,-41.711400,21000.000000,0.000000,234.000000,74.900000,180.000000,nan,1000.000000,1035.762000
1,174.056500,-41.709400,22000.000000,0.000000,234.000000,74.900000,180.000000,nan,1000.000000,1035.762000
1,174.054700,-41.707300,23000.000000,0.000000,234.000000,74.900000,180.000000,nan,1000.000000,1035.762000
1,174.052900,-41.705300,24000.000000,0.000000,234.000000,74.900000,180.000000,nan,1000.000000,1035.762000
1,174.086400,-41.758700,0.000000,0.000000,234.000000,74.900000,180.000000,nan,1000.000000,1035.762000
1,174.084600,-41.756700,1000.000000,0.000000,234.000000,74.900000,180.000000,nan,1000.000000,1035.762000
1,174.082800,-41.754700,2000.000000,0.000000,234.000000,74.900000,180.000000,nan,1000.000000,1035.762000
1,174.081000,-41.752700,3000.000000,0.000000,234.000000,74.900000,180.000000,nan,1000.000000,1035.762000
1,174.079200,-41.750600,4000.000000,0.000000,234.000000,74.900000,180.000000,nan,1000.000000,1035.762000
1,174.077400,-41.748600,5000.000000,0.000000,234.000000,74.900000,180.000000,nan,1000.000000,1035.762000
1,174.075500,-41.746600,6000.000000,0.000000,234.000000,74.900000,180.000000,nan,1000.000000,1035.762000
1,174.073700,-41.744600,7000.000000,0.000000,234.000000,74.900000,180.000000,nan,1000.000000,1035.762000
1,174.071900,-41.742600,8000.000000,0.000000,234.000000,74.900000,180.000000,nan,1000.000000,1035.762000
1,174.070100,-41.740600,9000.000000,0.000000,234.000000,74.900000,180.000000,nan,1000.000000,1035.762000
1,174.068300,-41.738600,10000.000000,0.000000,234.000000,74.900000,180.000000,nan,1000.000000,1035.762000
1,174.066500,-41.736500,11000.000000,0.000000,234.000000,74.900000,180.000000,nan,1000.000000,1035.762000
1,174.064700,-41.734500,12000.000000,0.000000,234.000000,74.900000,180.000000,nan,1000.000000,1035.762000
1,174.062900,-41.732500,13000.000000,0.000000,234.000000,74.900000,180.000000,nan,1000.000000,1035.762000
1,174.061100,-41.730500,14000.000000,0.000000,234.000000,74.900000,180.000000,nan,1000.000000,1035.762000
1,174.059300,-41.728500,15000.000000,0.000000,234.000000,74.900000,180.000000,nan,1000.000000,1035.762000
1,174.057400,-41.726500,16000.000000,0.000000,234.000000,74.900000,180.000000,nan,1000.000000,1035.762000
1,174.055600,-41.724500,17000.000000,0.000000,234.000000,74.900000,180.000000,nan,1000.000000,1035.762000
1,174.053800,-41.722400,18000.000000,0.000000,234.000000,74.900000,180.000000,nan,1000.000000,1035.762000
1,174.052000,-41.720400,19000.000000,0.000000,234.000000,74.900000,180.000000,nan,1000.000000,1035.762000
1,174.050200,-41.718400,20000.000000,0.000000,234.000000,74.900000,180.000000,nan,1000.000000,1035.762000
1,174.048400,-41.716400,21000.000000,0.000000,234.000000,74.900000,180.000000,nan,1000.000000,1035.762000
1,174.046600,-41.714400,22000.000000,0.000000,234.000000,74.900000,180.000000,nan,1000.000000,1035.762000
1,174.044800,-41.712400,23000.000000,0.000000,234.000000,74.900000,180.000000,nan,1000.000000,1035.762000
1,174.043000,-41.710300,24000.000000,0.000000,234.000000,74.900000,180.000000,nan,1000.000000,1035.762000
1,174.076400,-41.763700,0.000000,0.000000,234.000000,74.900000,180.000000,nan,1000.000000,1035.762000
1,174.074600,-41.761700,1000.000000,0.000000,234.000000,74.900000,180.000000,nan,1000.000000,1035.762000
1,174.072800,-41.759700,2000.000000,0.000000,234.000000,74.900000,180.000000,nan,1000.000000,1035.762000
1,174.071000,-41.757700,3000.000000,0.000000,234.000000,74.900000,180.000000,nan,1000.000000,1035.762000
1,174.069200,-41.755700,4000.000000,0.000000,234.000000,74.900000,180.000000,nan,1000.000000,1035.762000
1,174.067400,-41.753700,5000.000000,0.000000,234.000000,74.900000,180.000000,nan,1000.000000,1035.762000
1,174.065600,-41.751600,6000.000000,0.000000,234.000000,74.900000,180.000000,nan,1000.000000,1035.762000
1,174.063800,-41.749600,7000.000000,0.000000,234.000000,74.900000,180.000000,nan,1000.000000,1035.762000
1,174.062000,-41.747600,8000.000000,0.000000,234.000000,74.900000,180.000000,nan,1000.000000,1035.762000
1,174.060100,-41.745600,9000.000000,0.000000,234.000000,74.900000,180.000000,nan,1000.000000,1035.762000
1,174.058300,-41.743600,10000.000000,0.000000,234.000000,74.900000,180.000000,nan,1000.000000,1035.762000
1,174.056500,-41.741600,11000.000000,0.000000,234.000000,74.900000,180.000000,nan,1000.000000,1035.762000
1,174.054700,-41.739500,12000.000000,0.000000,234.000000,74.900000,180.000000,nan,1000.000000,1035.762000
1,174.052900,-41.737500,13000.000000,0.000000,234.000000,74.900000,180.000000,nan,1000.000000,1035.762000
1,174.051100,-41.735500,14000.000000,0.000000,234.000000,74.900000,180.000000,nan,1000.000000,1035.762000
1,174.049300,-41.733500,15000.000000,0.000000,234.000000,74.900000,180.000000,nan,1000.000000,1035.762000
1,174.047500,-41.731500,16000.000000,0.000000,234.000000,74.900000,180.000000,nan,1000.000000,1035.762000
1,174.045700,-41.729500,17000.000000,0.000000,234.000000,74.900000,180.000000,nan,1000.000000,1035.762000
1,174.043900,-41.727500,18000.000000,0.000000,234.000000,74.900000,180.000000,nan,1000.000000,1035.762000
1,174.042000,-41.725400,19000.000000,0.000000,234.000000,74.900000,180.000000,nan,1000.000000,1035.762000
1,174.040200,-41.723400,20000.000000,0.000000,234.000000,74.900000,180.000000,nan,1000.000000,1035.762000
1,174.038400,-41.721400,21000.000000,0.000000,234.000000,74.900000,180.000000,nan,1000.000000,1035.762000
1,174.036600,-41.719400,22000.000000,0.000000,234.000000,74.900000,180.000000,nan,1000.000000,1035.762000
1,174.034800,-41.717400,23000.000000,0.000000,234.000000,74.900000,180.000000,nan,1000.000000,1035.762000
1,174.033000,-41.715400,24000.000000,0.000000,234.000000,74.900000,180.000000,nan,1000.000000,1035.762000
1,174.066500,-41.768800,0.000000,0.000000,234.000000,74.900000,180.000000,nan,1000.000000,1035.762000
1,174.064700,-41.766700,1000.000000,0.000000,234.000000,74.900000,180.000000,nan,1000.000000,1035.762000
1,174.062800,-41.764700,2000.000000,0.000000,234.000000,74.900000,180.000000,nan,1000.000000,1035.762000
1,174.061000,-41.762700,3000.000000,0.000000,234.000000,74.900000,180.000000,nan,1000.000000,1035.762000
1,174.059200,-41.760700,4000.000000,0.000000,234.000000,74.900000,180.000000,nan,1000.000000,1035.762000
1,174.057400,-41.758700,5000.000000,0.000000,234.000000,74.900000,180.000000,nan,1000.000000,1035.762000
1,174.055600,-41.756700,6000.000000,0.000000,234.000000,74.900000,180.000000,nan,1000.000000,1035.762000
1,174.053800,-41.754600,7000.000000,0.000000,234.000000,74.900000,180.000000,nan,1000.000000,1035.762000
1,174.052000,-41.752600,8000.000000,0.000000,234.000000,74.900000,180.000000,nan,1000.000000,1035.762000
1,174.050200,-41.750600,9000.000000,0.000000,234.000000,74.900000,180.000000,nan,1000.000000,1035.762000
1,174.048400,-41.748600,10000.000000,0.000000,234.000000,74.900000,180.000000,nan,1000.000000,1035.762000
1,174.046600,-41.746600,11000.000000,0.000000,234.000000,74.900000,180.000000,nan,1000.000000,1035.762000
1,174.044700,-41.744600,12000.000000,0.000000,234.000000,74.900000,180.000000,nan,1000.000000,1035.762000
1,174.042900,-41.742600,13000.000000,0.000000,234.000000,74.900000,180.000000,nan,1000.000000,1035.762000
1,174.041100,-41.740500,14000.000000,0.000000,234.000000,74.900000,180.000000,nan,1000.000000,1035.762000
1,174.039300,-41.738500,15000.000000,0.000000,234.000000,74.900000,180.000000,nan,1000.000000,1035.762000
1,174.037500,-41.736500,16000.000000,0.000000,234.000000,74.900000,180.000000,nan,1000.000000,1035.762000
1,174.035700,-41.734500,17000.000000,0.000000,234.000000,74.900000,180.000000,nan,1000.000000,1035.762000
1,174.033900,-41.732500,18000.000000,0.000000,234.000000,74.900000,180.000000,nan,1000.000000,1035.762000
1,174.032100,-41.730500,19000.000000,0.000000,234.000000,74.900000,180.000000,nan,1000.000000,1035.762000
1,174.030300,-41.728500,20000.000000,0.000000,234.000000,74.900000,180.000000,nan,1000.000000,1035.762000
1,174.028500,-41.726400,21000.000000,0.000000,234.000000,74.900000,180.000000,nan,1000.000000,1035.762000
1,174.026600,-41.724400,22000.000000,0.000000,234.000000,74.900000,180.000000,nan,1000.000000,1035.762000
1,174.024800,-41.722400,23000.000000,0.000000,234.000000,74.900000,180.000000,nan,1000.000000,1035.762000
1,174.023000,-41.720400,24000.000000,0.000000,234.000000,74.900000,180.000000,nan,1000.000000,1035.762000
1,174.056500,-41.773800,0.000000,0.000000,234.000000,74.900000,180.000000,nan,1000.000000,1035.762000
1,174.054700,-41.771800,1000.000000,0.000000,234.000000,74.900000,180.000000,nan,1000.000000,1035.762000
1,174.052900,-41.769700,2000.000000,0.000000,234.000000,74.900000,180.000000,nan,1000.000000,1035.762000
1,174.051100,-41.767700,3000.000000,0.000000,234.000000,74.900000,180.000000,nan,1000.000000,1035.762000
1,174.049300,-41.765700,4000.000000,0.000000,234.000000,74.900000,180.000000,nan,1000.000000,1035.762000
1,174.047400,-41.763700,5000.000000,0.000000,234.000000,74.900000,180.000000,nan,1000.000000,1035.762000
1,174.045600,-41.761700,6000.000000,0.000000,234.000000,74.900000,180.000000,nan,1000.000000,1035.762000
1,174.043800,-41.759700,7000.000000,0.000000,234.000000,74.900000,180.000000,nan,1000.000000,1035.762000
1,174.042000,-41.757700,8000.000000,0.000000,234.000000,74.900000,180.000000,nan,1000.000000,1035.762000
1,174.040200,-41.755600,9000.000000,0.000000,234.000000,74.900000,180.000000,nan,1000.000000,1035.762000
1,174.038400,-41.753600,10000.000000,0.000000,234.000000,74.900000,180.000000,nan,1000.000000,1035.762000
1,174.036600,-41.751600,11000.000000,0.000000,234.000000,74.900000,180.000000,nan,1000.000000,1035.762000
1,174.034800,-41.749600,12000.000000,0.000000,234.000000,74.900000,180.000000,nan,1000.000000,1035.762000
1,174.033000,-41.747600,13000.000000,0.000000,234.000000,74.900000,180.000000,nan,1000.000000,1035.762000
1,174.031200,-41.745600,14000.000000,0.000000,234.000000,74.900000,180.000000,nan,1000.000000,1035.762000
1,174.029300,-41.743600,15000.000000,0.000000,234.000000,74.900000,180.000000,nan,1000.000000,1035.762000
1,174.027500,-41.741500,16000.000000,0.000000,234.000000,74.900000,180.000000,nan,1000.000000,1035.762000
1,174.025700,-41.739500,17000.000000,0.000000,234.000000,74.900000,180.000000,nan,1000.000000,1035.762000
1,174.023900,-41.737500,18000.000000,0.000000,234.000000,74.900000,180.000000,nan,1000.000000,1035.762000
1,174.022100,-41.735500,19000.000000,0.000000,234.000000,74.900000,180.000000,nan,1000.000000,1035.762000
1,174.020300,-41.733500,20000.000000,0.000000,234.000000,74.900000,180.000000,nan,1000.000000,1035.762000
1,174.018500,-41.731500,21000.000000,0.000000,234.000000,74.900000,180.000000,nan,1000.000000,1035.762000
1,174.016700,-41.729400,22000.000000,0.000000,234.000000,74.900000,180.000000,nan,1000.000000,1035.762000
1,174.014900,-41.727400,23000.000000,0.000000,234.000000,74.900000,180.000000,nan,1000.000000,1035.762000
1,174.013100,-41.725400,24000.000000,0.000000,234.000000,74.900000,180.000000,nan,1000.000000,1035.762000
1,174.046500,-41.778800,0.000000,0.000000,234.000000,74.900000,180.000000,nan,1000.000000,1035.762000
1,174.044700,-41.776800,1000.000000,0.000000,234.000000,74.900000,180.000000,nan,1000.000000,1035.762000
1,174.042900,-41.774800,2000.000000,0.000000,234.000000,74.900000,180.000000,nan,1000.000000,1035.762000
1,174.041100,-41.772800,3000.000000,0.000000,234.000000,74.900000,180.000000,nan,1000.000000,1035.762000
1,174.039300,-41.770700,4000.000000,0.000000,234.000000,74.900000,180.000000,nan,1000.000000,1035.762000
1,174.037500,-41.768700,5000.000000,0.000000,234.000000,74.900000,180.000000,nan,1000.000000,1035.762000
1,174.035700,-41.766700,6000.000000,0.000000,234.000000,74.900000,180.000000,nan,1000.000000,1035.762000
1,174.033800,-41.764700,7000.000000,0.000000,234.000000,74.900000,180.000000,nan,1000.000000,1035.762000
1,174.032000,-41.762700,8000.000000,0.000000,234.000000,74.900000,180.000000,nan,1000.000000,1035.762000
1,174.030200,-41.760700,9000.000000,0.000000,234.000000,74.900000,180.000000,nan,1000.000000,1035.762000
1,174.028400,-41.758700,10000.000000,0.000000,234.000000,74.900000,180.000000,nan,1000.000000,1035.762000
1,174.026600,-41.756600,11000.000000,0.000000,234.000000,74.900000,180.000000,nan,1000.000000,1035.762000
1,174.024800,-41.754600,12000.000000,0.000000,234.000000,74.900000,180.000000,nan,1000.000000,1035.762000
1,174.023000,-41.752600,13000.000000,0.000000,234.000000,74.900000,180.000000,nan,1000.000000,1035.762000
1,174.021200,-41.750600,14000.000000,0.000000,234.000000,74.900000,180.000000,nan,1000.000000,1035.762000
1,174.019400,-41.748600,15000.000000,0.000000,234.000000,74.900000,180.000000,nan,1000.000000,1035.762000
1,174.017600,-41.746600,16000.000000,0.000000,234.000000,74.900000,180.000000,nan,1000.000000,1035.762000
1,174.015700,-41.744500,17000.000000,0.000000,234.000000,74.900000,180.000000,nan,1000.000000,1035.762000
1,174.013900,-41.742500,18000.000000,0.000000,234.000000,74.900000,180.000000,nan,1000.000000,1035.762000
1,174.012100,-41.740500,19000.000000,0.000000,234.000000,74.900000,180.000000,nan,1000.000000,1035.762000
1,174.010300,-41.738500,20000.000000,0.000000,234.000000,74.900000,180.000000,nan,1000.000000,1035.762000
1,174.008500,-41.736500,21000.000000,0.000000,234.000000,74.900000,180.000000,nan,1000.000000,1035.762000
1,174.006700,-41.734500,22000.000000,0.000000,234.000000,74.900000,180.000000,nan,1000.000000,1035.762000
1,174.004900,-41.732500,23000.000000,0.000000,234.000000,74.900000,180.000000,nan,1000.000000,1035.762000
1,174.003100,-41.730400,24000.000000,0.000000,234.000000,74.900000,180.000000,nan,1000.000000,1035.762000
1,174.036500,-41.783800,0.000000,0.000000,234.000000,74.900000,180.000000,nan,1000.000000,1035.762000
1,174.034700,-41.781800,1000.000000,0.000000,234.000000,74.900000,180.000000,nan,1000.000000,1035.762000
1,174.032900,-41.779800,2000.000000,0.000000,234.000000,74.900000,180.000000,nan,1000.000000,1035.762000
1,174.031100,-41.777800,3000.000000,0.000000,234.000000,74.900000,180.000000,nan,1000.000000,1035.762000
1,174.029300,-41.775800,4000.000000,0.000000,234.000000,74.900000,180.000000,nan,1000.000000,1035.762000
1,174.027500,-41.773700,5000.000000,0.000000,234.000000,74.900000,180.000000,nan,1000.000000,1035.762000
1,174.025700,-41.771700,6000.000000,0.000000,234.000000,74.900000,180.000000,nan,1000.000000,1035.762000
1,174.023900,-41.769700,7000.000000,0.000000,234.000000,74.900000,180.000000,nan,1000.000000,1035.762000
1,174.022100,-41.767700,8000.000000,0.000000,234.000000,74.900000,180.000000,nan,1000.000000,1035.762000
1,174.020300,-41.765700,9000.000000,0.000000,234.000000,74.900000,180.000000,nan,1000.000000,1035.762000
1,174.018400,-41.763700,10000.000000,0.000000,234.000000,74.900000,180.000000,nan,1000.000000,1035.762000
1,174.016600,-41.761700,11000.000000,0.000000,234.000000,74.900000,180.000000,nan,1000.000000,1035.762000
1,174.014800,-41.759600,12000.000000,0.000000,234.000000,74.900000,180.000000,nan,1000.000000,1035.762000
1,174.013000,-41.757600,13000.000000,0.000000,234.000000,74.900000,180.000000,nan,1000.000000,1035.762000
1,174.011200,-41.755600,14000.000000,0.000000,234.000000,74.900000,180.000000,nan,1000.000000,1035.762000
1,174.009400,-41.753600,15000.000000,0.000000,234.000000,74.900000,180.000000,nan,1000.000000,1035.762000
1,174.007600,-41.751600,16000.000000,0.000000,234.000000,74.900000,180.000000,nan,1000.000000,1035.762000
1,174.005800,-41.749600,17000.000000,0.000000,234.000000,74.900000,180.000000,nan,1000.000000,1035.762000
1,174.004000,-41.747500,18000.000000,0.000000,234.000000,74.900000,180.000000,nan,1000.000000,1035.762000
1,174.002200,-41.745500,19000.000000,0.000000,234.000000,74.900000,180.000000,nan,1000.000000,1035.762000
1,174.000300,-41.743500,20000.000000,0.000000,234.000000,74.900000,180.000000,nan,1000.000000,1035.762000
1,173.998500,-41.741500,21000.000000,0.000000,234.000000,74.900000,180.000000,nan,1000.000000,1035.762000
1,173.996700,-41.739500,22000.000000,0.000000,234.000000,74.900000,180.000000,nan,1000.000000,1035.762000
1,173.994900,-41.737500,23000.000000,0.000000,234.000000,74.900000,180.000000,nan,1000.000000,1035.762000
1,173.993100,-41.735500,24000.000000,0.000000,234.000000,74.900000,180.000000,nan,1000.000000,1035.762000